﻿key_resp_15.keys,key_resp_15.rt,key_resp_4.keys,key_resp_4.rt,key_resp_17.keys,key_resp_17.rt,key_resp_2.keys,key_resp_2.rt,typedWord,mouse.x,mouse.y,mouse.leftButton,mouse.midButton,mouse.rightButton,mouse.clicked_name,trials.thisRepN,trials.thisTrialN,trials.thisN,trials.thisIndex,trials.ran,index,itemText,videoFile,itemPrompt,participant,session,date,expName,psychopyVersion,OS,frameRate,key_resp.keys,key_resp.rt,key_resp_3.keys,key_resp_3.rt,key_resp_5.keys,key_resp_5.rt,key_resp_7.keys,key_resp_7.rt,mouse_2.x,mouse_2.y,mouse_2.leftButton,mouse_2.midButton,mouse_2.rightButton,mouse_2.time,mouse_2.clicked_name,key_resp_8.keys,key_resp_8.rt,trials_2.thisRepN,trials_2.thisTrialN,trials_2.thisN,trials_2.thisIndex,trials_2.ran,imageFile,corrAns,mouse_4.x,mouse_4.y,mouse_4.leftButton,mouse_4.midButton,mouse_4.rightButton,mouse_4.clicked_name,key_resp_12.keys,key_resp_12.rt
space,2.7593,space,1.4305,space,1.133,space,3.1875, Sister in law Linda,-0.266927083,-0.166666667,1,0,0,Submit,0,0,0,0,1,1,"The next 2 sections are parts of a story told by Missy Keast. 
After each section you will be asked questions. 
Respond as best as you can. 
Press the space bar to continue.",MakingNoisePart1small.mp4,"Who did Missy go to the mall with? Please type your response below. If you are not sure, make your best guess.",C09,001,2022-04-11_14h39.25.499,ASLTestBattery1,2021.2.3,Win32,60.0024001,,,,,,,,,,,,,,,,,,,,,,,,,,,,,,,,
,,,,,,space,1.0606, Hearing people can hear everything in the bathroom while Deaf can not. The signer made so much noise while going to the bathroom that it sounded like Niagra Falls.,-0.399739583,-0.165364583,1,0,0,Submit,0,1,1,1,1,2,Press spacebar to continue,MakingNoisePart2small.mp4,"The title of this short story is - Making Noise. In 1-2 sentences, please explain why this title was chosen below. If you are not sure, make your best guess.",C09,001,2022-04-11_14h39.25.499,ASLTestBattery1,2021.2.3,Win32,60.0024001,,,,,,,,,,,,,,,,,,,,,,,,,,,,,,,,
,,,,,,space,1.8098, He has been teaching ASl for 2 years but also works for another company.,-0.3984375,-0.162760417,1,0,0,Submit,0,2,2,2,1,3,"The next few clips are parts of an interview conducted by Joel Barish and Jamil Haque. 
After each section you will be asked questions. 
Respond as best as you can. 
Press the space bar to continue.",DNInterviewBornInNYsmall.mp4,"What is Jamil's job? Please type your response below. If you are not sure, make your best guess.",C09,001,2022-04-11_14h39.25.499,ASLTestBattery1,2021.2.3,Win32,60.0024001,,,,,,,,,,,,,,,,,,,,,,,,,,,,,,,,
,,,,,,space,5.3019, Bangladesh,-0.360677083,-0.138020833,1,0,0,Submit,0,3,3,3,1,4,Press spacebar to continue,DNInterviewSignForBangladeshsmall.mp4,"Where was Jamil born? Please type your response below. If you are not sure, make your best guess.",C09,001,2022-04-11_14h39.25.499,ASLTestBattery1,2021.2.3,Win32,60.0024001,,,,,,,,,,,,,,,,,,,,,,,,,,,,,,,,
,,,,,,space,5.0122, Australia,-0.248697917,-0.143229167,1,0,0,Submit,0,4,4,4,1,5,"The next few clips are parts of an interview conducted by Melissa Keomoungkhoun, Amanda Kline, & Jenny Cooper. 
After each section you will be asked questions.
Respond as best as you can.
Press spacebar to continue.",SweetsAndDrinksPart1.mp4,Where was Melissa Born?,C09,001,2022-04-11_14h39.25.499,ASLTestBattery1,2021.2.3,Win32,60.0024001,,,,,,,,,,,,,,,,,,,,,,,,,,,,,,,,
,,,,,,space,0.9865, Date swirl cookie,-0.279947917,-0.13671875,1,0,0,Submit,0,5,5,5,1,6,Press spacebar to continue,SweetsAndDrinksPart2.mp4,What kind of cookie was shown in the video?,C09,001,2022-04-11_14h39.25.499,ASLTestBattery1,2021.2.3,Win32,60.0024001,,,,,,,,,,,,,,,,,,,,,,,,,,,,,,,,
,,,,,,,,,,,,,,,,,,,,2,,3BlackBlueBirthdaysmall.mp4,,C09,001,2022-04-11_14h39.25.499,ASLTestBattery1,2021.2.3,Win32,60.0024001,space,4.5277,space,1.5483,space,1.382,space,10.725,"[0.8059895833333334,-0.7994791666666666,-0.7526041666666666]","[0.3307291666666667,0.2981770833333333,-0.21484375]","[1,1,1]","[0,0,0]","[0,0,0]","[3.728899999976079,8.491200000047684,9.54720000004761]","[""flower"",""dog"",""balloon""]",space,3.9491,0,0,0,1,1,ASLCompStim2.jpg,,,,,,,,,
,,,,,,,,,,,,,,,,,,,,6,,3BlackFoodBirthdaysmall.mp4,,C09,001,2022-04-11_14h39.25.499,ASLTestBattery1,2021.2.3,Win32,60.0024001,,,,,,,space,8.5355,"[0.78125,0.032552083333333336,-0.7708333333333334]","[0.2630208333333333,0.11328125,-0.23958333333333334]","[1,1,1]","[0,0,0]","[0,0,0]","[4.331399999976156,5.8471999999285345,6.879899999976146]","[""flower"",""store"",""balloon""]",space,1.4341,0,1,1,5,1,ASLCompStim6.jpg,,,,,,,,,
,,,,,,,,,,,,,,,,,,,,4,,3BlondHospitalFoodsmall.mp4,,C09,001,2022-04-11_14h39.25.499,ASLTestBattery1,2021.2.3,Win32,60.0024001,,,,,,,space,8.9628,"[-0.2708333333333333,0.5260416666666666,-0.0234375]","[-0.06770833333333333,-0.17578125,0.12369791666666667]","[1,1,1]","[0,0,0]","[0,0,0]","[2.7033999999762273,6.616399999976238,7.948200000047677]","[""purse"",""hospital"",""store""]",space,1.158,0,2,2,3,1,ASLCompStim4.jpg,,,,,,,,,
,,,,,,,,,,,,,,,,,,,,3,,3BaldBirthdayHospitalsmall.mp4,,C09,001,2022-04-11_14h39.25.499,ASLTestBattery1,2021.2.3,Win32,60.0024001,,,,,,,space,4.8782,"[0.296875,-0.7955729166666666,0.5013020833333334]","[-0.0859375,-0.21484375,-0.13411458333333334]","[1,1,1]","[0,0,0]","[0,0,0]","[1.6648999999761145,2.895899999976109,3.9887999999523345]","[""bike"",""balloon"",""hospital""]",space,1.454,0,3,3,2,1,ASLCompStim3.jpg,,,,,,,,,
,,,,,,,,,,,,,,,,,,,,5,,3PonySnackBikesmall.mp4,,C09,001,2022-04-11_14h39.25.499,ASLTestBattery1,2021.2.3,Win32,60.0024001,,,,,,,space,3.8272,"[-0.7578125,-0.09895833333333333,0.2877604166666667]","[0.2708333333333333,0.15104166666666666,-0.052083333333333336]","[1,1,1]","[0,0,0]","[0,0,0]","[1.1926999999284362,2.174299999952268,3.1456999999285244]","[""dog"",""store"",""bike""]",space,0.6061,0,4,4,4,1,ASLCompStim5.jpg,,,,,,,,,
,,,,,,,,,,,,,,,,,,,,1,,3PonyCakeBirthdaysmall.mp4,,C09,001,2022-04-11_14h39.25.499,ASLTestBattery1,2021.2.3,Win32,60.0024001,,,,,,,space,3.9999,"[-0.7526041666666666,0.0625,-0.73828125]","[0.23697916666666666,0.10416666666666667,-0.25390625]","[1,1,1]","[0,0,0]","[0,0,0]","[1.518000000000029,2.3612000000476883,3.29950000000008]","[""dog"",""store"",""balloon""]",space,0.4346,0,5,5,0,1,ASLCompStim1.jpg,,,,,,,,,
,,,,,,,,,,,,,,,,,,,,,,,,C09,001,2022-04-11_14h39.25.499,ASLTestBattery1,2021.2.3,Win32,60.0024001,,,,,,,,,,,,,,,,,,,,,,,,,-0.313802083,-0.194010417,1,0,0,Yes,space,1.1896
