﻿key_resp_13.keys,key_resp_13.rt,key_resp_16.keys,key_resp_16.rt,key_resp_17.keys,key_resp_17.rt,mouse_5.x,mouse_5.y,mouse_5.leftButton,mouse_5.midButton,mouse_5.rightButton,mouse_5.clicked_name,typedWord,trials_4.thisRepN,trials_4.thisTrialN,trials_4.thisN,trials_4.thisIndex,trials_4.ran,index,videoFile,itemPrompt,participant,session,date,expName,psychopyVersion,OS,frameRate,key_resp_9.keys,key_resp_9.rt,key_resp_18.keys,key_resp_18.rt,resp.x,resp.y,resp.leftButton,resp.midButton,resp.rightButton,resp.clicked_name,MatchLoop.thisRepN,MatchLoop.thisTrialN,MatchLoop.thisN,MatchLoop.thisIndex,MatchLoop.ran,imageDrawn,corrAns,plausibility,match,animacy,mouse_4.x,mouse_4.y,mouse_4.leftButton,mouse_4.midButton,mouse_4.rightButton,mouse_4.clicked_name,key_resp_12.keys,key_resp_12.rt
space,3.0857,space,1.6792,space,0.8521,-0.08984375,-0.131510417,1,0,0,Submit1, feet,0,0,0,4,1,5,FSFeet.mp4,,C09,001,2022-04-11_22h00.06.466,ASLTestBattery2,2021.2.3,Win32,59.28033671,,,,,,,,,,,,,,,,,,,,,,,,,,,,
,,,,,,-0.061197917,-0.114583333,1,0,0,Submit1,android,0,1,1,1,1,2,FSAndroid.mp4,,C09,001,2022-04-11_22h00.06.466,ASLTestBattery2,2021.2.3,Win32,59.28033671,,,,,,,,,,,,,,,,,,,,,,,,,,,,
,,,,,,0.024739583,0.041666667,0,0,0,,ice,0,2,2,7,1,8,FSIce.mp4,,C09,001,2022-04-11_22h00.06.466,ASLTestBattery2,2021.2.3,Win32,59.28033671,,,,,,,,,,,,,,,,,,,,,,,,,,,,
,,,,,,-0.052083333,-0.16796875,1,0,0,Submit1,pizza,0,3,3,8,1,9,FSPizza.mp4,,C09,001,2022-04-11_22h00.06.466,ASLTestBattery2,2021.2.3,Win32,59.28033671,,,,,,,,,,,,,,,,,,,,,,,,,,,,
,,,,,,-0.083333333,-0.173177083,1,0,0,Submit1,algebra,0,4,4,0,1,1,FSAlgebra.mp4,,C09,001,2022-04-11_22h00.06.466,ASLTestBattery2,2021.2.3,Win32,59.28033671,,,,,,,,,,,,,,,,,,,,,,,,,,,,
,,,,,,-0.091145833,-0.141927083,1,0,0,Submit1,vanilla,0,5,5,9,1,10,FSVanilla.mp4,,C09,001,2022-04-11_22h00.06.466,ASLTestBattery2,2021.2.3,Win32,59.28033671,,,,,,,,,,,,,,,,,,,,,,,,,,,,
,,,,,,-0.100260417,-0.12890625,1,0,0,Submit1,glass,0,6,6,5,1,6,FSGlass.mp4,,C09,001,2022-04-11_22h00.06.466,ASLTestBattery2,2021.2.3,Win32,59.28033671,,,,,,,,,,,,,,,,,,,,,,,,,,,,
,,,,,,-0.134114583,-0.174479167,1,0,0,Submit1,hill,0,7,7,6,1,7,FSHill.mp4,,C09,001,2022-04-11_22h00.06.466,ASLTestBattery2,2021.2.3,Win32,59.28033671,,,,,,,,,,,,,,,,,,,,,,,,,,,,
,,,,,,-0.088541667,-0.170572917,1,0,0,Submit1,books,0,8,8,3,1,4,FSBooks.mp4,,C09,001,2022-04-11_22h00.06.466,ASLTestBattery2,2021.2.3,Win32,59.28033671,,,,,,,,,,,,,,,,,,,,,,,,,,,,
,,,,,,-0.0625,-0.12109375,1,0,0,Submit1,berry,0,9,9,2,1,3,FSBerry.mp4,,C09,001,2022-04-11_22h00.06.466,ASLTestBattery2,2021.2.3,Win32,59.28033671,,,,,,,,,,,,,,,,,,,,,,,,,,,,
,,,,space,1.1477,,,,,,,,,,,,,15,82EggDrawMom.mp4,,C09,001,2022-04-11_22h00.06.466,ASLTestBattery2,2021.2.3,Win32,59.28033671,space,2.3652,space,5.7611,-0.229166667,-0.119791667,1,0,0,Y,0,0,0,14,1,82_egg_draw_mom.jpg,Y,reversed,match,inanimate,,,,,,,,
,,,,,,,,,,,,,,,,,,5,30ChairKickGirl.mp4,,C09,001,2022-04-11_22h00.06.466,ASLTestBattery2,2021.2.3,Win32,59.28033671,,,,,-0.279947917,-0.135416667,1,0,0,Y,0,1,1,4,1,30_chair_kick_girl.jpg,Y,reversed,match,inanimate,,,,,,,,
,,,,,,,,,,,,,,,,,,18,87MomBiteCookie.mp4,,C09,001,2022-04-11_22h00.06.466,ASLTestBattery2,2021.2.3,Win32,59.28033671,,,,,0.248697917,-0.108072917,1,0,0,N,0,2,2,17,1,87_cookie_bite_woman.jpg,N,canonical,mismatch,inanimate,,,,,,,,
,,,,,,,,,,,,,,,,,,6,32DoorKickCow.mp4,,C09,001,2022-04-11_22h00.06.466,ASLTestBattery2,2021.2.3,Win32,59.28033671,,,,,0.266927083,-0.122395833,1,0,0,N,0,3,3,5,1,32_cow_kick_door.jpg,N,reversed,mismatch,inanimate,,,,,,,,
,,,,,,,,,,,,,,,,,,14,79GirlEatCandy.mp4,,C09,001,2022-04-11_22h00.06.466,ASLTestBattery2,2021.2.3,Win32,59.28033671,,,,,0.266927083,-0.122395833,1,0,0,N,0,4,4,13,1,79_candy_eat_girl.jpg,N,canonical,mismatch,inanimate,,,,,,,,
,,,,,,,,,,,,,,,,,,10,74TablePushTeacher.mp4,,C09,001,2022-04-11_22h00.06.466,ASLTestBattery2,2021.2.3,Win32,59.28033671,,,,,-0.2734375,-0.16015625,1,0,0,Y,0,5,5,9,1,74_table_push_teacher.jpg,Y,reversed,match,inanimate,,,,,,,,
,,,,,,,,,,,,,,,,,,9,73ClownPushTV.mp4,,C09,001,2022-04-11_22h00.06.466,ASLTestBattery2,2021.2.3,Win32,59.28033671,,,,,-0.360677083,-0.177083333,1,0,0,Y,0,6,6,8,1,73_clown_push_tv.jpg,Y,canonical,match,inanimate,,,,,,,,
,,,,,,,,,,,,,,,,,,13,78GrassEatRabbit.mp4,,C09,001,2022-04-11_22h00.06.466,ASLTestBattery2,2021.2.3,Win32,59.28033671,,,,,-0.338541667,-0.1796875,1,0,0,Y,0,7,7,12,1,78_grass_eat_rabbit.jpg,Y,reversed,match,inanimate,,,,,,,,
,,,,,,,,,,,,,,,,,,11,76ChocolateEatBoy.mp4,,C09,001,2022-04-11_22h00.06.466,ASLTestBattery2,2021.2.3,Win32,59.28033671,,,,,0.177083333,-0.15625,1,0,0,N,0,8,8,10,1,76_boy_eat_chocolate.jpg,N,reversed,mismatch,inanimate,,,,,,,,
,,,,,,,,,,,,,,,,,,8,72ChairPushGirl.mp4,,C09,001,2022-04-11_22h00.06.466,ASLTestBattery2,2021.2.3,Win32,59.28033671,,,,,0.260416667,-0.143229167,1,0,0,N,0,9,9,7,1,72_girl_push_chair.jpg,N,reversed,mismatch,inanimate,,,,,,,,
,,,,,,,,,,,,,,,,,,3,28AppleCarryClown.mp4,,C09,001,2022-04-11_22h00.06.466,ASLTestBattery2,2021.2.3,Win32,59.28033671,,,,,0.17578125,-0.153645833,1,0,0,N,0,10,10,2,1,28_clown_carry_apple.jpg,N,reversed,mismatch,inanimate,,,,,,,,
,,,,,,,,,,,,,,,,,,12,77DogEatBone.mp4,,C09,001,2022-04-11_22h00.06.466,ASLTestBattery2,2021.2.3,Win32,59.28033671,,,,,-0.282552083,-0.169270833,1,0,0,Y,0,11,11,11,1,77_dog_eat_bone.jpg,Y,canonical,match,inanimate,,,,,,,,
,,,,,,,,,,,,,,,,,,4,29DadKickTable.mp4,,C09,001,2022-04-11_22h00.06.466,ASLTestBattery2,2021.2.3,Win32,59.28033671,,,,,-0.302083333,-0.151041667,1,0,0,Y,0,12,12,3,1,29_dad_kick_table.jpg,Y,canonical,match,inanimate,,,,,,,,
,,,,,,,,,,,,,,,,,,1,26CookieCarryDad.mp4,,C09,001,2022-04-11_22h00.06.466,ASLTestBattery2,2021.2.3,Win32,59.28033671,,,,,-0.3046875,-0.169270833,1,0,0,Y,0,13,13,0,1,26_cookie_carry_dad.jpg,Y,reversed,match,inanimate,,,,,,,,
,,,,,,,,,,,,,,,,,,2,27BoyCarryEgg.mp4,,C09,001,2022-04-11_22h00.06.466,ASLTestBattery2,2021.2.3,Win32,59.28033671,,,,,-0.3046875,-0.169270833,1,0,0,Y,0,14,14,1,1,27_egg_carry_boy.jpg,N,canonical,mismatch,inanimate,,,,,,,,
,,,,,,,,,,,,,,,,,,19,89MomCarryOrange.mp4,,C09,001,2022-04-11_22h00.06.466,ASLTestBattery2,2021.2.3,Win32,59.28033671,,,,,-0.3046875,-0.169270833,1,0,0,Y,0,15,15,18,1,89_mom_carry_orange.jpg,Y,canonical,match,inanimate,,,,,,,,
,,,,,,,,,,,,,,,,,,16,40ChairPaintDad.mp4,,C09,001,2022-04-11_22h00.06.466,ASLTestBattery2,2021.2.3,Win32,59.28033671,,,,,0.30078125,-0.149739583,1,0,0,N,0,16,16,15,1,40_dad_paint_chair.jpg,N,reversed,mismatch,inanimate,,,,,,,,
,,,,,,,,,,,,,,,,,,20,91SheepKickApple.mp4,,C09,001,2022-04-11_22h00.06.466,ASLTestBattery2,2021.2.3,Win32,59.28033671,,,,,0.317708333,-0.145833333,1,0,0,N,0,17,17,19,1,91_apple_kick_sheep.jpg,N,canonical,mismatch,inanimate,,,,,,,,
,,,,,,,,,,,,,,,,,,17,85BoyDrawTV.mp4,,C09,001,2022-04-11_22h00.06.466,ASLTestBattery2,2021.2.3,Win32,59.28033671,,,,,-0.251302083,-0.151041667,1,0,0,Y,0,18,18,16,1,85_boy_draw_tv.jpg,Y,canonical,match,inanimate,,,,,,,,
,,,,,,,,,,,,,,,,,,7,71ManPushTree.mp4,,C09,001,2022-04-11_22h00.06.466,ASLTestBattery2,2021.2.3,Win32,59.28033671,,,,,0.204427083,-0.166666667,1,0,0,N,0,19,19,6,1,71_tree_push_man.jpg,N,canonical,mismatch,inanimate,,,,,,,,
,,,,,,,,,,,,,,,,,,,,,C09,001,2022-04-11_22h00.06.466,ASLTestBattery2,2021.2.3,Win32,59.28033671,,,,,,,,,,,,,,,,,,,,,-0.341145833,-0.18359375,1,0,0,Yes,space,1.381
