﻿key_resp_15.keys,key_resp_15.rt,key_resp_2.keys,key_resp_2.rt,typedWord,mouse.x,mouse.y,mouse.leftButton,mouse.midButton,mouse.rightButton,mouse.clicked_name,trials.thisRepN,trials.thisTrialN,trials.thisN,trials.thisIndex,trials.ran,index,itemText,videoFile,itemPrompt,participant,session,date,expName,psychopyVersion,OS,frameRate,key_resp.keys,key_resp.rt,key_resp_3.keys,key_resp_3.rt,key_resp_5.keys,key_resp_5.rt,key_resp_7.keys,key_resp_7.rt,mouse_2.x,mouse_2.y,mouse_2.leftButton,mouse_2.midButton,mouse_2.rightButton,mouse_2.time,mouse_2.clicked_name,key_resp_8.keys,key_resp_8.rt,trials_2.thisRepN,trials_2.thisTrialN,trials_2.thisN,trials_2.thisIndex,trials_2.ran,imageFile,corrAns,mouse_4.x,mouse_4.y,mouse_4.leftButton,mouse_4.midButton,mouse_4.rightButton,mouse_4.clicked_name,key_resp_12.keys,key_resp_12.rt
space,24.1188,space,13.6567, ,0.260833333,-0.1475,1,0,0,Skip,0,0,0,0,1,1,"The next 2 sections are parts of a story told by Missy Keast. 
After each section you will be asked questions. 
Respond as best as you can. 
Press the space bar to continue.",MakingNoisePart1small.mp4,"Who did Missy go to the mall with? Please type your response below. If you are not sure, make your best guess.",C05,001,2022-03-09_21h20.14.748,ASLTestBattery1,2021.2.3,Win32,60.10337781,,,,,,,,,,,,,,,,,,,,,,,,,,,,,,,,
,,space,1.8991, ,-0.3925,-0.148333333,1,0,0,Submit,0,1,1,1,1,2,Press spacebar to continue,MakingNoisePart2small.mp4,"The title of this short story is - Making Noise. In 1-2 sentences, please explain why this title was chosen below. If you are not sure, make your best guess.",C05,001,2022-03-09_21h20.14.748,ASLTestBattery1,2021.2.3,Win32,60.10337781,,,,,,,,,,,,,,,,,,,,,,,,,,,,,,,,
,,space,10.8545, Teaches ASL,-0.373333333,-0.163333333,1,0,0,Submit,0,2,2,2,1,3,"The next few clips are parts of an interview conducted by Joel Barish and Jamil Haque. 
After each section you will be asked questions. 
Respond as best as you can. 
Press the space bar to continue.",DNInterviewBornInNYsmall.mp4,"What is Jamil's job? Please type your response below. If you are not sure, make your best guess.",C05,001,2022-03-09_21h20.14.748,ASLTestBattery1,2021.2.3,Win32,60.10337781,,,,,,,,,,,,,,,,,,,,,,,,,,,,,,,,
,,space,1.8071, Bangledash,-0.134166667,-0.168333333,1,0,0,Submit,0,3,3,3,1,4,Press spacebar to continue,DNInterviewSignForBangladeshsmall.mp4,"Where was Jamil born? Please type your response below. If you are not sure, make your best guess.",C05,001,2022-03-09_21h20.14.748,ASLTestBattery1,2021.2.3,Win32,60.10337781,,,,,,,,,,,,,,,,,,,,,,,,,,,,,,,,
,,space,8.5755, Australia,-0.420833333,-0.1575,1,0,0,Submit,0,4,4,4,1,5,"The next few clips are parts of an interview conducted by Melissa Keomoungkhoun, Amanda Kline, & Jenny Cooper. 
After each section you will be asked questions.
Respond as best as you can.
Press spacebar to continue.",SweetsAndDrinksPart1.mp4,Where was Melissa Born?,C05,001,2022-03-09_21h20.14.748,ASLTestBattery1,2021.2.3,Win32,60.10337781,,,,,,,,,,,,,,,,,,,,,,,,,,,,,,,,
,,space,3.902, Danish swirl,-0.3175,-0.1375,1,0,0,Submit,0,5,5,5,1,6,Press spacebar to continue,SweetsAndDrinksPart2.mp4,What kind of cookie was shown in the video?,C05,001,2022-03-09_21h20.14.748,ASLTestBattery1,2021.2.3,Win32,60.10337781,,,,,,,,,,,,,,,,,,,,,,,,,,,,,,,,
,,,,,,,,,,,,,,,,6,,3BlackFoodBirthdaysmall.mp4,,C05,001,2022-03-09_21h20.14.748,ASLTestBattery1,2021.2.3,Win32,60.10337781,space,33.111,space,11.4479,space,2.5272,space,44.554,"[0.7958333333333333,-0.0225,-0.7366666666666667]","[0.26,0.16583333333333333,-0.1875]","[1,1,1]","[0,0,0]","[0,0,0]","[8.415799999952242,40.942700000047694,42.060899999976186]","[""flower"",""store"",""balloon""]",space,5.2178,0,0,0,5,1,ASLCompStim6.jpg,,,,,,,,,
,,,,,,,,,,,,,,,,2,,3BlackBlueBirthdaysmall.mp4,,C05,001,2022-03-09_21h20.14.748,ASLTestBattery1,2021.2.3,Win32,60.10337781,,,,,,,space,11.6741,"[0.7791666666666667,-0.735,-0.745]","[0.29333333333333333,0.28583333333333333,-0.23333333333333334]","[1,1,1]","[0,0,0]","[0,0,0]","[4.1293000000715665,6.180600000023901,8.749399999976163]","[""flower"",""dog"",""balloon""]",space,1.0499,0,1,1,1,1,ASLCompStim2.jpg,,,,,,,,,
,,,,,,,,,,,,,,,,4,,3BlondHospitalFoodsmall.mp4,,C05,001,2022-03-09_21h20.14.748,ASLTestBattery1,2021.2.3,Win32,60.10337781,,,,,,,space,8.6072,"[0.7866666666666666,0.55,0.0225]","[0.3,-0.19666666666666666,0.12416666666666666]","[1,1,1]","[0,0,0]","[0,0,0]","[4.075799999952324,5.459600000023784,6.595199999928468]","[""flower"",""hospital"",""store""]",space,11.0473,0,2,2,3,1,ASLCompStim4.jpg,,,,,,,,,
,,,,,,,,,,,,,,,,5,,3PonySnackBikesmall.mp4,,C05,001,2022-03-09_21h20.14.748,ASLTestBattery1,2021.2.3,Win32,60.10337781,,,,,,,space,6.1242,"[-0.7491666666666666,-0.10833333333333334,0.2916666666666667]","[0.27666666666666667,0.12666666666666668,-0.08]","[1,1,1]","[0,0,0]","[0,0,0]","[1.7047999999523427,3.8732000000477456,4.8077999999522945]","[""dog"",""store"",""bike""]",space,1.6012,0,3,3,4,1,ASLCompStim5.jpg,,,,,,,,,
,,,,,,,,,,,,,,,,1,,3PonyCakeBirthdaysmall.mp4,,C05,001,2022-03-09_21h20.14.748,ASLTestBattery1,2021.2.3,Win32,60.10337781,,,,,,,space,7.7325,"[-0.32,0.005833333333333334,-0.73]","[-0.07166666666666667,0.12416666666666666,-0.22666666666666666]","[1,1,1]","[0,0,0]","[0,0,0]","[3.0927999999522626,3.7932999999522963,5.194499999999948]","[""purse"",""store"",""balloon""]",space,6.2555,0,4,4,0,1,ASLCompStim1.jpg,,,,,,,,,
,,,,,,,,,,,,,,,,3,,3BaldBirthdayHospitalsmall.mp4,,C05,001,2022-03-09_21h20.14.748,ASLTestBattery1,2021.2.3,Win32,60.10337781,,,,,,,space,6.7404,"[0.34833333333333333,-0.7383333333333333,0.5375]","[-0.051666666666666666,-0.3025,-0.20833333333333334]","[1,1,1]","[0,0,0]","[0,0,0]","[1.860300000071561,3.061300000071469,4.99610000002383]","[""bike"",""balloon"",""hospital""]",space,3.07,0,5,5,2,1,ASLCompStim3.jpg,,,,,,,,,
,,,,,,,,,,,,,,,,,,,,C05,001,2022-03-09_21h20.14.748,ASLTestBattery1,2021.2.3,Win32,60.10337781,,,,,,,,,,,,,,,,,,,,,,,,,-0.235833333,-0.1625,1,0,0,Yes,space,3.978
