﻿key_resp_13.keys,key_resp_13.rt,key_resp_16.keys,key_resp_16.rt,key_resp_17.keys,key_resp_17.rt,mouse_5.x,mouse_5.y,mouse_5.leftButton,mouse_5.midButton,mouse_5.rightButton,mouse_5.clicked_name,typedWord,trials_4.thisRepN,trials_4.thisTrialN,trials_4.thisN,trials_4.thisIndex,trials_4.ran,index,videoFile,itemPrompt,participant,session,date,expName,psychopyVersion,OS,frameRate,key_resp_9.keys,key_resp_9.rt,key_resp_18.keys,key_resp_18.rt,resp.x,resp.y,resp.leftButton,resp.midButton,resp.rightButton,resp.clicked_name,MatchLoop.thisRepN,MatchLoop.thisTrialN,MatchLoop.thisN,MatchLoop.thisIndex,MatchLoop.ran,imageDrawn,corrAns,plausibility,match,animacy,mouse_4.x,mouse_4.y,mouse_4.leftButton,mouse_4.midButton,mouse_4.rightButton,mouse_4.clicked_name,key_resp_12.keys,key_resp_12.rt
space,3.7382,space,6.8708,space,1.3993,-0.1075,-0.155833333,1,0,0,Submit1, ski,0,0,0,7,1,8,FSIce.mp4,,C05,001,2022-03-09_21h37.30.931,ASLTestBattery2,2021.2.3,Win32,59.95203837,,,,,,,,,,,,,,,,,,,,,,,,,,,,
,,,,,,0.080833333,-0.165833333,1,0,0,Submit1,algebra,0,1,1,0,1,1,FSAlgebra.mp4,,C05,001,2022-03-09_21h37.30.931,ASLTestBattery2,2021.2.3,Win32,59.95203837,,,,,,,,,,,,,,,,,,,,,,,,,,,,
,,,,,,0.080833333,-0.165833333,1,0,0,Submit1,books,0,2,2,3,1,4,FSBooks.mp4,,C05,001,2022-03-09_21h37.30.931,ASLTestBattery2,2021.2.3,Win32,59.95203837,,,,,,,,,,,,,,,,,,,,,,,,,,,,
,,,,,,0.080833333,-0.165833333,1,0,0,Submit1,android,0,3,3,1,1,2,FSAndroid.mp4,,C05,001,2022-03-09_21h37.30.931,ASLTestBattery2,2021.2.3,Win32,59.95203837,,,,,,,,,,,,,,,,,,,,,,,,,,,,
,,,,,,-0.135833333,-0.158333333,1,0,0,Submit1,hill,0,4,4,6,1,7,FSHill.mp4,,C05,001,2022-03-09_21h37.30.931,ASLTestBattery2,2021.2.3,Win32,59.95203837,,,,,,,,,,,,,,,,,,,,,,,,,,,,
,,,,,,-0.061666667,-0.148333333,1,0,0,Submit1,feet,0,5,5,4,1,5,FSFeet.mp4,,C05,001,2022-03-09_21h37.30.931,ASLTestBattery2,2021.2.3,Win32,59.95203837,,,,,,,,,,,,,,,,,,,,,,,,,,,,
,,,,,,-0.17,-0.145,1,0,0,Submit1,pizza,0,6,6,8,1,9,FSPizza.mp4,,C05,001,2022-03-09_21h37.30.931,ASLTestBattery2,2021.2.3,Win32,59.95203837,,,,,,,,,,,,,,,,,,,,,,,,,,,,
,,,,,,-0.125,-0.12,1,0,0,Submit1,glass,0,7,7,5,1,6,FSGlass.mp4,,C05,001,2022-03-09_21h37.30.931,ASLTestBattery2,2021.2.3,Win32,59.95203837,,,,,,,,,,,,,,,,,,,,,,,,,,,,
,,,,,,-0.0775,-0.140833333,1,0,0,Submit1,vanilla,0,8,8,9,1,10,FSVanilla.mp4,,C05,001,2022-03-09_21h37.30.931,ASLTestBattery2,2021.2.3,Win32,59.95203837,,,,,,,,,,,,,,,,,,,,,,,,,,,,
,,,,,,0.044166667,-0.155,1,0,0,Submit1,berry,0,9,9,2,1,3,FSBerry.mp4,,C05,001,2022-03-09_21h37.30.931,ASLTestBattery2,2021.2.3,Win32,59.95203837,,,,,,,,,,,,,,,,,,,,,,,,,,,,
,,,,space,1.1131,,,,,,,,,,,,,19,89MomCarryOrange.mp4,,C05,001,2022-03-09_21h37.30.931,ASLTestBattery2,2021.2.3,Win32,59.95203837,space,0.0309,space,6.1717,-0.2925,-0.120833333,1,0,0,Y,0,0,0,18,1,89_mom_carry_orange.jpg,Y,canonical,match,inanimate,,,,,,,,
,,,,,,,,,,,,,,,,,,16,40ChairPaintDad.mp4,,C05,001,2022-03-09_21h37.30.931,ASLTestBattery2,2021.2.3,Win32,59.95203837,,,,,-0.209166667,-0.1225,1,0,0,Y,0,1,1,15,1,40_dad_paint_chair.jpg,N,reversed,mismatch,inanimate,,,,,,,,
,,,,,,,,,,,,,,,,,,18,87MomBiteCookie.mp4,,C05,001,2022-03-09_21h37.30.931,ASLTestBattery2,2021.2.3,Win32,59.95203837,,,,,0.236666667,-0.1675,1,0,0,N,0,2,2,17,1,87_cookie_bite_woman.jpg,N,canonical,mismatch,inanimate,,,,,,,,
,,,,,,,,,,,,,,,,,,17,85BoyDrawTV.mp4,,C05,001,2022-03-09_21h37.30.931,ASLTestBattery2,2021.2.3,Win32,59.95203837,,,,,-0.2325,-0.13,1,0,0,Y,0,3,3,16,1,85_boy_draw_tv.jpg,Y,canonical,match,inanimate,,,,,,,,
,,,,,,,,,,,,,,,,,,11,76ChocolateEatBoy.mp4,,C05,001,2022-03-09_21h37.30.931,ASLTestBattery2,2021.2.3,Win32,59.95203837,,,,,-0.235833333,-0.124166667,1,0,0,Y,0,4,4,10,1,76_boy_eat_chocolate.jpg,N,reversed,mismatch,inanimate,,,,,,,,
,,,,,,,,,,,,,,,,,,12,77DogEatBone.mp4,,C05,001,2022-03-09_21h37.30.931,ASLTestBattery2,2021.2.3,Win32,59.95203837,,,,,-0.235833333,-0.124166667,1,0,0,Y,0,5,5,11,1,77_dog_eat_bone.jpg,Y,canonical,match,inanimate,,,,,,,,
,,,,,,,,,,,,,,,,,,4,29DadKickTable.mp4,,C05,001,2022-03-09_21h37.30.931,ASLTestBattery2,2021.2.3,Win32,59.95203837,,,,,-0.235833333,-0.124166667,1,0,0,Y,0,6,6,3,1,29_dad_kick_table.jpg,Y,canonical,match,inanimate,,,,,,,,
,,,,,,,,,,,,,,,,,,2,27BoyCarryEgg.mp4,,C05,001,2022-03-09_21h37.30.931,ASLTestBattery2,2021.2.3,Win32,59.95203837,,,,,0.285833333,-0.146666667,1,0,0,N,0,7,7,1,1,27_egg_carry_boy.jpg,N,canonical,mismatch,inanimate,,,,,,,,
,,,,,,,,,,,,,,,,,,3,28AppleCarryClown.mp4,,C05,001,2022-03-09_21h37.30.931,ASLTestBattery2,2021.2.3,Win32,59.95203837,,,,,0.299166667,-0.206666667,1,0,0,N,0,8,8,2,1,28_clown_carry_apple.jpg,N,reversed,mismatch,inanimate,,,,,,,,
,,,,,,,,,,,,,,,,,,7,71ManPushTree.mp4,,C05,001,2022-03-09_21h37.30.931,ASLTestBattery2,2021.2.3,Win32,59.95203837,,,,,0.064166667,-0.144166667,1,0,0,N,0,9,9,6,1,71_tree_push_man.jpg,N,canonical,mismatch,inanimate,,,,,,,,
,,,,,,,,,,,,,,,,,,13,78GrassEatRabbit.mp4,,C05,001,2022-03-09_21h37.30.931,ASLTestBattery2,2021.2.3,Win32,59.95203837,,,,,-0.181666667,-0.1375,1,0,0,Y,0,10,10,12,1,78_grass_eat_rabbit.jpg,Y,reversed,match,inanimate,,,,,,,,
,,,,,,,,,,,,,,,,,,9,73ClownPushTV.mp4,,C05,001,2022-03-09_21h37.30.931,ASLTestBattery2,2021.2.3,Win32,59.95203837,,,,,-0.188333333,-0.1425,1,0,0,Y,0,11,11,8,1,73_clown_push_tv.jpg,Y,canonical,match,inanimate,,,,,,,,
,,,,,,,,,,,,,,,,,,10,74TablePushTeacher.mp4,,C05,001,2022-03-09_21h37.30.931,ASLTestBattery2,2021.2.3,Win32,59.95203837,,,,,-0.188333333,-0.1425,1,0,0,Y,0,12,12,9,1,74_table_push_teacher.jpg,Y,reversed,match,inanimate,,,,,,,,
,,,,,,,,,,,,,,,,,,14,79GirlEatCandy.mp4,,C05,001,2022-03-09_21h37.30.931,ASLTestBattery2,2021.2.3,Win32,59.95203837,,,,,0.249166667,-0.185,1,0,0,N,0,13,13,13,1,79_candy_eat_girl.jpg,N,canonical,mismatch,inanimate,,,,,,,,
,,,,,,,,,,,,,,,,,,5,30ChairKickGirl.mp4,,C05,001,2022-03-09_21h37.30.931,ASLTestBattery2,2021.2.3,Win32,59.95203837,,,,,-0.149166667,-0.158333333,1,0,0,Y,0,14,14,4,1,30_chair_kick_girl.jpg,Y,reversed,match,inanimate,,,,,,,,
,,,,,,,,,,,,,,,,,,8,72ChairPushGirl.mp4,,C05,001,2022-03-09_21h37.30.931,ASLTestBattery2,2021.2.3,Win32,59.95203837,,,,,0.234166667,-0.109166667,1,0,0,N,0,15,15,7,1,72_girl_push_chair.jpg,N,reversed,mismatch,inanimate,,,,,,,,
,,,,,,,,,,,,,,,,,,15,82EggDrawMom.mp4,,C05,001,2022-03-09_21h37.30.931,ASLTestBattery2,2021.2.3,Win32,59.95203837,,,,,-0.163333333,-0.118333333,1,0,0,Y,0,16,16,14,1,82_egg_draw_mom.jpg,Y,reversed,match,inanimate,,,,,,,,
,,,,,,,,,,,,,,,,,,20,91SheepKickApple.mp4,,C05,001,2022-03-09_21h37.30.931,ASLTestBattery2,2021.2.3,Win32,59.95203837,,,,,0.258333333,-0.156666667,1,0,0,N,0,17,17,19,1,91_apple_kick_sheep.jpg,N,canonical,mismatch,inanimate,,,,,,,,
,,,,,,,,,,,,,,,,,,1,26CookieCarryDad.mp4,,C05,001,2022-03-09_21h37.30.931,ASLTestBattery2,2021.2.3,Win32,59.95203837,,,,,-0.100833333,-0.110833333,1,0,0,Y,0,18,18,0,1,26_cookie_carry_dad.jpg,Y,reversed,match,inanimate,,,,,,,,
,,,,,,,,,,,,,,,,,,6,32DoorKickCow.mp4,,C05,001,2022-03-09_21h37.30.931,ASLTestBattery2,2021.2.3,Win32,59.95203837,,,,,0.31,-0.124166667,1,0,0,N,0,19,19,5,1,32_cow_kick_door.jpg,N,reversed,mismatch,inanimate,,,,,,,,
,,,,,,,,,,,,,,,,,,,,,C05,001,2022-03-09_21h37.30.931,ASLTestBattery2,2021.2.3,Win32,59.95203837,,,,,,,,,,,,,,,,,,,,,-0.1625,-0.135833333,1,0,0,Yes,space,2.0292
