﻿key_resp_15.keys,key_resp_15.rt,key_resp_4.keys,key_resp_4.rt,key_resp_17.keys,key_resp_17.rt,key_resp_2.keys,key_resp_2.rt,typedWord,mouse.x,mouse.y,mouse.leftButton,mouse.midButton,mouse.rightButton,mouse.clicked_name,trials.thisRepN,trials.thisTrialN,trials.thisN,trials.thisIndex,trials.ran,index,itemText,videoFile,itemPrompt,participant,session,date,expName,psychopyVersion,OS,frameRate,key_resp.keys,key_resp.rt,key_resp_3.keys,key_resp_3.rt,key_resp_5.keys,key_resp_5.rt,key_resp_7.keys,key_resp_7.rt,mouse_2.x,mouse_2.y,mouse_2.leftButton,mouse_2.midButton,mouse_2.rightButton,mouse_2.time,mouse_2.clicked_name,key_resp_8.keys,key_resp_8.rt,trials_2.thisRepN,trials_2.thisTrialN,trials_2.thisN,trials_2.thisIndex,trials_2.ran,imageFile,corrAns,mouse_4.x,mouse_4.y,mouse_4.leftButton,mouse_4.midButton,mouse_4.rightButton,mouse_4.clicked_name,key_resp_12.keys,key_resp_12.rt
space,5.0929,space,10.873,space,2.0278,space,4.4877, her mother and her friend,-0.212138672,-0.162099609,1,0,0,Submit,0,0,0,0,1,1,"The next 2 sections are parts of a story told by Missy Keast. 
After each section you will be asked questions. 
Respond as best as you can. 
Press the space bar to continue.",MakingNoisePart1small.mp4,"Who did Missy go to the mall with? Please type your response below. If you are not sure, make your best guess.",S05,001,2023-03-12_12h34.54.953,ASLTestBattery1,2021.2.3,MacIntel,59.97361161,,,,,,,,,,,,,,,,,,,,,,,,,,,,,,,,
,,,,,,space,0.9274, The story describes experinces in mostly Deaf environments like Gallaudet vs mostly hearing enviornments like the mall,-0.393120117,-0.134047852,1,0,0,Submit,0,1,1,1,1,2,Press spacebar to continue,MakingNoisePart2small.mp4,"The title of this short story is - Making Noise. In 1-2 sentences, please explain why this title was chosen below. If you are not sure, make your best guess.",S05,001,2023-03-12_12h34.54.953,ASLTestBattery1,2021.2.3,MacIntel,59.97361161,,,,,,,,,,,,,,,,,,,,,,,,,,,,,,,,
,,,,,,space,4.6853, he is an ASL teacher ,-0.222451172,-0.161928711,1,0,0,Submit,0,2,2,2,1,3,"The next few clips are parts of an interview conducted by Joel Barish and Jamil Haque. 
After each section you will be asked questions. 
Respond as best as you can. 
Press the space bar to continue.",DNInterviewBornInNYsmall.mp4,"What is Jamil's job? Please type your response below. If you are not sure, make your best guess.",S05,001,2023-03-12_12h34.54.953,ASLTestBattery1,2021.2.3,MacIntel,59.97361161,,,,,,,,,,,,,,,,,,,,,,,,,,,,,,,,
,,,,,,space,0.7289, India,-0.293857422,-0.16737793,1,0,0,Submit,0,3,3,3,1,4,Press spacebar to continue,DNInterviewSignForBangladeshsmall.mp4,"Where was Jamil born? Please type your response below. If you are not sure, make your best guess.",S05,001,2023-03-12_12h34.54.953,ASLTestBattery1,2021.2.3,MacIntel,59.97361161,,,,,,,,,,,,,,,,,,,,,,,,,,,,,,,,
,,,,,,space,4.227, missed it,-0.293857422,-0.16737793,1,0,0,Submit,0,4,4,4,1,5,"The next few clips are parts of an interview conducted by Melissa Keomoungkhoun, Amanda Kline, & Jenny Cooper. 
After each section you will be asked questions.
Respond as best as you can.
Press spacebar to continue.",SweetsAndDrinksPart1.mp4,Where was Melissa Born?,S05,001,2023-03-12_12h34.54.953,ASLTestBattery1,2021.2.3,MacIntel,59.97361161,,,,,,,,,,,,,,,,,,,,,,,,,,,,,,,,
,,,,,,space,0.7424, cinnomon roll cookie,-0.140917969,-0.183730469,1,0,0,Submit,0,5,5,5,1,6,Press spacebar to continue,SweetsAndDrinksPart2.mp4,What kind of cookie was shown in the video?,S05,001,2023-03-12_12h34.54.953,ASLTestBattery1,2021.2.3,MacIntel,59.97361161,,,,,,,,,,,,,,,,,,,,,,,,,,,,,,,,
,,,,,,,,,,,,,,,,,,,,1,,3PonyCakeBirthdaysmall.mp4,,S05,001,2023-03-12_12h34.54.953,ASLTestBattery1,2021.2.3,MacIntel,59.97361161,space,4.4075,space,1.6708,space,1.1562,space,7.2533,"[0.051171875,-0.7362841796875]","[0.1470947265625,-0.2283837890625]","[1,1]","[0,0]","[0,0]","[3.595299999952317,5.345399999976166]","[""store"",""balloon""]",space,2.782,0,0,0,0,1,ASLCompStim1.jpg,,,,,,,,,
,,,,,,,,,,,,,,,,,,,,2,,3BlackBlueBirthdaysmall.mp4,,S05,001,2023-03-12_12h34.54.953,ASLTestBattery1,2021.2.3,MacIntel,59.97361161,,,,,,,space,5.6837,"[0.7435302734375,-0.27732421875,-0.719365234375]","[0.296015625,-0.08458984375,-0.2442333984375]","[1,1,1]","[0,0,0]","[0,0,0]","[1.9953999999761436,3.995700000047691,5.203499999999963]","[""flower"",""purse"",""balloon""]",space,4.0546,0,1,1,1,1,ASLCompStim2.jpg,,,,,,,,,
,,,,,,,,,,,,,,,,,,,,4,,3BlondHospitalFoodsmall.mp4,,S05,001,2023-03-12_12h34.54.953,ASLTestBattery1,2021.2.3,MacIntel,59.97361161,,,,,,,space,7.5458,"[-0.7346044921875,0.4976123046875,-0.059189453125]","[0.257294921875,-0.2166259765625,0.1846923828125]","[1,1,1]","[0,0,0]","[0,0,0]","[4.12110000002383,5.402900000095315,7.1218000000715165]","[""dog"",""hospital"",""store""]",space,2.8892,0,2,2,3,1,ASLCompStim4.jpg,,,,,,,,,
,,,,,,,,,,,,,,,,,,,,6,,3BlackFoodBirthdaysmall.mp4,,S05,001,2023-03-12_12h34.54.953,ASLTestBattery1,2021.2.3,MacIntel,59.97361161,,,,,,,space,6.6271,"[0.709345703125,0.046796875,-0.7128271484375]","[0.282548828125,-0.2864111328125,-0.3164599609375]","[1,1,1]","[0,0,0]","[0,0,0]","[2.226399999976138,5.043299999952296,6.228500000000054]","[""flower"",""PO"",""balloon""]",space,3.5052,0,3,3,5,1,ASLCompStim6.jpg,,,,,,,,,
,,,,,,,,,,,,,,,,,,,,5,,3PonySnackBikesmall.mp4,,S05,001,2023-03-12_12h34.54.953,ASLTestBattery1,2021.2.3,MacIntel,59.97361161,,,,,,,space,4.6186,"[-0.72259765625,-0.1124609375,0.30951171875]","[0.2322314453125,0.1665185546875,-0.0821435546875]","[1,1,1]","[0,0,0]","[0,0,0]","[1.8698000000715638,3.3446000000238882,4.288499999999999]","[""dog"",""store"",""bike""]",space,1.7264,0,4,4,4,1,ASLCompStim5.jpg,,,,,,,,,
,,,,,,,,,,,,,,,,,,,,3,,3BaldBirthdayHospitalsmall.mp4,,S05,001,2023-03-12_12h34.54.953,ASLTestBattery1,2021.2.3,MacIntel,59.97361161,,,,,,,space,5.8905,"[0.30951171875,-0.721640625,0.5852392578125]","[-0.0821435546875,-0.319599609375,-0.2669580078125]","[1,1,1]","[0,0,0]","[0,0,0]","[3.602800000071511,4.534100000023841,5.552800000071443]","[""bike"",""balloon"",""hospital""]",space,1.457,0,5,5,2,1,ASLCompStim3.jpg,,,,,,,,,
,,,,,,,,,,,,,,,,,,,,,,,,S05,001,2023-03-12_12h34.54.953,ASLTestBattery1,2021.2.3,MacIntel,59.97361161,,,,,,,,,,,,,,,,,,,,,,,,,-0.205175781,-0.149628906,1,0,0,Yes,space,1.3872
