﻿key_resp_13.keys,key_resp_13.rt,key_resp_16.keys,key_resp_16.rt,key_resp_17.keys,key_resp_17.rt,mouse_5.x,mouse_5.y,mouse_5.leftButton,mouse_5.midButton,mouse_5.rightButton,mouse_5.clicked_name,typedWord,trials_4.thisRepN,trials_4.thisTrialN,trials_4.thisN,trials_4.thisIndex,trials_4.ran,index,videoFile,itemPrompt,participant,session,date,expName,psychopyVersion,OS,frameRate,key_resp_9.keys,key_resp_9.rt,key_resp_18.keys,key_resp_18.rt,resp.x,resp.y,resp.leftButton,resp.midButton,resp.rightButton,resp.clicked_name,MatchLoop.thisRepN,MatchLoop.thisTrialN,MatchLoop.thisN,MatchLoop.thisIndex,MatchLoop.ran,imageDrawn,corrAns,plausibility,match,animacy,mouse_4.x,mouse_4.y,mouse_4.leftButton,mouse_4.midButton,mouse_4.rightButton,mouse_4.clicked_name,key_resp_12.keys,key_resp_12.rt
space,1.993,space,1.8611,space,1.3887,0.074301758,-0.159746094,1,0,0,Submit1, hill,0,0,0,6,1,7,FSHill.mp4,,S05,001,2023-03-12_12h53.15.273,ASLTestBattery2,2021.2.3,MacIntel,59.97361161,,,,,,,,,,,,,,,,,,,,,,,,,,,,
,,,,,,0.074301758,-0.159746094,0,0,0,,bay,0,1,1,2,1,3,FSBerry.mp4,,S05,001,2023-03-12_12h53.15.273,ASLTestBattery2,2021.2.3,MacIntel,59.97361161,,,,,,,,,,,,,,,,,,,,,,,,,,,,
,,,,,,0.074301758,-0.159746094,0,0,0,,ski,0,2,2,7,1,8,FSIce.mp4,,S05,001,2023-03-12_12h53.15.273,ASLTestBattery2,2021.2.3,MacIntel,59.97361161,,,,,,,,,,,,,,,,,,,,,,,,,,,,
,,,,,,0.074301758,-0.159746094,1,0,0,Submit1,bios,0,3,3,3,1,4,FSBooks.mp4,,S05,001,2023-03-12_12h53.15.273,ASLTestBattery2,2021.2.3,MacIntel,59.97361161,,,,,,,,,,,,,,,,,,,,,,,,,,,,
,,,,,,-0.014150391,-0.177036133,1,0,0,Submit1,feet,0,4,4,4,1,5,FSFeet.mp4,,S05,001,2023-03-12_12h53.15.273,ASLTestBattery2,2021.2.3,MacIntel,59.97361161,,,,,,,,,,,,,,,,,,,,,,,,,,,,
,,,,,,-0.046894531,-0.127114258,1,0,0,Submit1,kegs ,0,5,5,5,1,6,FSGlass.mp4,,S05,001,2023-03-12_12h53.15.273,ASLTestBattery2,2021.2.3,MacIntel,59.97361161,,,,,,,,,,,,,,,,,,,,,,,,,,,,
,,,,,,-0.023227539,-0.172368164,1,0,0,Submit1,vanilla,0,6,6,9,1,10,FSVanilla.mp4,,S05,001,2023-03-12_12h53.15.273,ASLTestBattery2,2021.2.3,MacIntel,59.97361161,,,,,,,,,,,,,,,,,,,,,,,,,,,,
,,,,,,-0.023227539,-0.172368164,1,0,0,Submit1,pineapple,0,7,7,1,1,2,FSAndroid.mp4,,S05,001,2023-03-12_12h53.15.273,ASLTestBattery2,2021.2.3,MacIntel,59.97361161,,,,,,,,,,,,,,,,,,,,,,,,,,,,
,,,,,,0.057973633,-0.166738281,1,0,0,Submit1,asl lang,0,8,8,0,1,1,FSAlgebra.mp4,,S05,001,2023-03-12_12h53.15.273,ASLTestBattery2,2021.2.3,MacIntel,59.97361161,,,,,,,,,,,,,,,,,,,,,,,,,,,,
,,,,,,0.057973633,-0.166738281,1,0,0,Submit1,zoom,0,9,9,8,1,9,FSPizza.mp4,,S05,001,2023-03-12_12h53.15.273,ASLTestBattery2,2021.2.3,MacIntel,59.97361161,,,,,,,,,,,,,,,,,,,,,,,,,,,,
,,,,space,1.1,,,,,,,,,,,,,12,77DogEatBone.mp4,,S05,001,2023-03-12_12h53.15.273,ASLTestBattery2,2021.2.3,MacIntel,59.97361161,space,2.552,space,3.6936,-0.189716797,-0.185253906,1,0,0,Y,0,0,0,11,1,77_dog_eat_bone.jpg,Y,canonical,match,inanimate,,,,,,,,
,,,,,,,,,,,,,,,,,,14,79GirlEatCandy.mp4,,S05,001,2023-03-12_12h53.15.273,ASLTestBattery2,2021.2.3,MacIntel,59.97361161,,,,,0.286083984,-0.189760742,1,0,0,N,0,1,1,13,1,79_candy_eat_girl.jpg,N,canonical,mismatch,inanimate,,,,,,,,
,,,,,,,,,,,,,,,,,,10,74TablePushTeacher.mp4,,S05,001,2023-03-12_12h53.15.273,ASLTestBattery2,2021.2.3,MacIntel,59.97361161,,,,,-0.183037109,-0.185532227,1,0,0,Y,0,2,2,9,1,74_table_push_teacher.jpg,Y,reversed,match,inanimate,,,,,,,,
,,,,,,,,,,,,,,,,,,19,89MomCarryOrange.mp4,,S05,001,2023-03-12_12h53.15.273,ASLTestBattery2,2021.2.3,MacIntel,59.97361161,,,,,-0.182631836,-0.183891602,1,0,0,Y,0,3,3,18,1,89_mom_carry_orange.jpg,Y,canonical,match,inanimate,,,,,,,,
,,,,,,,,,,,,,,,,,,17,85BoyDrawTV.mp4,,S05,001,2023-03-12_12h53.15.273,ASLTestBattery2,2021.2.3,MacIntel,59.97361161,,,,,-0.182631836,-0.183891602,1,0,0,Y,0,4,4,16,1,85_boy_draw_tv.jpg,Y,canonical,match,inanimate,,,,,,,,
,,,,,,,,,,,,,,,,,,3,28AppleCarryClown.mp4,,S05,001,2023-03-12_12h53.15.273,ASLTestBattery2,2021.2.3,MacIntel,59.97361161,,,,,0.366464844,-0.193193359,1,0,0,N,0,5,5,2,1,28_clown_carry_apple.jpg,N,reversed,mismatch,inanimate,,,,,,,,
,,,,,,,,,,,,,,,,,,2,27BoyCarryEgg.mp4,,S05,001,2023-03-12_12h53.15.273,ASLTestBattery2,2021.2.3,MacIntel,59.97361161,,,,,0.366464844,-0.193193359,1,0,0,N,0,6,6,1,1,27_egg_carry_boy.jpg,N,canonical,mismatch,inanimate,,,,,,,,
,,,,,,,,,,,,,,,,,,9,73ClownPushTV.mp4,,S05,001,2023-03-12_12h53.15.273,ASLTestBattery2,2021.2.3,MacIntel,59.97361161,,,,,-0.295859375,-0.186254883,1,0,0,Y,0,7,7,8,1,73_clown_push_tv.jpg,Y,canonical,match,inanimate,,,,,,,,
,,,,,,,,,,,,,,,,,,7,71ManPushTree.mp4,,S05,001,2023-03-12_12h53.15.273,ASLTestBattery2,2021.2.3,MacIntel,59.97361161,,,,,0.337983398,-0.172861328,1,0,0,N,0,8,8,6,1,71_tree_push_man.jpg,N,canonical,mismatch,inanimate,,,,,,,,
,,,,,,,,,,,,,,,,,,11,76ChocolateEatBoy.mp4,,S05,001,2023-03-12_12h53.15.273,ASLTestBattery2,2021.2.3,MacIntel,59.97361161,,,,,0.337983398,-0.172861328,1,0,0,N,0,9,9,10,1,76_boy_eat_chocolate.jpg,N,reversed,mismatch,inanimate,,,,,,,,
,,,,,,,,,,,,,,,,,,18,87MomBiteCookie.mp4,,S05,001,2023-03-12_12h53.15.273,ASLTestBattery2,2021.2.3,MacIntel,59.97361161,,,,,0.226352539,-0.170166016,1,0,0,N,0,10,10,17,1,87_cookie_bite_woman.jpg,N,canonical,mismatch,inanimate,,,,,,,,
,,,,,,,,,,,,,,,,,,20,91SheepKickApple.mp4,,S05,001,2023-03-12_12h53.15.273,ASLTestBattery2,2021.2.3,MacIntel,59.97361161,,,,,0.226352539,-0.170166016,1,0,0,N,0,11,11,19,1,91_apple_kick_sheep.jpg,N,canonical,mismatch,inanimate,,,,,,,,
,,,,,,,,,,,,,,,,,,1,26CookieCarryDad.mp4,,S05,001,2023-03-12_12h53.15.273,ASLTestBattery2,2021.2.3,MacIntel,59.97361161,,,,,-0.45777832,-0.176044922,1,0,0,Y,0,12,12,0,1,26_cookie_carry_dad.jpg,Y,reversed,match,inanimate,,,,,,,,
,,,,,,,,,,,,,,,,,,15,82EggDrawMom.mp4,,S05,001,2023-03-12_12h53.15.273,ASLTestBattery2,2021.2.3,MacIntel,59.97361161,,,,,-0.452709961,-0.182504883,1,0,0,Y,0,13,13,14,1,82_egg_draw_mom.jpg,Y,reversed,match,inanimate,,,,,,,,
,,,,,,,,,,,,,,,,,,16,40ChairPaintDad.mp4,,S05,001,2023-03-12_12h53.15.273,ASLTestBattery2,2021.2.3,MacIntel,59.97361161,,,,,0.409951172,-0.213310547,1,0,0,N,0,14,14,15,1,40_dad_paint_chair.jpg,N,reversed,mismatch,inanimate,,,,,,,,
,,,,,,,,,,,,,,,,,,5,30ChairKickGirl.mp4,,S05,001,2023-03-12_12h53.15.273,ASLTestBattery2,2021.2.3,MacIntel,59.97361161,,,,,-0.19715332,-0.172744141,1,0,0,Y,0,15,15,4,1,30_chair_kick_girl.jpg,Y,reversed,match,inanimate,,,,,,,,
,,,,,,,,,,,,,,,,,,4,29DadKickTable.mp4,,S05,001,2023-03-12_12h53.15.273,ASLTestBattery2,2021.2.3,MacIntel,59.97361161,,,,,-0.214467773,-0.203730469,1,0,0,Y,0,16,16,3,1,29_dad_kick_table.jpg,Y,canonical,match,inanimate,,,,,,,,
,,,,,,,,,,,,,,,,,,6,32DoorKickCow.mp4,,S05,001,2023-03-12_12h53.15.273,ASLTestBattery2,2021.2.3,MacIntel,59.97361161,,,,,0.187519531,-0.139448242,1,0,0,N,0,17,17,5,1,32_cow_kick_door.jpg,N,reversed,mismatch,inanimate,,,,,,,,
,,,,,,,,,,,,,,,,,,8,72ChairPushGirl.mp4,,S05,001,2023-03-12_12h53.15.273,ASLTestBattery2,2021.2.3,MacIntel,59.97361161,,,,,0.187519531,-0.139448242,1,0,0,N,0,18,18,7,1,72_girl_push_chair.jpg,N,reversed,mismatch,inanimate,,,,,,,,
,,,,,,,,,,,,,,,,,,13,78GrassEatRabbit.mp4,,S05,001,2023-03-12_12h53.15.273,ASLTestBattery2,2021.2.3,MacIntel,59.97361161,,,,,-0.32769043,-0.169150391,1,0,0,Y,0,19,19,12,1,78_grass_eat_rabbit.jpg,Y,reversed,match,inanimate,,,,,,,,
,,,,,,,,,,,,,,,,,,,,,S05,001,2023-03-12_12h53.15.273,ASLTestBattery2,2021.2.3,MacIntel,59.97361161,,,,,,,,,,,,,,,,,,,,,-0.32769043,-0.169150391,1,0,0,Yes,space,1.4853
