﻿key_resp_13.keys,key_resp_13.rt,key_resp_16.keys,key_resp_16.rt,key_resp_17.keys,key_resp_17.rt,mouse_5.x,mouse_5.y,mouse_5.leftButton,mouse_5.midButton,mouse_5.rightButton,typedWord,trials_4.thisRepN,trials_4.thisTrialN,trials_4.thisN,trials_4.thisIndex,trials_4.ran,index,videoFile,itemPrompt,participant,session,date,expName,psychopyVersion,OS,frameRate,key_resp_9.keys,key_resp_9.rt,key_resp_18.keys,key_resp_18.rt,resp.x,resp.y,resp.leftButton,resp.midButton,resp.rightButton,resp.clicked_name,MatchLoop.thisRepN,MatchLoop.thisTrialN,MatchLoop.thisN,MatchLoop.thisIndex,MatchLoop.ran,imageDrawn,corrAns,plausibility,match,animacy,mouse_4.x,mouse_4.y,mouse_4.leftButton,mouse_4.midButton,mouse_4.rightButton,mouse_4.clicked_name,key_resp_12.keys,key_resp_12.rt
space,3.4271,space,7.8464,space,0.9774,0.142592593,-0.101851852,0,0,0, Oat,0,0,0,6,1,7,FSHill.mp4,,H07,001,2022-03-30_15h23.43.166,ASLTestBattery2,2021.2.3,Win32,59.74072525,,,,,,,,,,,,,,,,,,,,,,,,,,,,
,,,,,,0.142592593,-0.101851852,0,0,0,Car,0,1,1,8,1,9,FSPizza.mp4,,H07,001,2022-03-30_15h23.43.166,ASLTestBattery2,2021.2.3,Win32,59.74072525,,,,,,,,,,,,,,,,,,,,,,,,,,,,
,,,,,,0.142592593,-0.101851852,0,0,0,watch,0,2,2,0,1,1,FSAlgebra.mp4,,H07,001,2022-03-30_15h23.43.166,ASLTestBattery2,2021.2.3,Win32,59.74072525,,,,,,,,,,,,,,,,,,,,,,,,,,,,
,,,,,,0.142592593,-0.101851852,0,0,0,apple,0,3,3,1,1,2,FSAndroid.mp4,,H07,001,2022-03-30_15h23.43.166,ASLTestBattery2,2021.2.3,Win32,59.74072525,,,,,,,,,,,,,,,,,,,,,,,,,,,,
,,,,,,0.142592593,-0.101851852,0,0,0,  ,0,4,4,9,1,10,FSVanilla.mp4,,H07,001,2022-03-30_15h23.43.166,ASLTestBattery2,2021.2.3,Win32,59.74072525,,,,,,,,,,,,,,,,,,,,,,,,,,,,
,,,,,,0.142592593,-0.101851852,0,0,0,mayo,0,5,5,3,1,4,FSBooks.mp4,,H07,001,2022-03-30_15h23.43.166,ASLTestBattery2,2021.2.3,Win32,59.74072525,,,,,,,,,,,,,,,,,,,,,,,,,,,,
,,,,,,0.142592593,-0.101851852,0,0,0,table,0,6,6,5,1,6,FSGlass.mp4,,H07,001,2022-03-30_15h23.43.166,ASLTestBattery2,2021.2.3,Win32,59.74072525,,,,,,,,,,,,,,,,,,,,,,,,,,,,
,,,,,,0.142592593,-0.101851852,0,0,0,ends with thcomma myth,0,7,7,7,1,8,FSIce.mp4,,H07,001,2022-03-30_15h23.43.166,ASLTestBattery2,2021.2.3,Win32,59.74072525,,,,,,,,,,,,,,,,,,,,,,,,,,,,
,,,,,,0.142592593,-0.101851852,0,0,0,boat,0,8,8,4,1,5,FSFeet.mp4,,H07,001,2022-03-30_15h23.43.166,ASLTestBattery2,2021.2.3,Win32,59.74072525,,,,,,,,,,,,,,,,,,,,,,,,,,,,
,,,,,,0.142592593,-0.101851852,0,0,0,drink,0,9,9,2,1,3,FSBerry.mp4,,H07,001,2022-03-30_15h23.43.166,ASLTestBattery2,2021.2.3,Win32,59.74072525,,,,,,,,,,,,,,,,,,,,,,,,,,,,
,,,,space,1.3014,,,,,,,,,,,,20,91SheepKickApple.mp4,,H07,001,2022-03-30_15h23.43.166,ASLTestBattery2,2021.2.3,Win32,59.74072525,space,2.6761,space,8.7012,0.200925926,-0.157407407,1,0,0,N,0,0,0,19,1,91_apple_kick_sheep.jpg,N,canonical,mismatch,inanimate,,,,,,,,
,,,,,,,,,,,,,,,,,6,32DoorKickCow.mp4,,H07,001,2022-03-30_15h23.43.166,ASLTestBattery2,2021.2.3,Win32,59.74072525,,,,,-0.224074074,-0.131481481,1,0,0,Y,0,1,1,5,1,32_cow_kick_door.jpg,N,reversed,mismatch,inanimate,,,,,,,,
,,,,,,,,,,,,,,,,,4,29DadKickTable.mp4,,H07,001,2022-03-30_15h23.43.166,ASLTestBattery2,2021.2.3,Win32,59.74072525,,,,,-0.180555556,-0.135185185,1,0,0,Y,0,2,2,3,1,29_dad_kick_table.jpg,Y,canonical,match,inanimate,,,,,,,,
,,,,,,,,,,,,,,,,,8,72ChairPushGirl.mp4,,H07,001,2022-03-30_15h23.43.166,ASLTestBattery2,2021.2.3,Win32,59.74072525,,,,,-0.208333333,-0.159259259,1,0,0,Y,0,3,3,7,1,72_girl_push_chair.jpg,N,reversed,mismatch,inanimate,,,,,,,,
,,,,,,,,,,,,,,,,,1,26CookieCarryDad.mp4,,H07,001,2022-03-30_15h23.43.166,ASLTestBattery2,2021.2.3,Win32,59.74072525,,,,,0.468518519,-0.158333333,1,0,0,N,0,4,4,0,1,26_cookie_carry_dad.jpg,Y,reversed,match,inanimate,,,,,,,,
,,,,,,,,,,,,,,,,,7,71ManPushTree.mp4,,H07,001,2022-03-30_15h23.43.166,ASLTestBattery2,2021.2.3,Win32,59.74072525,,,,,0.137037037,-0.155555556,1,0,0,N,0,5,5,6,1,71_tree_push_man.jpg,N,canonical,mismatch,inanimate,,,,,,,,
,,,,,,,,,,,,,,,,,2,27BoyCarryEgg.mp4,,H07,001,2022-03-30_15h23.43.166,ASLTestBattery2,2021.2.3,Win32,59.74072525,,,,,0.187962963,-0.121296296,1,0,0,N,0,6,6,1,1,27_egg_carry_boy.jpg,N,canonical,mismatch,inanimate,,,,,,,,
,,,,,,,,,,,,,,,,,11,76ChocolateEatBoy.mp4,,H07,001,2022-03-30_15h23.43.166,ASLTestBattery2,2021.2.3,Win32,59.74072525,,,,,-0.22037037,-0.112962963,1,0,0,Y,0,7,7,10,1,76_boy_eat_chocolate.jpg,N,reversed,mismatch,inanimate,,,,,,,,
,,,,,,,,,,,,,,,,,10,74TablePushTeacher.mp4,,H07,001,2022-03-30_15h23.43.166,ASLTestBattery2,2021.2.3,Win32,59.74072525,,,,,-0.14537037,-0.135185185,1,0,0,Y,0,8,8,9,1,74_table_push_teacher.jpg,Y,reversed,match,inanimate,,,,,,,,
,,,,,,,,,,,,,,,,,14,79GirlEatCandy.mp4,,H07,001,2022-03-30_15h23.43.166,ASLTestBattery2,2021.2.3,Win32,59.74072525,,,,,0.169444444,-0.14537037,1,0,0,N,0,9,9,13,1,79_candy_eat_girl.jpg,N,canonical,mismatch,inanimate,,,,,,,,
,,,,,,,,,,,,,,,,,15,82EggDrawMom.mp4,,H07,001,2022-03-30_15h23.43.166,ASLTestBattery2,2021.2.3,Win32,59.74072525,,,,,-0.119444444,-0.142592593,1,0,0,Y,0,10,10,14,1,82_egg_draw_mom.jpg,Y,reversed,match,inanimate,,,,,,,,
,,,,,,,,,,,,,,,,,5,30ChairKickGirl.mp4,,H07,001,2022-03-30_15h23.43.166,ASLTestBattery2,2021.2.3,Win32,59.74072525,,,,,-0.240740741,-0.15462963,1,0,0,Y,0,11,11,4,1,30_chair_kick_girl.jpg,Y,reversed,match,inanimate,,,,,,,,
,,,,,,,,,,,,,,,,,17,85BoyDrawTV.mp4,,H07,001,2022-03-30_15h23.43.166,ASLTestBattery2,2021.2.3,Win32,59.74072525,,,,,-0.251851852,-0.137037037,1,0,0,Y,0,12,12,16,1,85_boy_draw_tv.jpg,Y,canonical,match,inanimate,,,,,,,,
,,,,,,,,,,,,,,,,,13,78GrassEatRabbit.mp4,,H07,001,2022-03-30_15h23.43.166,ASLTestBattery2,2021.2.3,Win32,59.74072525,,,,,-0.181481481,-0.132407407,1,0,0,Y,0,13,13,12,1,78_grass_eat_rabbit.jpg,Y,reversed,match,inanimate,,,,,,,,
,,,,,,,,,,,,,,,,,9,73ClownPushTV.mp4,,H07,001,2022-03-30_15h23.43.166,ASLTestBattery2,2021.2.3,Win32,59.74072525,,,,,-0.264814815,-0.167592593,1,0,0,Y,0,14,14,8,1,73_clown_push_tv.jpg,Y,canonical,match,inanimate,,,,,,,,
,,,,,,,,,,,,,,,,,12,77DogEatBone.mp4,,H07,001,2022-03-30_15h23.43.166,ASLTestBattery2,2021.2.3,Win32,59.74072525,,,,,-0.262037037,-0.103703704,1,0,0,Y,0,15,15,11,1,77_dog_eat_bone.jpg,Y,canonical,match,inanimate,,,,,,,,
,,,,,,,,,,,,,,,,,18,87MomBiteCookie.mp4,,H07,001,2022-03-30_15h23.43.166,ASLTestBattery2,2021.2.3,Win32,59.74072525,,,,,-0.268518519,-0.177777778,1,0,0,Y,0,16,16,17,1,87_cookie_bite_woman.jpg,N,canonical,mismatch,inanimate,,,,,,,,
,,,,,,,,,,,,,,,,,19,89MomCarryOrange.mp4,,H07,001,2022-03-30_15h23.43.166,ASLTestBattery2,2021.2.3,Win32,59.74072525,,,,,-0.239814815,-0.153703704,1,0,0,Y,0,17,17,18,1,89_mom_carry_orange.jpg,Y,canonical,match,inanimate,,,,,,,,
,,,,,,,,,,,,,,,,,3,28AppleCarryClown.mp4,,H07,001,2022-03-30_15h23.43.166,ASLTestBattery2,2021.2.3,Win32,59.74072525,,,,,-0.166666667,-0.124074074,1,0,0,Y,0,18,18,2,1,28_clown_carry_apple.jpg,N,reversed,mismatch,inanimate,,,,,,,,
,,,,,,,,,,,,,,,,,16,40ChairPaintDad.mp4,,H07,001,2022-03-30_15h23.43.166,ASLTestBattery2,2021.2.3,Win32,59.74072525,,,,,-0.197222222,-0.137962963,1,0,0,Y,0,19,19,15,1,40_dad_paint_chair.jpg,N,reversed,mismatch,inanimate,,,,,,,,
,,,,,,,,,,,,,,,,,,,,H07,001,2022-03-30_15h23.43.166,ASLTestBattery2,2021.2.3,Win32,59.74072525,,,,,,,,,,,,,,,,,,,,,-0.198148148,-0.139814815,1,0,0,Yes,space,2.9358
