﻿key_resp_15.keys,key_resp_15.rt,key_resp_4.keys,key_resp_4.rt,key_resp_17.keys,key_resp_17.rt,key_resp_2.keys,key_resp_2.rt,typedWord,mouse.x,mouse.y,mouse.leftButton,mouse.midButton,mouse.rightButton,mouse.clicked_name,trials.thisRepN,trials.thisTrialN,trials.thisN,trials.thisIndex,trials.ran,index,itemText,videoFile,itemPrompt,participant,session,date,expName,psychopyVersion,OS,frameRate,key_resp.keys,key_resp.rt,key_resp_3.keys,key_resp_3.rt,key_resp_5.keys,key_resp_5.rt,key_resp_7.keys,key_resp_7.rt,mouse_2.x,mouse_2.y,mouse_2.leftButton,mouse_2.midButton,mouse_2.rightButton,mouse_2.time,mouse_2.clicked_name,key_resp_8.keys,key_resp_8.rt,trials_2.thisRepN,trials_2.thisTrialN,trials_2.thisN,trials_2.thisIndex,trials_2.ran,imageFile,corrAns,mouse_4.x,mouse_4.y,mouse_4.leftButton,mouse_4.midButton,mouse_4.rightButton,mouse_4.clicked_name,key_resp_12.keys,key_resp_12.rt
space,7.4874,space,11.418,space,1.7475,space,6.9609, brother and brothers wife,-0.223472222,-0.137157118,1,0,0,Submit,0,0,0,0,1,1,"The next 2 sections are parts of a story told by Missy Keast. 
After each section you will be asked questions. 
Respond as best as you can. 
Press the space bar to continue.",MakingNoisePart1small.mp4,"Who did Missy go to the mall with? Please type your response below. If you are not sure, make your best guess.",C02,001,2022-03-20_17h28.19.732,ASLTestBattery1,2021.2.3,MacIntel,59.99880002,,,,,,,,,,,,,,,,,,,,,,,,,,,,,,,,
,,,,,,space,1.327, The person signing was not aware of the noises she made while going to the bathroom. Once awarecomma she reflected on all the time she spent going to the bathroom at her college ASU.,-0.180104167,-0.13171441,1,0,0,Submit,0,1,1,1,1,2,Press spacebar to continue,MakingNoisePart2small.mp4,"The title of this short story is - Making Noise. In 1-2 sentences, please explain why this title was chosen below. If you are not sure, make your best guess.",C02,001,2022-03-20_17h28.19.732,ASLTestBattery1,2021.2.3,MacIntel,59.99880002,,,,,,,,,,,,,,,,,,,,,,,,,,,,,,,,
,,,,,,space,10.038, Teaches ASL,-0.091189236,-0.147907986,1,0,0,Submit,0,2,2,2,1,3,"The next few clips are parts of an interview conducted by Joel Barish and Jamil Haque. 
After each section you will be asked questions. 
Respond as best as you can. 
Press the space bar to continue.",DNInterviewBornInNYsmall.mp4,"What is Jamil's job? Please type your response below. If you are not sure, make your best guess.",C02,001,2022-03-20_17h28.19.732,ASLTestBattery1,2021.2.3,MacIntel,59.99880002,,,,,,,,,,,,,,,,,,,,,,,,,,,,,,,,
,,,,,,space,0.8655, Bangladesh,-0.09266059,-0.121293403,1,0,0,Submit,0,3,3,3,1,4,Press spacebar to continue,DNInterviewSignForBangladeshsmall.mp4,"Where was Jamil born? Please type your response below. If you are not sure, make your best guess.",C02,001,2022-03-20_17h28.19.732,ASLTestBattery1,2021.2.3,MacIntel,59.99880002,,,,,,,,,,,,,,,,,,,,,,,,,,,,,,,,
,,,,,,space,6.9129, Australia,-0.137278646,-0.121080729,1,0,0,Submit,0,4,4,4,1,5,"The next few clips are parts of an interview conducted by Melissa Keomoungkhoun, Amanda Kline, & Jenny Cooper. 
After each section you will be asked questions.
Respond as best as you can.
Press spacebar to continue.",SweetsAndDrinksPart1.mp4,Where was Melissa Born?,C02,001,2022-03-20_17h28.19.732,ASLTestBattery1,2021.2.3,MacIntel,59.99880002,,,,,,,,,,,,,,,,,,,,,,,,,,,,,,,,
,,,,,,space,0.8187, date swirl cookie,-0.226132813,-0.147243924,1,0,0,Submit,0,5,5,5,1,6,Press spacebar to continue,SweetsAndDrinksPart2.mp4,What kind of cookie was shown in the video?,C02,001,2022-03-20_17h28.19.732,ASLTestBattery1,2021.2.3,MacIntel,59.99880002,,,,,,,,,,,,,,,,,,,,,,,,,,,,,,,,
,,,,,,,,,,,,,,,,,,,,1,,3PonyCakeBirthdaysmall.mp4,,C02,001,2022-03-20_17h28.19.732,ASLTestBattery1,2021.2.3,MacIntel,59.99880002,space,4.2257,space,8.2972,space,1.228,space,22.1919,"[-0.7286675347222222,0.03940538194444444,-0.7072439236111111]","[0.24453125,0.12230902777777777,-0.2633637152777778]","[1,1,1]","[0,0,0]","[0,0,0]","[13.167900000035843,14.883300000012014,16.800100000023804]","[""dog"",""store"",""balloon""]",space,5.9697,0,0,0,0,1,ASLCompStim1.jpg,,,,,,,,,
,,,,,,,,,,,,,,,,,,,,4,,3BlondHospitalFoodsmall.mp4,,C02,001,2022-03-20_17h28.19.732,ASLTestBattery1,2021.2.3,MacIntel,59.99880002,,,,,,,space,15.0932,"[-0.2790451388888889,0.5276996527777778,-0.02052517361111111]","[-0.13577690972222223,-0.23875868055555555,0.12645833333333334]","[1,1,1]","[0,0,0]","[0,0,0]","[6.2016000000237455,8.134700000047587,13.318200000047682]","[""purse"",""hospital"",""store""]",space,1.1955,0,1,1,3,1,ASLCompStim4.jpg,,,,,,,,,
,,,,,,,,,,,,,,,,,,,,6,,3BlackFoodBirthdaysmall.mp4,,C02,001,2022-03-20_17h28.19.732,ASLTestBattery1,2021.2.3,MacIntel,59.99880002,,,,,,,space,20.1119,"[0.7228993055555556,0.04144097222222222,0.0137109375,-0.07267795138888888,-0.7043793402777778]","[0.24513888888888888,-0.2542144097222222,0.0700954861111111,0.106328125,-0.23395833333333332]","[1,1,1,1,1]","[0,0,0,0,0]","[0,0,0,0,0]","[2.2505999999641517,16.284099999964155,16.950799999952324,17.650699999987864,19.250699999988]","[""flower"",""PO"",""store"",""balloon""]",space,4.4637,0,2,2,5,1,ASLCompStim6.jpg,,,,,,,,,
,,,,,,,,,,,,,,,,,,,,5,,3PonySnackBikesmall.mp4,,C02,001,2022-03-20_17h28.19.732,ASLTestBattery1,2021.2.3,MacIntel,59.99880002,,,,,,,space,4.8295,"[-0.7731380208333334,0.05440538194444444,0.28365885416666664]","[0.27512586805555556,0.13263020833333333,-0.06013454861111111]","[1,1,1]","[0,0,0]","[0,0,0]","[1.5508000000120319,2.6345000000001164,4.002700000047753]","[""dog"",""store"",""bike""]",space,0.8623,0,3,3,4,1,ASLCompStim5.jpg,,,,,,,,,
,,,,,,,,,,,,,,,,,,,,2,,3BlackBlueBirthdaysmall.mp4,,C02,001,2022-03-20_17h28.19.732,ASLTestBattery1,2021.2.3,MacIntel,59.99880002,,,,,,,space,10.072,"[0.7506553819444445,-0.7310460069444444,-0.7258506944444445]","[0.3137934027777778,0.2909114583333333,-0.2153125]","[1,1,1]","[0,0,0]","[0,0,0]","[1.3441999999881773,3.6776000000238582,8.628399999976182]","[""flower"",""dog"",""balloon""]",space,3.1439,0,4,4,1,1,ASLCompStim2.jpg,,,,,,,,,
,,,,,,,,,,,,,,,,,,,,3,,3BaldBirthdayHospitalsmall.mp4,,C02,001,2022-03-20_17h28.19.732,ASLTestBattery1,2021.2.3,MacIntel,59.99880002,,,,,,,space,4.8638,"[0.24110243055555555,-0.7556814236111111,0.5585980902777777]","[-0.07043402777777778,-0.2602170138888889,-0.2515060763888889]","[1,1,1]","[0,0,0]","[0,0,0]","[2.2020999999642754,3.334799999952338,4.235099999964177]","[""bike"",""balloon"",""hospital""]",space,1.8849,0,5,5,2,1,ASLCompStim3.jpg,,,,,,,,,
,,,,,,,,,,,,,,,,,,,,,,,,C02,001,2022-03-20_17h28.19.732,ASLTestBattery1,2021.2.3,MacIntel,59.99880002,,,,,,,,,,,,,,,,,,,,,,,,,-0.18296441,-0.127738715,1,0,0,Yes,space,2.3264
