﻿key_resp_13.keys,key_resp_13.rt,key_resp_16.keys,key_resp_16.rt,key_resp_17.keys,key_resp_17.rt,mouse_5.x,mouse_5.y,mouse_5.leftButton,mouse_5.midButton,mouse_5.rightButton,mouse_5.clicked_name,typedWord,trials_4.thisRepN,trials_4.thisTrialN,trials_4.thisN,trials_4.thisIndex,trials_4.ran,index,videoFile,itemPrompt,participant,session,date,expName,psychopyVersion,OS,frameRate,key_resp_9.keys,key_resp_9.rt,key_resp_18.keys,key_resp_18.rt,resp.x,resp.y,resp.leftButton,resp.midButton,resp.rightButton,resp.clicked_name,MatchLoop.thisRepN,MatchLoop.thisTrialN,MatchLoop.thisN,MatchLoop.thisIndex,MatchLoop.ran,imageDrawn,corrAns,plausibility,match,animacy,mouse_4.x,mouse_4.y,mouse_4.leftButton,mouse_4.midButton,mouse_4.rightButton,mouse_4.clicked_name,key_resp_12.keys,key_resp_12.rt
space,5.0874,space,2.3298,space,1.7273,0.020572917,-0.13593316,1,0,0,Submit1, berry,0,0,0,2,1,3,FSBerry.mp4,,C02,001,2022-03-20_17h48.35.294,ASLTestBattery2,2021.2.3,MacIntel,59.99880002,,,,,,,,,,,,,,,,,,,,,,,,,,,,
,,,,,,0.019231771,-0.190520833,1,0,0,Submit1,vanilla,0,1,1,9,1,10,FSVanilla.mp4,,C02,001,2022-03-20_17h48.35.294,ASLTestBattery2,2021.2.3,MacIntel,59.99880002,,,,,,,,,,,,,,,,,,,,,,,,,,,,
,,,,,,-0.050364583,0.113385417,0,0,0,,algebra,0,2,2,0,1,1,FSAlgebra.mp4,,C02,001,2022-03-20_17h48.35.294,ASLTestBattery2,2021.2.3,MacIntel,59.99880002,,,,,,,,,,,,,,,,,,,,,,,,,,,,
,,,,,,0.041844618,-0.118606771,1,0,0,Submit1,hill,0,3,3,6,1,7,FSHill.mp4,,C02,001,2022-03-20_17h48.35.294,ASLTestBattery2,2021.2.3,MacIntel,59.99880002,,,,,,,,,,,,,,,,,,,,,,,,,,,,
,,,,,,0.040902778,-0.152686632,1,0,0,Submit1,feet,0,4,4,4,1,5,FSFeet.mp4,,C02,001,2022-03-20_17h48.35.294,ASLTestBattery2,2021.2.3,MacIntel,59.99880002,,,,,,,,,,,,,,,,,,,,,,,,,,,,
,,,,,,0.029348958,-0.197152778,1,0,0,Submit1,books,0,5,5,3,1,4,FSBooks.mp4,,C02,001,2022-03-20_17h48.35.294,ASLTestBattery2,2021.2.3,MacIntel,59.99880002,,,,,,,,,,,,,,,,,,,,,,,,,,,,
,,,,,,0.059487847,-0.159353299,1,0,0,Submit1,pizza,0,6,6,8,1,9,FSPizza.mp4,,C02,001,2022-03-20_17h48.35.294,ASLTestBattery2,2021.2.3,MacIntel,59.99880002,,,,,,,,,,,,,,,,,,,,,,,,,,,,
,,,,,,0.059487847,-0.159353299,1,0,0,Submit1,android,0,7,7,1,1,2,FSAndroid.mp4,,C02,001,2022-03-20_17h48.35.294,ASLTestBattery2,2021.2.3,MacIntel,59.99880002,,,,,,,,,,,,,,,,,,,,,,,,,,,,
,,,,,,0.059257812,-0.159353299,1,0,0,Submit1,ice,0,8,8,7,1,8,FSIce.mp4,,C02,001,2022-03-20_17h48.35.294,ASLTestBattery2,2021.2.3,MacIntel,59.99880002,,,,,,,,,,,,,,,,,,,,,,,,,,,,
,,,,,,0.030789931,-0.164522569,1,0,0,Submit1,glass,0,9,9,5,1,6,FSGlass.mp4,,C02,001,2022-03-20_17h48.35.294,ASLTestBattery2,2021.2.3,MacIntel,59.99880002,,,,,,,,,,,,,,,,,,,,,,,,,,,,
,,,,space,1.5098,,,,,,,,,,,,,1,26CookieCarryDad.mp4,,C02,001,2022-03-20_17h48.35.294,ASLTestBattery2,2021.2.3,MacIntel,59.99880002,space,3.177,space,3.4449,-0.095954861,-0.19453559,1,0,0,Y,0,0,0,0,1,26_cookie_carry_dad.jpg,Y,reversed,match,inanimate,,,,,,,,
,,,,,,,,,,,,,,,,,,7,71ManPushTree.mp4,,C02,001,2022-03-20_17h48.35.294,ASLTestBattery2,2021.2.3,MacIntel,59.99880002,,,,,0.250872396,-0.112708333,1,0,0,N,0,1,1,6,1,71_tree_push_man.jpg,N,canonical,mismatch,inanimate,,,,,,,,
,,,,,,,,,,,,,,,,,,5,30ChairKickGirl.mp4,,C02,001,2022-03-20_17h48.35.294,ASLTestBattery2,2021.2.3,MacIntel,59.99880002,,,,,-0.203671875,-0.151154514,1,0,0,Y,0,2,2,4,1,30_chair_kick_girl.jpg,Y,reversed,match,inanimate,,,,,,,,
,,,,,,,,,,,,,,,,,,13,78GrassEatRabbit.mp4,,C02,001,2022-03-20_17h48.35.294,ASLTestBattery2,2021.2.3,MacIntel,59.99880002,,,,,-0.444813368,-0.093298611,1,0,0,Y,0,3,3,12,1,78_grass_eat_rabbit.jpg,Y,reversed,match,inanimate,,,,,,,,
,,,,,,,,,,,,,,,,,,20,91SheepKickApple.mp4,,C02,001,2022-03-20_17h48.35.294,ASLTestBattery2,2021.2.3,MacIntel,59.99880002,,,,,0.202877604,-0.146918403,1,0,0,N,0,4,4,19,1,91_apple_kick_sheep.jpg,N,canonical,mismatch,inanimate,,,,,,,,
,,,,,,,,,,,,,,,,,,14,79GirlEatCandy.mp4,,C02,001,2022-03-20_17h48.35.294,ASLTestBattery2,2021.2.3,MacIntel,59.99880002,,,,,0.264752604,-0.205664062,1,0,0,N,0,5,5,13,1,79_candy_eat_girl.jpg,N,canonical,mismatch,inanimate,,,,,,,,
,,,,,,,,,,,,,,,,,,6,32DoorKickCow.mp4,,C02,001,2022-03-20_17h48.35.294,ASLTestBattery2,2021.2.3,MacIntel,59.99880002,,,,,0.25874566,-0.156927083,1,0,0,N,0,6,6,5,1,32_cow_kick_door.jpg,N,reversed,mismatch,inanimate,,,,,,,,
,,,,,,,,,,,,,,,,,,16,40ChairPaintDad.mp4,,C02,001,2022-03-20_17h48.35.294,ASLTestBattery2,2021.2.3,MacIntel,59.99880002,,,,,0.25874566,-0.156927083,1,0,0,N,0,7,7,15,1,40_dad_paint_chair.jpg,N,reversed,mismatch,inanimate,,,,,,,,
,,,,,,,,,,,,,,,,,,15,82EggDrawMom.mp4,,C02,001,2022-03-20_17h48.35.294,ASLTestBattery2,2021.2.3,MacIntel,59.99880002,,,,,-0.144149306,-0.140976563,1,0,0,Y,0,8,8,14,1,82_egg_draw_mom.jpg,Y,reversed,match,inanimate,,,,,,,,
,,,,,,,,,,,,,,,,,,9,73ClownPushTV.mp4,,C02,001,2022-03-20_17h48.35.294,ASLTestBattery2,2021.2.3,MacIntel,59.99880002,,,,,-0.231024306,-0.124457465,1,0,0,Y,0,9,9,8,1,73_clown_push_tv.jpg,Y,canonical,match,inanimate,,,,,,,,
,,,,,,,,,,,,,,,,,,3,28AppleCarryClown.mp4,,C02,001,2022-03-20_17h48.35.294,ASLTestBattery2,2021.2.3,MacIntel,59.99880002,,,,,0.1534375,-0.162938368,1,0,0,N,0,10,10,2,1,28_clown_carry_apple.jpg,N,reversed,mismatch,inanimate,,,,,,,,
,,,,,,,,,,,,,,,,,,12,77DogEatBone.mp4,,C02,001,2022-03-20_17h48.35.294,ASLTestBattery2,2021.2.3,MacIntel,59.99880002,,,,,-0.177230903,-0.166063368,1,0,0,Y,0,11,11,11,1,77_dog_eat_bone.jpg,Y,canonical,match,inanimate,,,,,,,,
,,,,,,,,,,,,,,,,,,2,27BoyCarryEgg.mp4,,C02,001,2022-03-20_17h48.35.294,ASLTestBattery2,2021.2.3,MacIntel,59.99880002,,,,,0.215811632,-0.195295139,1,0,0,N,0,12,12,1,1,27_egg_carry_boy.jpg,N,canonical,mismatch,inanimate,,,,,,,,
,,,,,,,,,,,,,,,,,,17,85BoyDrawTV.mp4,,C02,001,2022-03-20_17h48.35.294,ASLTestBattery2,2021.2.3,MacIntel,59.99880002,,,,,-0.38327691,-0.113723958,1,0,0,Y,0,13,13,16,1,85_boy_draw_tv.jpg,Y,canonical,match,inanimate,,,,,,,,
,,,,,,,,,,,,,,,,,,19,89MomCarryOrange.mp4,,C02,001,2022-03-20_17h48.35.294,ASLTestBattery2,2021.2.3,MacIntel,59.99880002,,,,,-0.265577257,-0.14141059,1,0,0,Y,0,14,14,18,1,89_mom_carry_orange.jpg,Y,canonical,match,inanimate,,,,,,,,
,,,,,,,,,,,,,,,,,,11,76ChocolateEatBoy.mp4,,C02,001,2022-03-20_17h48.35.294,ASLTestBattery2,2021.2.3,MacIntel,59.99880002,,,,,0.276414931,-0.132903646,1,0,0,N,0,15,15,10,1,76_boy_eat_chocolate.jpg,N,reversed,mismatch,inanimate,,,,,,,,
,,,,,,,,,,,,,,,,,,18,87MomBiteCookie.mp4,,C02,001,2022-03-20_17h48.35.294,ASLTestBattery2,2021.2.3,MacIntel,59.99880002,,,,,0.276414931,-0.132903646,1,0,0,N,0,16,16,17,1,87_cookie_bite_woman.jpg,N,canonical,mismatch,inanimate,,,,,,,,
,,,,,,,,,,,,,,,,,,10,74TablePushTeacher.mp4,,C02,001,2022-03-20_17h48.35.294,ASLTestBattery2,2021.2.3,MacIntel,59.99880002,,,,,-0.271228299,-0.134262153,1,0,0,Y,0,17,17,9,1,74_table_push_teacher.jpg,Y,reversed,match,inanimate,,,,,,,,
,,,,,,,,,,,,,,,,,,8,72ChairPushGirl.mp4,,C02,001,2022-03-20_17h48.35.294,ASLTestBattery2,2021.2.3,MacIntel,59.99880002,,,,,0.29358941,-0.158033854,1,0,0,N,0,18,18,7,1,72_girl_push_chair.jpg,N,reversed,mismatch,inanimate,,,,,,,,
,,,,,,,,,,,,,,,,,,4,29DadKickTable.mp4,,C02,001,2022-03-20_17h48.35.294,ASLTestBattery2,2021.2.3,MacIntel,59.99880002,,,,,-0.141362847,-0.10297309,1,0,0,Y,0,19,19,3,1,29_dad_kick_table.jpg,Y,canonical,match,inanimate,,,,,,,,
,,,,,,,,,,,,,,,,,,,,,C02,001,2022-03-20_17h48.35.294,ASLTestBattery2,2021.2.3,MacIntel,59.99880002,,,,,,,,,,,,,,,,,,,,,-0.141362847,-0.10297309,1,0,0,Yes,space,1.9258
