﻿key_resp_15.keys,key_resp_15.rt,key_resp_4.keys,key_resp_4.rt,key_resp_17.keys,key_resp_17.rt,key_resp_2.keys,key_resp_2.rt,typedWord,mouse.x,mouse.y,mouse.leftButton,mouse.midButton,mouse.rightButton,mouse.clicked_name,trials.thisRepN,trials.thisTrialN,trials.thisN,trials.thisIndex,trials.ran,index,itemText,videoFile,itemPrompt,participant,session,date,expName,psychopyVersion,OS,frameRate,key_resp.keys,key_resp.rt,key_resp_3.keys,key_resp_3.rt,key_resp_5.keys,key_resp_5.rt,key_resp_7.keys,key_resp_7.rt,mouse_2.x,mouse_2.y,mouse_2.leftButton,mouse_2.midButton,mouse_2.rightButton,mouse_2.time,mouse_2.clicked_name,key_resp_8.keys,key_resp_8.rt,trials_2.thisRepN,trials_2.thisTrialN,trials_2.thisN,trials_2.thisIndex,trials_2.ran,imageFile,corrAns,mouse_4.x,mouse_4.y,mouse_4.leftButton,mouse_4.midButton,mouse_4.rightButton,mouse_4.clicked_name,key_resp_12.keys,key_resp_12.rt
space,3.5377,space,17.7825,space,1.2524,space,6.3013, ,-0.408796289,-0.159259326,1,0,0,Submit,0,0,0,0,1,1,"The next 2 sections are parts of a story told by Missy Keast. 
After each section you will be asked questions. 
Respond as best as you can. 
Press the space bar to continue.",MakingNoisePart1small.mp4,"Who did Missy go to the mall with? Please type your response below. If you are not sure, make your best guess.",H12,001,2022-04-25_16h32.35.364,ASLTestBattery1,2021.2.3,Win32,59.91970759,,,,,,,,,,,,,,,,,,,,,,,,,,,,,,,,
,,,,,,space,2.8514, Maybe because someone was complaining about a situation. I am not sure because I do not know ASL,-0.216201847,-0.152058443,1,0,0,Submit,0,1,1,1,1,2,Press spacebar to continue,MakingNoisePart2small.mp4,"The title of this short story is - Making Noise. In 1-2 sentences, please explain why this title was chosen below. If you are not sure, make your best guess.",H12,001,2022-04-25_16h32.35.364,ASLTestBattery1,2021.2.3,Win32,59.91970759,,,,,,,,,,,,,,,,,,,,,,,,,,,,,,,,
,,,,,,space,6.1995, Maybe something in politics,-0.239574957,-0.148871256,0,0,0,,0,2,2,2,1,3,"The next few clips are parts of an interview conducted by Joel Barish and Jamil Haque. 
After each section you will be asked questions. 
Respond as best as you can. 
Press the space bar to continue.",DNInterviewBornInNYsmall.mp4,"What is Jamil's job? Please type your response below. If you are not sure, make your best guess.",H12,001,2022-04-25_16h32.35.364,ASLTestBattery1,2021.2.3,Win32,59.91970759,,,,,,,,,,,,,,,,,,,,,,,,,,,,,,,,
,,,,,,space,1.1342, No idea. America,-0.152456826,-0.090969464,0,0,0,,0,3,3,3,1,4,Press spacebar to continue,DNInterviewSignForBangladeshsmall.mp4,"Where was Jamil born? Please type your response below. If you are not sure, make your best guess.",H12,001,2022-04-25_16h32.35.364,ASLTestBattery1,2021.2.3,Win32,59.91970759,,,,,,,,,,,,,,,,,,,,,,,,,,,,,,,,
,,,,,,space,5.1341, I do not know ASL. Maybe America,-0.194422234,-0.172775639,1,0,0,Submit,0,4,4,4,1,5,"The next few clips are parts of an interview conducted by Melissa Keomoungkhoun, Amanda Kline, & Jenny Cooper. 
After each section you will be asked questions.
Respond as best as you can.
Press spacebar to continue.",SweetsAndDrinksPart1.mp4,Where was Melissa Born?,H12,001,2022-04-25_16h32.35.364,ASLTestBattery1,2021.2.3,Win32,59.91970759,,,,,,,,,,,,,,,,,,,,,,,,,,,,,,,,
,,,,,,space,0.8241, Some sort of spiral cinnamon cookie,-0.008499256,0.316998669,0,0,0,,0,5,5,5,1,6,Press spacebar to continue,SweetsAndDrinksPart2.mp4,What kind of cookie was shown in the video?,H12,001,2022-04-25_16h32.35.364,ASLTestBattery1,2021.2.3,Win32,59.91970759,,,,,,,,,,,,,,,,,,,,,,,,,,,,,,,,
,,,,,,,,,,,,,,,,,,,,4,,3BlondHospitalFoodsmall.mp4,,H12,001,2022-04-25_16h32.35.364,ASLTestBattery1,2021.2.3,Win32,59.91970759,space,5.2509,space,4.5819,space,0.7836,space,29.5459,"[-0.31978750616747387,-0.07649400984623518,0.753253808170361]","[-0.056440911346064465,0.1321381087282581,0.24900398032361293]","[1,1,1]","[0,0,0]","[0,0,0]","[13.756100000023935,14.533899999976256,28.60810000002391]","[""purse"",""store"",""flower""]",space,4.4238,0,0,0,3,1,ASLCompStim4.jpg,,,,,,,,,
,,,,,,,,,,,,,,,,,,,,2,,3BlackBlueBirthdaysmall.mp4,,H12,001,2022-04-25_16h32.35.364,ASLTestBattery1,2021.2.3,Win32,59.91970759,,,,,,,space,9.3886,"[0.7681275166838293,-0.7553784821137964,-0.7155378440699255]","[0.31593625223731614,0.3063744991067871,-0.18499337010095476]","[1,1,1]","[0,0,0]","[0,0,0]","[4.047899999976153,5.031200000047647,7.698299999952269]","[""flower"",""dog"",""balloon""]",space,6.0326,0,1,1,1,1,ASLCompStim2.jpg,,,,,,,,,
,,,,,,,,,,,,,,,,,,,,3,,3BaldBirthdayHospitalsmall.mp4,,H12,001,2022-04-25_16h32.35.364,ASLTestBattery1,2021.2.3,Win32,59.91970759,,,,,,,space,15.0839,"[0.303320072838668,0.08180612531474546,0.5158034757393132]","[-0.03359897795663935,0.14329348738054196,-0.2062417103910193]","[1,1,1]","[0,0,0]","[0,0,0]","[3.6601000000238173,7.542899999976157,13.809200000047667]","[""bike"",""store"",""hospital""]",space,4.5557,0,2,2,2,1,ASLCompStim3.jpg,,,,,,,,,
,,,,,,,,,,,,,,,,,,,,6,,3BlackFoodBirthdaysmall.mp4,,H12,001,2022-04-25_16h32.35.364,ASLTestBattery1,2021.2.3,Win32,59.91970759,,,,,,,space,11.4388,"[-0.2889774127468803,0.49189909291299055,-0.03824699732411905]","[-0.046879158215535434,-0.207304192250311,0.12045148914632837]","[1,1,1]","[0,0,0]","[0,0,0]","[7.033099999904607,7.8497999999523245,10.819899999976201]","[""purse"",""hospital"",""store""]",space,5.4379,0,3,3,5,1,ASLCompStim6.jpg,,,,,,,,,
,,,,,,,,,,,,,,,,,,,,5,,3PonySnackBikesmall.mp4,,H12,001,2022-04-25_16h32.35.364,ASLTestBattery1,2021.2.3,Win32,59.91970759,,,,,,,space,14.0016,"[0.7787516868288615,-0.7575033161428029,0.31766270253446155]","[0.251660022859871,-0.21261627732282712,-0.08300133670864511]","[1,1,1]","[0,0,0]","[0,0,0]","[9.365800000071545,10.98190000009538,12.96530000007158]","[""flower"",""balloon"",""bike""]",space,4.7022,0,4,4,4,1,ASLCompStim5.jpg,,,,,,,,,
,,,,,,,,,,,,,,,,,,,,1,,3PonyCakeBirthdaysmall.mp4,,H12,001,2022-04-25_16h32.35.364,ASLTestBattery1,2021.2.3,Win32,59.91970759,,,,,,,space,10.6512,"[0.7962815675681647,-0.8164674604477319,-0.10305443520881583]","[0.27875165672970326,0.27078352912092907,0.14701191450890902]","[1,1,1]","[0,0,0]","[0,0,0]","[1.3954999999998563,9.428100000023733,9.87779999995223]","[""flower"",""dog"",""store""]",space,6.796,0,5,5,0,1,ASLCompStim1.jpg,,,,,,,,,
,,,,,,,,,,,,,,,,,,,,,,,,H12,001,2022-04-25_16h32.35.364,ASLTestBattery1,2021.2.3,Win32,59.91970759,,,,,,,,,,,,,,,,,,,,,,,,,-0.242762273,-0.16374503,1,0,0,Yes,space,7.2593
