﻿key_resp_13.keys,key_resp_13.rt,key_resp_16.keys,key_resp_16.rt,key_resp_17.keys,key_resp_17.rt,mouse_5.x,mouse_5.y,mouse_5.leftButton,mouse_5.midButton,mouse_5.rightButton,typedWord,trials_4.thisRepN,trials_4.thisTrialN,trials_4.thisN,trials_4.thisIndex,trials_4.ran,index,videoFile,itemPrompt,participant,session,date,expName,psychopyVersion,OS,frameRate,key_resp_9.keys,key_resp_9.rt,key_resp_18.keys,key_resp_18.rt,resp.x,resp.y,resp.leftButton,resp.midButton,resp.rightButton,resp.clicked_name,MatchLoop.thisRepN,MatchLoop.thisTrialN,MatchLoop.thisN,MatchLoop.thisIndex,MatchLoop.ran,imageDrawn,corrAns,plausibility,match,animacy,mouse_4.x,mouse_4.y,mouse_4.leftButton,mouse_4.midButton,mouse_4.rightButton,mouse_4.clicked_name,key_resp_12.keys,key_resp_12.rt
space,4.0059,space,2.4347,space,1.1373,0.207870387,-0.150462973,0,0,0, Lab ,0,0,0,0,1,1,FSAlgebra.mp4,,H12,001,2022-04-25_16h51.06.207,ASLTestBattery2,2021.2.3,Win32,60.0060006,,,,,,,,,,,,,,,,,,,,,,,,,,,,
,,,,,,0.225925943,-0.134259269,0,0,0,box,0,1,1,8,1,9,FSPizza.mp4,,H12,001,2022-04-25_16h51.06.207,ASLTestBattery2,2021.2.3,Win32,60.0060006,,,,,,,,,,,,,,,,,,,,,,,,,,,,
,,,,,,0.225925943,-0.134259269,0,0,0,log,0,2,2,6,1,7,FSHill.mp4,,H12,001,2022-04-25_16h51.06.207,ASLTestBattery2,2021.2.3,Win32,60.0060006,,,,,,,,,,,,,,,,,,,,,,,,,,,,
,,,,,,0.225925943,-0.134259269,0,0,0,pull,0,3,3,7,1,8,FSIce.mp4,,H12,001,2022-04-25_16h51.06.207,ASLTestBattery2,2021.2.3,Win32,60.0060006,,,,,,,,,,,,,,,,,,,,,,,,,,,,
,,,,,,0.239814832,-0.074074083,0,0,0,took,0,4,4,3,1,4,FSBooks.mp4,,H12,001,2022-04-25_16h51.06.207,ASLTestBattery2,2021.2.3,Win32,60.0060006,,,,,,,,,,,,,,,,,,,,,,,,,,,,
,,,,,,0.269907425,0.134259254,0,0,0,mom,0,5,5,5,1,6,FSGlass.mp4,,H12,001,2022-04-25_16h51.06.207,ASLTestBattery2,2021.2.3,Win32,60.0060006,,,,,,,,,,,,,,,,,,,,,,,,,,,,
,,,,,,0.269907425,0.134259254,0,0,0,boy,0,6,6,2,1,3,FSBerry.mp4,,H12,001,2022-04-25_16h51.06.207,ASLTestBattery2,2021.2.3,Win32,60.0060006,,,,,,,,,,,,,,,,,,,,,,,,,,,,
,,,,,,0.269907425,0.134259254,0,0,0,pot,0,7,7,4,1,5,FSFeet.mp4,,H12,001,2022-04-25_16h51.06.207,ASLTestBattery2,2021.2.3,Win32,60.0060006,,,,,,,,,,,,,,,,,,,,,,,,,,,,
,,,,,,0.269907425,0.134259254,0,0,0,mine,0,8,8,1,1,2,FSAndroid.mp4,,H12,001,2022-04-25_16h51.06.207,ASLTestBattery2,2021.2.3,Win32,60.0060006,,,,,,,,,,,,,,,,,,,,,,,,,,,,
,,,,,,0.274537054,0.138888884,0,0,0,no idea.,0,9,9,9,1,10,FSVanilla.mp4,,H12,001,2022-04-25_16h51.06.207,ASLTestBattery2,2021.2.3,Win32,60.0060006,,,,,,,,,,,,,,,,,,,,,,,,,,,,
,,,,space,1.0776,,,,,,,,,,,,6,32DoorKickCow.mp4,,H12,001,2022-04-25_16h51.06.207,ASLTestBattery2,2021.2.3,Win32,60.0060006,space,0.0991,space,2.3976,-0.20787036,-0.09398149,1,0,0,Y,0,0,0,5,1,32_cow_kick_door.jpg,N,reversed,mismatch,inanimate,,,,,,,,
,,,,,,,,,,,,,,,,,18,87MomBiteCookie.mp4,,H12,001,2022-04-25_16h51.06.207,ASLTestBattery2,2021.2.3,Win32,60.0060006,,,,,0.363888908,-0.128703713,1,0,0,N,0,1,1,17,1,87_cookie_bite_woman.jpg,N,canonical,mismatch,inanimate,,,,,,,,
,,,,,,,,,,,,,,,,,11,76ChocolateEatBoy.mp4,,H12,001,2022-04-25_16h51.06.207,ASLTestBattery2,2021.2.3,Win32,60.0060006,,,,,-0.294444379,-0.140277787,1,0,0,Y,0,2,2,10,1,76_boy_eat_chocolate.jpg,N,reversed,mismatch,inanimate,,,,,,,,
,,,,,,,,,,,,,,,,,9,73ClownPushTV.mp4,,H12,001,2022-04-25_16h51.06.207,ASLTestBattery2,2021.2.3,Win32,60.0060006,,,,,-0.254166657,-0.149537047,1,0,0,Y,0,3,3,8,1,73_clown_push_tv.jpg,Y,canonical,match,inanimate,,,,,,,,
,,,,,,,,,,,,,,,,,20,91SheepKickApple.mp4,,H12,001,2022-04-25_16h51.06.207,ASLTestBattery2,2021.2.3,Win32,60.0060006,,,,,0.279629647,-0.210648159,1,0,0,N,0,4,4,19,1,91_apple_kick_sheep.jpg,N,canonical,mismatch,inanimate,,,,,,,,
,,,,,,,,,,,,,,,,,16,40ChairPaintDad.mp4,,H12,001,2022-04-25_16h51.06.207,ASLTestBattery2,2021.2.3,Win32,60.0060006,,,,,-0.29675925,-0.158333343,1,0,0,Y,0,5,5,15,1,40_dad_paint_chair.jpg,N,reversed,mismatch,inanimate,,,,,,,,
,,,,,,,,,,,,,,,,,1,26CookieCarryDad.mp4,,H12,001,2022-04-25_16h51.06.207,ASLTestBattery2,2021.2.3,Win32,60.0060006,,,,,0.259722239,-0.17037038,1,0,0,N,0,6,6,0,1,26_cookie_carry_dad.jpg,Y,reversed,match,inanimate,,,,,,,,
,,,,,,,,,,,,,,,,,13,78GrassEatRabbit.mp4,,H12,001,2022-04-25_16h51.06.207,ASLTestBattery2,2021.2.3,Win32,60.0060006,,,,,0.19120372,-0.164351862,1,0,0,N,0,7,7,12,1,78_grass_eat_rabbit.jpg,Y,reversed,match,inanimate,,,,,,,,
,,,,,,,,,,,,,,,,,14,79GirlEatCandy.mp4,,H12,001,2022-04-25_16h51.06.207,ASLTestBattery2,2021.2.3,Win32,60.0060006,,,,,0.194907424,-0.181481492,1,0,0,N,0,8,8,13,1,79_candy_eat_girl.jpg,N,canonical,mismatch,inanimate,,,,,,,,
,,,,,,,,,,,,,,,,,15,82EggDrawMom.mp4,,H12,001,2022-04-25_16h51.06.207,ASLTestBattery2,2021.2.3,Win32,60.0060006,,,,,-0.257407341,-0.153703713,1,0,0,Y,0,9,9,14,1,82_egg_draw_mom.jpg,Y,reversed,match,inanimate,,,,,,,,
,,,,,,,,,,,,,,,,,8,72ChairPushGirl.mp4,,H12,001,2022-04-25_16h51.06.207,ASLTestBattery2,2021.2.3,Win32,60.0060006,,,,,-0.188425915,-0.180555566,1,0,0,Y,0,10,10,7,1,72_girl_push_chair.jpg,N,reversed,mismatch,inanimate,,,,,,,,
,,,,,,,,,,,,,,,,,10,74TablePushTeacher.mp4,,H12,001,2022-04-25_16h51.06.207,ASLTestBattery2,2021.2.3,Win32,60.0060006,,,,,-0.272685176,-0.190740751,1,0,0,Y,0,11,11,9,1,74_table_push_teacher.jpg,Y,reversed,match,inanimate,,,,,,,,
,,,,,,,,,,,,,,,,,5,30ChairKickGirl.mp4,,H12,001,2022-04-25_16h51.06.207,ASLTestBattery2,2021.2.3,Win32,60.0060006,,,,,-0.325925918,-0.143518528,1,0,0,Y,0,12,12,4,1,30_chair_kick_girl.jpg,Y,reversed,match,inanimate,,,,,,,,
,,,,,,,,,,,,,,,,,17,85BoyDrawTV.mp4,,H12,001,2022-04-25_16h51.06.207,ASLTestBattery2,2021.2.3,Win32,60.0060006,,,,,-0.261111102,-0.162037047,1,0,0,Y,0,13,13,16,1,85_boy_draw_tv.jpg,Y,canonical,match,inanimate,,,,,,,,
,,,,,,,,,,,,,,,,,3,28AppleCarryClown.mp4,,H12,001,2022-04-25_16h51.06.207,ASLTestBattery2,2021.2.3,Win32,60.0060006,,,,,-0.258796287,-0.092592601,1,0,0,Y,0,14,14,2,1,28_clown_carry_apple.jpg,N,reversed,mismatch,inanimate,,,,,,,,
,,,,,,,,,,,,,,,,,2,27BoyCarryEgg.mp4,,H12,001,2022-04-25_16h51.06.207,ASLTestBattery2,2021.2.3,Win32,60.0060006,,,,,-0.251851842,-0.189814825,1,0,0,Y,0,15,15,1,1,27_egg_carry_boy.jpg,N,canonical,mismatch,inanimate,,,,,,,,
,,,,,,,,,,,,,,,,,12,77DogEatBone.mp4,,H12,001,2022-04-25_16h51.06.207,ASLTestBattery2,2021.2.3,Win32,60.0060006,,,,,0.197222238,-0.157407417,1,0,0,N,0,16,16,11,1,77_dog_eat_bone.jpg,Y,canonical,match,inanimate,,,,,,,,
,,,,,,,,,,,,,,,,,4,29DadKickTable.mp4,,H12,001,2022-04-25_16h51.06.207,ASLTestBattery2,2021.2.3,Win32,60.0060006,,,,,-0.173148137,-0.182870381,1,0,0,Y,0,17,17,3,1,29_dad_kick_table.jpg,Y,canonical,match,inanimate,,,,,,,,
,,,,,,,,,,,,,,,,,19,89MomCarryOrange.mp4,,H12,001,2022-04-25_16h51.06.207,ASLTestBattery2,2021.2.3,Win32,60.0060006,,,,,0.447222242,-0.185185195,1,0,0,N,0,18,18,18,1,89_mom_carry_orange.jpg,Y,canonical,match,inanimate,,,,,,,,
,,,,,,,,,,,,,,,,,7,71ManPushTree.mp4,,H12,001,2022-04-25_16h51.06.207,ASLTestBattery2,2021.2.3,Win32,60.0060006,,,,,0.16944446,-0.173611121,1,0,0,N,0,19,19,6,1,71_tree_push_man.jpg,N,canonical,mismatch,inanimate,,,,,,,,
,,,,,,,,,,,,,,,,,,,,H12,001,2022-04-25_16h51.06.207,ASLTestBattery2,2021.2.3,Win32,60.0060006,,,,,,,,,,,,,,,,,,,,,-0.259722156,-0.178240751,1,0,0,Yes,space,2.0498
