﻿key_resp_13.keys,key_resp_13.rt,key_resp_16.keys,key_resp_16.rt,key_resp_17.keys,key_resp_17.rt,mouse_5.x,mouse_5.y,mouse_5.leftButton,mouse_5.midButton,mouse_5.rightButton,mouse_5.clicked_name,typedWord,trials_4.thisRepN,trials_4.thisTrialN,trials_4.thisN,trials_4.thisIndex,trials_4.ran,index,videoFile,itemPrompt,participant,session,date,expName,psychopyVersion,OS,frameRate,key_resp_9.keys,key_resp_9.rt,key_resp_18.keys,key_resp_18.rt,resp.x,resp.y,resp.leftButton,resp.midButton,resp.rightButton,resp.clicked_name,MatchLoop.thisRepN,MatchLoop.thisTrialN,MatchLoop.thisN,MatchLoop.thisIndex,MatchLoop.ran,imageDrawn,corrAns,plausibility,match,animacy,mouse_4.x,mouse_4.y,mouse_4.leftButton,mouse_4.midButton,mouse_4.rightButton,mouse_4.clicked_name,key_resp_12.keys,key_resp_12.rt
space,23.4294,space,3.7325,space,0.7176,0.105008138,-0.154583537,1,0,0,Submit1, books,0,0,0,3,1,4,FSBooks.mp4,,T08,001,2023-01-20_21h14.15.457,ASLTestBattery2,2021.2.3,MacIntel,60.0024001,,,,,,,,,,,,,,,,,,,,,,,,,,,,
,,,,,,0.105008138,-0.154583537,1,0,0,Submit1,missed this,0,1,1,9,1,10,FSVanilla.mp4,,T08,001,2023-01-20_21h14.15.457,ASLTestBattery2,2021.2.3,MacIntel,60.0024001,,,,,,,,,,,,,,,,,,,,,,,,,,,,
,,,,,,0.105008138,-0.154583537,1,0,0,Submit1,ry ,0,2,2,2,1,3,FSBerry.mp4,,T08,001,2023-01-20_21h14.15.457,ASLTestBattery2,2021.2.3,MacIntel,60.0024001,,,,,,,,,,,,,,,,,,,,,,,,,,,,
,,,,,,0.105008138,-0.154327528,1,0,0,Submit1,algebra,0,3,3,0,1,1,FSAlgebra.mp4,,T08,001,2023-01-20_21h14.15.457,ASLTestBattery2,2021.2.3,MacIntel,60.0024001,,,,,,,,,,,,,,,,,,,,,,,,,,,,
,,,,,,0.074832899,-0.167743462,1,0,0,Submit1,ice,0,4,4,7,1,8,FSIce.mp4,,T08,001,2023-01-20_21h14.15.457,ASLTestBattery2,2021.2.3,MacIntel,60.0024001,,,,,,,,,,,,,,,,,,,,,,,,,,,,
,,,,,,0.054135064,-0.149174262,1,0,0,Submit1,foot ,0,5,5,4,1,5,FSFeet.mp4,,T08,001,2023-01-20_21h14.15.457,ASLTestBattery2,2021.2.3,MacIntel,60.0024001,,,,,,,,,,,,,,,,,,,,,,,,,,,,
,,,,,,0.05427714,-0.153113878,1,0,0,Submit1,pizza ,0,6,6,8,1,9,FSPizza.mp4,,T08,001,2023-01-20_21h14.15.457,ASLTestBattery2,2021.2.3,MacIntel,60.0024001,,,,,,,,,,,,,,,,,,,,,,,,,,,,
,,,,,,0.054832696,-0.153113878,1,0,0,Submit1,gloss,0,7,7,5,1,6,FSGlass.mp4,,T08,001,2023-01-20_21h14.15.457,ASLTestBattery2,2021.2.3,MacIntel,60.0024001,,,,,,,,,,,,,,,,,,,,,,,,,,,,
,,,,,,0.04440918,-0.169443766,1,0,0,Submit1,hill,0,8,8,6,1,7,FSHill.mp4,,T08,001,2023-01-20_21h14.15.457,ASLTestBattery2,2021.2.3,MacIntel,60.0024001,,,,,,,,,,,,,,,,,,,,,,,,,,,,
,,,,,,0.04440918,-0.169999322,1,0,0,Submit1,missed,0,9,9,1,1,2,FSAndroid.mp4,,T08,001,2023-01-20_21h14.15.457,ASLTestBattery2,2021.2.3,MacIntel,60.0024001,,,,,,,,,,,,,,,,,,,,,,,,,,,,
,,,,space,2.819,,,,,,,,,,,,,18,87MomBiteCookie.mp4,,T08,001,2023-01-20_21h14.15.457,ASLTestBattery2,2021.2.3,MacIntel,60.0024001,space,7.4357,space,11.0536,0.181232842,-0.129845852,1,0,0,N,0,0,0,17,1,87_cookie_bite_woman.jpg,N,canonical,mismatch,inanimate,,,,,,,,
,,,,,,,,,,,,,,,,,,7,71ManPushTree.mp4,,T08,001,2023-01-20_21h14.15.457,ASLTestBattery2,2021.2.3,MacIntel,60.0024001,,,,,0.230893894,-0.201224162,1,0,0,N,0,1,1,6,1,71_tree_push_man.jpg,N,canonical,mismatch,inanimate,,,,,,,,
,,,,,,,,,,,,,,,,,,20,91SheepKickApple.mp4,,T08,001,2023-01-20_21h14.15.457,ASLTestBattery2,2021.2.3,MacIntel,60.0024001,,,,,-0.08260376,-0.150660468,1,0,0,Y,0,2,2,19,1,91_apple_kick_sheep.jpg,N,canonical,mismatch,inanimate,,,,,,,,
,,,,,,,,,,,,,,,,,,14,79GirlEatCandy.mp4,,T08,001,2023-01-20_21h14.15.457,ASLTestBattery2,2021.2.3,MacIntel,60.0024001,,,,,0.262909207,-0.146392822,1,0,0,N,0,3,3,13,1,79_candy_eat_girl.jpg,N,canonical,mismatch,inanimate,,,,,,,,
,,,,,,,,,,,,,,,,,,16,40ChairPaintDad.mp4,,T08,001,2023-01-20_21h14.15.457,ASLTestBattery2,2021.2.3,MacIntel,60.0024001,,,,,0.25852478,-0.15215861,1,0,0,N,0,4,4,15,1,40_dad_paint_chair.jpg,N,reversed,mismatch,inanimate,,,,,,,,
,,,,,,,,,,,,,,,,,,10,74TablePushTeacher.mp4,,T08,001,2023-01-20_21h14.15.457,ASLTestBattery2,2021.2.3,MacIntel,60.0024001,,,,,0.231197374,-0.118165487,1,0,0,N,0,5,5,9,1,74_table_push_teacher.jpg,Y,reversed,match,inanimate,,,,,,,,
,,,,,,,,,,,,,,,,,,12,77DogEatBone.mp4,,T08,001,2023-01-20_21h14.15.457,ASLTestBattery2,2021.2.3,MacIntel,60.0024001,,,,,-0.227802463,-0.114964261,1,0,0,Y,0,6,6,11,1,77_dog_eat_bone.jpg,Y,canonical,match,inanimate,,,,,,,,
,,,,,,,,,,,,,,,,,,6,32DoorKickCow.mp4,,T08,001,2023-01-20_21h14.15.457,ASLTestBattery2,2021.2.3,MacIntel,60.0024001,,,,,-0.364376831,-0.128388808,1,0,0,Y,0,7,7,5,1,32_cow_kick_door.jpg,N,reversed,mismatch,inanimate,,,,,,,,
,,,,,,,,,,,,,,,,,,1,26CookieCarryDad.mp4,,T08,001,2023-01-20_21h14.15.457,ASLTestBattery2,2021.2.3,MacIntel,60.0024001,,,,,0.34953125,-0.198504639,1,0,0,N,0,8,8,0,1,26_cookie_carry_dad.jpg,Y,reversed,match,inanimate,,,,,,,,
,,,,,,,,,,,,,,,,,,2,27BoyCarryEgg.mp4,,T08,001,2023-01-20_21h14.15.457,ASLTestBattery2,2021.2.3,MacIntel,60.0024001,,,,,-0.124527724,-0.129994439,1,0,0,Y,0,9,9,1,1,27_egg_carry_boy.jpg,N,canonical,mismatch,inanimate,,,,,,,,
,,,,,,,,,,,,,,,,,,4,29DadKickTable.mp4,,T08,001,2023-01-20_21h14.15.457,ASLTestBattery2,2021.2.3,MacIntel,60.0024001,,,,,-0.112086317,-0.124692451,1,0,0,Y,0,10,10,3,1,29_dad_kick_table.jpg,Y,canonical,match,inanimate,,,,,,,,
,,,,,,,,,,,,,,,,,,17,85BoyDrawTV.mp4,,T08,001,2023-01-20_21h14.15.457,ASLTestBattery2,2021.2.3,MacIntel,60.0024001,,,,,-0.275791456,-0.164204576,1,0,0,Y,0,11,11,16,1,85_boy_draw_tv.jpg,Y,canonical,match,inanimate,,,,,,,,
,,,,,,,,,,,,,,,,,,5,30ChairKickGirl.mp4,,T08,001,2023-01-20_21h14.15.457,ASLTestBattery2,2021.2.3,MacIntel,60.0024001,,,,,-0.16616116,-0.12648919,1,0,0,Y,0,12,12,4,1,30_chair_kick_girl.jpg,Y,reversed,match,inanimate,,,,,,,,
,,,,,,,,,,,,,,,,,,3,28AppleCarryClown.mp4,,T08,001,2023-01-20_21h14.15.457,ASLTestBattery2,2021.2.3,MacIntel,60.0024001,,,,,0.18556132,-0.132311808,1,0,0,N,0,13,13,2,1,28_clown_carry_apple.jpg,N,reversed,mismatch,inanimate,,,,,,,,
,,,,,,,,,,,,,,,,,,19,89MomCarryOrange.mp4,,T08,001,2023-01-20_21h14.15.457,ASLTestBattery2,2021.2.3,MacIntel,60.0024001,,,,,-0.212169529,-0.147899712,1,0,0,Y,0,14,14,18,1,89_mom_carry_orange.jpg,Y,canonical,match,inanimate,,,,,,,,
,,,,,,,,,,,,,,,,,,13,78GrassEatRabbit.mp4,,T08,001,2023-01-20_21h14.15.457,ASLTestBattery2,2021.2.3,MacIntel,60.0024001,,,,,-0.210016886,-0.144359334,1,0,0,Y,0,15,15,12,1,78_grass_eat_rabbit.jpg,Y,reversed,match,inanimate,,,,,,,,
,,,,,,,,,,,,,,,,,,15,82EggDrawMom.mp4,,T08,001,2023-01-20_21h14.15.457,ASLTestBattery2,2021.2.3,MacIntel,60.0024001,,,,,-0.251804403,-0.187672255,1,0,0,Y,0,16,16,14,1,82_egg_draw_mom.jpg,Y,reversed,match,inanimate,,,,,,,,
,,,,,,,,,,,,,,,,,,11,76ChocolateEatBoy.mp4,,T08,001,2023-01-20_21h14.15.457,ASLTestBattery2,2021.2.3,MacIntel,60.0024001,,,,,0.23008233,-0.186831597,1,0,0,N,0,17,17,10,1,76_boy_eat_chocolate.jpg,N,reversed,mismatch,inanimate,,,,,,,,
,,,,,,,,,,,,,,,,,,8,72ChairPushGirl.mp4,,T08,001,2023-01-20_21h14.15.457,ASLTestBattery2,2021.2.3,MacIntel,60.0024001,,,,,0.308608398,-0.173441637,1,0,0,N,0,18,18,7,1,72_girl_push_chair.jpg,N,reversed,mismatch,inanimate,,,,,,,,
,,,,,,,,,,,,,,,,,,9,73ClownPushTV.mp4,,T08,001,2023-01-20_21h14.15.457,ASLTestBattery2,2021.2.3,MacIntel,60.0024001,,,,,-0.225230374,-0.167264879,1,0,0,Y,0,19,19,8,1,73_clown_push_tv.jpg,Y,canonical,match,inanimate,,,,,,,,
,,,,,,,,,,,,,,,,,,,,,T08,001,2023-01-20_21h14.15.457,ASLTestBattery2,2021.2.3,MacIntel,60.0024001,,,,,,,,,,,,,,,,,,,,,-0.214128757,-0.159046495,1,0,0,Yes,space,1.4678
