﻿key_resp_13.keys,key_resp_13.rt,key_resp_16.keys,key_resp_16.rt,key_resp_17.keys,key_resp_17.rt,mouse_5.x,mouse_5.y,mouse_5.leftButton,mouse_5.midButton,mouse_5.rightButton,typedWord,trials_4.thisRepN,trials_4.thisTrialN,trials_4.thisN,trials_4.thisIndex,trials_4.ran,index,videoFile,itemPrompt,participant,session,date,expName,psychopyVersion,OS,frameRate,mouse_5.clicked_name,key_resp_9.keys,key_resp_9.rt,key_resp_18.keys,key_resp_18.rt,resp.x,resp.y,resp.leftButton,resp.midButton,resp.rightButton,resp.clicked_name,MatchLoop.thisRepN,MatchLoop.thisTrialN,MatchLoop.thisN,MatchLoop.thisIndex,MatchLoop.ran,imageDrawn,corrAns,plausibility,match,animacy,mouse_4.x,mouse_4.y,mouse_4.leftButton,mouse_4.midButton,mouse_4.rightButton,mouse_4.clicked_name,key_resp_12.keys,key_resp_12.rt
space,2.4274,space,0.983,space,0.7554,0.888425898,0.399074069,0,0,0, busy,0,0,0,2,1,3,FSBerry.mp4,,S09,001,03-04-2023_16h57.11.423,ASLTestBattery2,2021.2.3,Win32,60.0060006,,,,,,,,,,,,,,,,,,,,,,,,,,,,,
,,,,,,0.019907422,-0.127314815,1,0,0,pizza,0,1,1,8,1,9,FSPizza.mp4,,S09,001,03-04-2023_16h57.11.423,ASLTestBattery2,2021.2.3,Win32,60.0060006,Submit1,,,,,,,,,,,,,,,,,,,,,,,,,,,,
,,,,,,0.13472225,-0.158333319,1,0,0,hilly,0,2,2,6,1,7,FSHill.mp4,,S09,001,03-04-2023_16h57.11.423,ASLTestBattery2,2021.2.3,Win32,60.0060006,Submit1,,,,,,,,,,,,,,,,,,,,,,,,,,,,
,,,,,,0.058796282,-0.124074088,1,0,0,villa,0,3,3,9,1,10,FSVanilla.mp4,,S09,001,03-04-2023_16h57.11.423,ASLTestBattery2,2021.2.3,Win32,60.0060006,Submit1,,,,,,,,,,,,,,,,,,,,,,,,,,,,
,,,,,,-0.025462963,-0.118518547,1,0,0,not sure,0,4,4,1,1,2,FSAndroid.mp4,,S09,001,03-04-2023_16h57.11.423,ASLTestBattery2,2021.2.3,Win32,60.0060006,Submit1,,,,,,,,,,,,,,,,,,,,,,,,,,,,
,,,,,,0.19212963,-0.157407407,1,0,0,book,0,5,5,3,1,4,FSBooks.mp4,,S09,001,03-04-2023_16h57.11.423,ASLTestBattery2,2021.2.3,Win32,60.0060006,Submit1,,,,,,,,,,,,,,,,,,,,,,,,,,,,
,,,,,,0.13935188,-0.112963005,1,0,0,first,0,6,6,4,1,5,FSFeet.mp4,,S09,001,03-04-2023_16h57.11.423,ASLTestBattery2,2021.2.3,Win32,60.0060006,Submit1,,,,,,,,,,,,,,,,,,,,,,,,,,,,
,,,,,,0.188425912,-0.110648191,1,0,0,algebra,0,7,7,0,1,1,FSAlgebra.mp4,,S09,001,03-04-2023_16h57.11.423,ASLTestBattery2,2021.2.3,Win32,60.0060006,Submit1,,,,,,,,,,,,,,,,,,,,,,,,,,,,
,,,,,,0.216666681,-0.16805557,1,0,0,not sure,0,8,8,7,1,8,FSIce.mp4,,S09,001,03-04-2023_16h57.11.423,ASLTestBattery2,2021.2.3,Win32,60.0060006,Submit1,,,,,,,,,,,,,,,,,,,,,,,,,,,,
,,,,,,0.024537051,-0.163888931,1,0,0,grape,0,9,9,5,1,6,FSGlass.mp4,,S09,001,03-04-2023_16h57.11.423,ASLTestBattery2,2021.2.3,Win32,60.0060006,Submit1,,,,,,,,,,,,,,,,,,,,,,,,,,,,
,,,,space,1.0035,,,,,,,,,,,,14,79GirlEatCandy.mp4,,S09,001,03-04-2023_16h57.11.423,ASLTestBattery2,2021.2.3,Win32,60.0060006,,space,0.8672,space,8.1151,0.262499986,-0.123148176,1,0,0,N,0,0,0,13,1,79_candy_eat_girl.jpg,N,canonical,mismatch,inanimate,,,,,,,,
,,,,,,,,,,,,,,,,,13,78GrassEatRabbit.mp4,,S09,001,03-04-2023_16h57.11.423,ASLTestBattery2,2021.2.3,Win32,60.0060006,,,,,,-0.251388903,-0.155092593,1,0,0,Y,0,1,1,12,1,78_grass_eat_rabbit.jpg,Y,reversed,match,inanimate,,,,,,,,
,,,,,,,,,,,,,,,,,18,87MomBiteCookie.mp4,,S09,001,03-04-2023_16h57.11.423,ASLTestBattery2,2021.2.3,Win32,60.0060006,,,,,,0.293981481,-0.141666695,1,0,0,N,0,2,2,17,1,87_cookie_bite_woman.jpg,N,canonical,mismatch,inanimate,,,,,,,,
,,,,,,,,,,,,,,,,,10,74TablePushTeacher.mp4,,S09,001,03-04-2023_16h57.11.423,ASLTestBattery2,2021.2.3,Win32,60.0060006,,,,,,-0.277314787,-0.199537065,1,0,0,Y,0,3,3,9,1,74_table_push_teacher.jpg,Y,reversed,match,inanimate,,,,,,,,
,,,,,,,,,,,,,,,,,8,72ChairPushGirl.mp4,,S09,001,03-04-2023_16h57.11.423,ASLTestBattery2,2021.2.3,Win32,60.0060006,,,,,,0.270370413,-0.111574102,1,0,0,N,0,4,4,7,1,72_girl_push_chair.jpg,N,reversed,mismatch,inanimate,,,,,,,,
,,,,,,,,,,,,,,,,,15,82EggDrawMom.mp4,,S09,001,03-04-2023_16h57.11.423,ASLTestBattery2,2021.2.3,Win32,60.0060006,,,,,,-0.405092593,-0.147685228,1,0,0,Y,0,5,5,14,1,82_egg_draw_mom.jpg,Y,reversed,match,inanimate,,,,,,,,
,,,,,,,,,,,,,,,,,12,77DogEatBone.mp4,,S09,001,03-04-2023_16h57.11.423,ASLTestBattery2,2021.2.3,Win32,60.0060006,,,,,,-0.310648141,-0.107870384,1,0,0,Y,0,6,6,11,1,77_dog_eat_bone.jpg,Y,canonical,match,inanimate,,,,,,,,
,,,,,,,,,,,,,,,,,2,27BoyCarryEgg.mp4,,S09,001,03-04-2023_16h57.11.423,ASLTestBattery2,2021.2.3,Win32,60.0060006,,,,,,0.234259288,-0.142592607,1,0,0,N,0,7,7,1,1,27_egg_carry_boy.jpg,N,canonical,mismatch,inanimate,,,,,,,,
,,,,,,,,,,,,,,,,,6,32DoorKickCow.mp4,,S09,001,03-04-2023_16h57.11.423,ASLTestBattery2,2021.2.3,Win32,60.0060006,,,,,,0.29814812,-0.126851894,1,0,0,N,0,8,8,5,1,32_cow_kick_door.jpg,N,reversed,mismatch,inanimate,,,,,,,,
,,,,,,,,,,,,,,,,,16,40ChairPaintDad.mp4,,S09,001,03-04-2023_16h57.11.423,ASLTestBattery2,2021.2.3,Win32,60.0060006,,,,,,0.310185185,-0.180092635,1,0,0,N,0,9,9,15,1,40_dad_paint_chair.jpg,N,reversed,mismatch,inanimate,,,,,,,,
,,,,,,,,,,,,,,,,,3,28AppleCarryClown.mp4,,S09,001,03-04-2023_16h57.11.423,ASLTestBattery2,2021.2.3,Win32,60.0060006,,,,,,-0.116203661,-0.131481524,1,0,0,Y,0,10,10,2,1,28_clown_carry_apple.jpg,N,reversed,mismatch,inanimate,,,,,,,,
,,,,,,,,,,,,,,,,,1,26CookieCarryDad.mp4,,S09,001,03-04-2023_16h57.11.423,ASLTestBattery2,2021.2.3,Win32,60.0060006,,,,,,-0.277777778,-0.208333333,1,0,0,Y,0,11,11,0,1,26_cookie_carry_dad.jpg,Y,reversed,match,inanimate,,,,,,,,
,,,,,,,,,,,,,,,,,20,91SheepKickApple.mp4,,S09,001,03-04-2023_16h57.11.423,ASLTestBattery2,2021.2.3,Win32,60.0060006,,,,,,0.272685228,-0.150925954,1,0,0,N,0,12,12,19,1,91_apple_kick_sheep.jpg,N,canonical,mismatch,inanimate,,,,,,,,
,,,,,,,,,,,,,,,,,5,30ChairKickGirl.mp4,,S09,001,03-04-2023_16h57.11.423,ASLTestBattery2,2021.2.3,Win32,60.0060006,,,,,,-0.284259231,-0.123611097,1,0,0,Y,0,13,13,4,1,30_chair_kick_girl.jpg,Y,reversed,match,inanimate,,,,,,,,
,,,,,,,,,,,,,,,,,11,76ChocolateEatBoy.mp4,,S09,001,03-04-2023_16h57.11.423,ASLTestBattery2,2021.2.3,Win32,60.0060006,,,,,,0.4375,-0.167592578,1,0,0,N,0,14,14,10,1,76_boy_eat_chocolate.jpg,N,reversed,mismatch,inanimate,,,,,,,,
,,,,,,,,,,,,,,,,,7,71ManPushTree.mp4,,S09,001,03-04-2023_16h57.11.423,ASLTestBattery2,2021.2.3,Win32,60.0060006,,,,,,0.306018547,-0.148148148,1,0,0,N,0,15,15,6,1,71_tree_push_man.jpg,N,canonical,mismatch,inanimate,,,,,,,,
,,,,,,,,,,,,,,,,,19,89MomCarryOrange.mp4,,S09,001,03-04-2023_16h57.11.423,ASLTestBattery2,2021.2.3,Win32,60.0060006,,,,,,-0.213888875,-0.140277792,1,0,0,Y,0,16,16,18,1,89_mom_carry_orange.jpg,Y,canonical,match,inanimate,,,,,,,,
,,,,,,,,,,,,,,,,,17,85BoyDrawTV.mp4,,S09,001,03-04-2023_16h57.11.423,ASLTestBattery2,2021.2.3,Win32,60.0060006,,,,,,-0.195370356,-0.178240741,1,0,0,Y,0,17,17,16,1,85_boy_draw_tv.jpg,Y,canonical,match,inanimate,,,,,,,,
,,,,,,,,,,,,,,,,,9,73ClownPushTV.mp4,,S09,001,03-04-2023_16h57.11.423,ASLTestBattery2,2021.2.3,Win32,60.0060006,,,,,,-0.233796296,-0.162962949,1,0,0,Y,0,18,18,8,1,73_clown_push_tv.jpg,Y,canonical,match,inanimate,,,,,,,,
,,,,,,,,,,,,,,,,,4,29DadKickTable.mp4,,S09,001,03-04-2023_16h57.11.423,ASLTestBattery2,2021.2.3,Win32,60.0060006,,,,,,-0.277314787,-0.117592635,1,0,0,Y,0,19,19,3,1,29_dad_kick_table.jpg,Y,canonical,match,inanimate,,,,,,,,
,,,,,,,,,,,,,,,,,,,,S09,001,03-04-2023_16h57.11.423,ASLTestBattery2,2021.2.3,Win32,60.0060006,,,,,,,,,,,,,,,,,,,,,,-0.277314787,-0.117592635,1,0,0,Yes,space,1.0627
