﻿key_resp_13.keys,key_resp_13.rt,key_resp_16.keys,key_resp_16.rt,key_resp_17.keys,key_resp_17.rt,mouse_5.x,mouse_5.y,mouse_5.leftButton,mouse_5.midButton,mouse_5.rightButton,mouse_5.clicked_name,typedWord,trials_4.thisRepN,trials_4.thisTrialN,trials_4.thisN,trials_4.thisIndex,trials_4.ran,index,videoFile,itemPrompt,participant,session,date,expName,psychopyVersion,OS,frameRate,key_resp_9.keys,key_resp_9.rt,key_resp_18.keys,key_resp_18.rt,resp.x,resp.y,resp.leftButton,resp.midButton,resp.rightButton,resp.clicked_name,MatchLoop.thisRepN,MatchLoop.thisTrialN,MatchLoop.thisN,MatchLoop.thisIndex,MatchLoop.ran,imageDrawn,corrAns,plausibility,match,animacy,mouse_4.x,mouse_4.y,mouse_4.leftButton,mouse_4.midButton,mouse_4.rightButton,mouse_4.clicked_name,key_resp_12.keys,key_resp_12.rt
space,14.0889,space,1.5292,space,0.7716,0.096690713,-0.130415713,1,0,0,Submit1, apple,0,0,0,1,1,2,FSAndroid.mp4,,Chris Baronian H15,001,2022-04-22_21h25.17.397,ASLTestBattery2,2021.2.3,Win32,30.00660145,,,,,,,,,,,,,,,,,,,,,,,,,,,,
,,,,,,0.03100945,-0.154161959,1,0,0,Submit1,hello,0,1,1,9,1,10,FSVanilla.mp4,,Chris Baronian H15,001,2022-04-22_21h25.17.397,ASLTestBattery2,2021.2.3,Win32,30.00660145,,,,,,,,,,,,,,,,,,,,,,,,,,,,
,,,,,,0.107300793,-0.151635873,1,0,0,Submit1,park,0,2,2,5,1,6,FSGlass.mp4,,Chris Baronian H15,001,2022-04-22_21h25.17.397,ASLTestBattery2,2021.2.3,Win32,30.00660145,,,,,,,,,,,,,,,,,,,,,,,,,,,,
,,,,,,0.113868938,-0.19154986,1,0,0,Submit1,love,0,3,3,7,1,8,FSIce.mp4,,Chris Baronian H15,001,2022-04-22_21h25.17.397,ASLTestBattery2,2021.2.3,Win32,30.00660145,,,,,,,,,,,,,,,,,,,,,,,,,,,,
,,,,,,0.004736686,-0.181950388,1,0,0,Submit1,fall,0,4,4,6,1,7,FSHill.mp4,,Chris Baronian H15,001,2022-04-22_21h25.17.397,ASLTestBattery2,2021.2.3,Win32,30.00660145,,,,,,,,,,,,,,,,,,,,,,,,,,,,
,,,,,,0.03100945,-0.161235346,1,0,0,Submit1,fez,0,5,5,8,1,9,FSPizza.mp4,,Chris Baronian H15,001,2022-04-22_21h25.17.397,ASLTestBattery2,2021.2.3,Win32,30.00660145,,,,,,,,,,,,,,,,,,,,,,,,,,,,
,,,,,,0.03100945,-0.161235346,1,0,0,Submit1,boy,0,6,6,2,1,3,FSBerry.mp4,,Chris Baronian H15,001,2022-04-22_21h25.17.397,ASLTestBattery2,2021.2.3,Win32,30.00660145,,,,,,,,,,,,,,,,,,,,,,,,,,,,
,,,,,,0.03100945,-0.161235346,1,0,0,Submit1,bolt,0,7,7,4,1,5,FSFeet.mp4,,Chris Baronian H15,001,2022-04-22_21h25.17.397,ASLTestBattery2,2021.2.3,Win32,30.00660145,,,,,,,,,,,,,,,,,,,,,,,,,,,,
,,,,,,0.03100945,-0.161235346,1,0,0,Submit1,hurt,0,8,8,3,1,4,FSBooks.mp4,,Chris Baronian H15,001,2022-04-22_21h25.17.397,ASLTestBattery2,2021.2.3,Win32,30.00660145,,,,,,,,,,,,,,,,,,,,,,,,,,,,
,,,,,,0.03100945,-0.161235346,1,0,0,Submit1,flute,0,9,9,0,1,1,FSAlgebra.mp4,,Chris Baronian H15,001,2022-04-22_21h25.17.397,ASLTestBattery2,2021.2.3,Win32,30.00660145,,,,,,,,,,,,,,,,,,,,,,,,,,,,
,,,,space,0.8163,,,,,,,,,,,,,4,29DadKickTable.mp4,,Chris Baronian H15,001,2022-04-22_21h25.17.397,ASLTestBattery2,2021.2.3,Win32,30.00660145,space,2.9492,space,1.2721,0.200770793,-0.20114958,1,0,0,N,0,0,0,3,1,29_dad_kick_table.jpg,Y,canonical,match,inanimate,,,,,,,,
,,,,,,,,,,,,,,,,,,17,85BoyDrawTV.mp4,,Chris Baronian H15,001,2022-04-22_21h25.17.397,ASLTestBattery2,2021.2.3,Win32,30.00660145,,,,,-0.337817327,-0.171845426,1,0,0,Y,0,1,1,16,1,85_boy_draw_tv.jpg,Y,canonical,match,inanimate,,,,,,,,
,,,,,,,,,,,,,,,,,,6,32DoorKickCow.mp4,,Chris Baronian H15,001,2022-04-22_21h25.17.397,ASLTestBattery2,2021.2.3,Win32,30.00660145,,,,,-0.340848655,-0.14809918,1,0,0,Y,0,2,2,5,1,32_cow_kick_door.jpg,N,reversed,mismatch,inanimate,,,,,,,,
,,,,,,,,,,,,,,,,,,10,74TablePushTeacher.mp4,,Chris Baronian H15,001,2022-04-22_21h25.17.397,ASLTestBattery2,2021.2.3,Win32,30.00660145,,,,,-0.234242612,-0.165782646,1,0,0,Y,0,3,3,9,1,74_table_push_teacher.jpg,Y,reversed,match,inanimate,,,,,,,,
,,,,,,,,,,,,,,,,,,13,78GrassEatRabbit.mp4,,Chris Baronian H15,001,2022-04-22_21h25.17.397,ASLTestBattery2,2021.2.3,Win32,30.00660145,,,,,0.246747806,-0.182455506,1,0,0,N,0,4,4,12,1,78_grass_eat_rabbit.jpg,Y,reversed,match,inanimate,,,,,,,,
,,,,,,,,,,,,,,,,,,19,89MomCarryOrange.mp4,,Chris Baronian H15,001,2022-04-22_21h25.17.397,ASLTestBattery2,2021.2.3,Win32,30.00660145,,,,,-0.268599186,-0.192560468,1,0,0,Y,0,5,5,18,1,89_mom_carry_orange.jpg,Y,canonical,match,inanimate,,,,,,,,
,,,,,,,,,,,,,,,,,,2,27BoyCarryEgg.mp4,,Chris Baronian H15,001,2022-04-22_21h25.17.397,ASLTestBattery2,2021.2.3,Win32,30.00660145,,,,,-0.225148381,-0.186497441,1,0,0,Y,0,6,6,1,1,27_egg_carry_boy.jpg,N,canonical,mismatch,inanimate,,,,,,,,
,,,,,,,,,,,,,,,,,,5,30ChairKickGirl.mp4,,Chris Baronian H15,001,2022-04-22_21h25.17.397,ASLTestBattery2,2021.2.3,Win32,30.00660145,,,,,0.17803466,-0.187002807,1,0,0,N,0,7,7,4,1,30_chair_kick_girl.jpg,Y,reversed,match,inanimate,,,,,,,,
,,,,,,,,,,,,,,,,,,16,40ChairPaintDad.mp4,,Chris Baronian H15,001,2022-04-22_21h25.17.397,ASLTestBattery2,2021.2.3,Win32,30.00660145,,,,,-0.266072853,-0.187002807,1,0,0,Y,0,8,8,15,1,40_dad_paint_chair.jpg,N,reversed,mismatch,inanimate,,,,,,,,
,,,,,,,,,,,,,,,,,,1,26CookieCarryDad.mp4,,Chris Baronian H15,001,2022-04-22_21h25.17.397,ASLTestBattery2,2021.2.3,Win32,30.00660145,,,,,0.160351194,-0.174877001,1,0,0,N,0,9,9,0,1,26_cookie_carry_dad.jpg,Y,reversed,match,inanimate,,,,,,,,
,,,,,,,,,,,,,,,,,,20,91SheepKickApple.mp4,,Chris Baronian H15,001,2022-04-22_21h25.17.397,ASLTestBattery2,2021.2.3,Win32,30.00660145,,,,,-0.299418942,-0.197612887,1,0,0,Y,0,10,10,19,1,91_apple_kick_sheep.jpg,N,canonical,mismatch,inanimate,,,,,,,,
,,,,,,,,,,,,,,,,,,3,28AppleCarryClown.mp4,,Chris Baronian H15,001,2022-04-22_21h25.17.397,ASLTestBattery2,2021.2.3,Win32,30.00660145,,,,,-0.297397974,-0.205191515,1,0,0,Y,0,11,11,2,1,28_clown_carry_apple.jpg,N,reversed,mismatch,inanimate,,,,,,,,
,,,,,,,,,,,,,,,,,,14,79GirlEatCandy.mp4,,Chris Baronian H15,001,2022-04-22_21h25.17.397,ASLTestBattery2,2021.2.3,Win32,30.00660145,,,,,-0.304471361,-0.197612887,1,0,0,Y,0,12,12,13,1,79_candy_eat_girl.jpg,N,canonical,mismatch,inanimate,,,,,,,,
,,,,,,,,,,,,,,,,,,12,77DogEatBone.mp4,,Chris Baronian H15,001,2022-04-22_21h25.17.397,ASLTestBattery2,2021.2.3,Win32,30.00660145,,,,,0.089617327,-0.196097161,1,0,0,N,0,13,13,11,1,77_dog_eat_bone.jpg,Y,canonical,match,inanimate,,,,,,,,
,,,,,,,,,,,,,,,,,,9,73ClownPushTV.mp4,,Chris Baronian H15,001,2022-04-22_21h25.17.397,ASLTestBattery2,2021.2.3,Win32,30.00660145,,,,,-0.269609546,-0.196097161,1,0,0,Y,0,14,14,8,1,73_clown_push_tv.jpg,Y,canonical,match,inanimate,,,,,,,,
,,,,,,,,,,,,,,,,,,18,87MomBiteCookie.mp4,,Chris Baronian H15,001,2022-04-22_21h25.17.397,ASLTestBattery2,2021.2.3,Win32,30.00660145,,,,,-0.247884267,-0.204180908,1,0,0,Y,0,15,15,17,1,87_cookie_bite_woman.jpg,N,canonical,mismatch,inanimate,,,,,,,,
,,,,,,,,,,,,,,,,,,7,71ManPushTree.mp4,,Chris Baronian H15,001,2022-04-22_21h25.17.397,ASLTestBattery2,2021.2.3,Win32,30.00660145,,,,,-0.248389386,-0.187508048,1,0,0,Y,0,16,16,6,1,71_tree_push_man.jpg,N,canonical,mismatch,inanimate,,,,,,,,
,,,,,,,,,,,,,,,,,,15,82EggDrawMom.mp4,,Chris Baronian H15,001,2022-04-22_21h25.17.397,ASLTestBattery2,2021.2.3,Win32,30.00660145,,,,,-0.172097981,-0.189023774,1,0,0,Y,0,17,17,14,1,82_egg_draw_mom.jpg,Y,reversed,match,inanimate,,,,,,,,
,,,,,,,,,,,,,,,,,,11,76ChocolateEatBoy.mp4,,Chris Baronian H15,001,2022-04-22_21h25.17.397,ASLTestBattery2,2021.2.3,Win32,30.00660145,,,,,-0.156435359,-0.198118129,1,0,0,Y,0,18,18,10,1,76_boy_eat_chocolate.jpg,N,reversed,mismatch,inanimate,,,,,,,,
,,,,,,,,,,,,,,,,,,8,72ChairPushGirl.mp4,,Chris Baronian H15,001,2022-04-22_21h25.17.397,ASLTestBattery2,2021.2.3,Win32,30.00660145,,,,,-0.200391528,-0.181950388,1,0,0,Y,0,19,19,7,1,72_girl_push_chair.jpg,N,reversed,mismatch,inanimate,,,,,,,,
,,,,,,,,,,,,,,,,,,,,,Chris Baronian H15,001,2022-04-22_21h25.17.397,ASLTestBattery2,2021.2.3,Win32,30.00660145,,,,,,,,,,,,,,,,,,,,,-0.199886286,-0.18093978,1,0,0,Yes,space,1.3303
