﻿key_resp_15.keys,key_resp_15.rt,key_resp_4.keys,key_resp_4.rt,key_resp_17.keys,key_resp_17.rt,key_resp_2.keys,key_resp_2.rt,typedWord,mouse.x,mouse.y,mouse.leftButton,mouse.midButton,mouse.rightButton,mouse.clicked_name,trials.thisRepN,trials.thisTrialN,trials.thisN,trials.thisIndex,trials.ran,index,itemText,videoFile,itemPrompt,participant,session,date,expName,psychopyVersion,OS,frameRate,key_resp.keys,key_resp.rt,key_resp_3.keys,key_resp_3.rt,key_resp_5.keys,key_resp_5.rt,key_resp_7.keys,key_resp_7.rt,mouse_2.x,mouse_2.y,mouse_2.leftButton,mouse_2.midButton,mouse_2.rightButton,mouse_2.time,mouse_2.clicked_name,key_resp_8.keys,key_resp_8.rt,trials_2.thisRepN,trials_2.thisTrialN,trials_2.thisN,trials_2.thisIndex,trials_2.ran,imageFile,corrAns,mouse_4.x,mouse_4.y,mouse_4.leftButton,mouse_4.midButton,mouse_4.rightButton,mouse_4.clicked_name,key_resp_12.keys,key_resp_12.rt
space,7.0638,space,10.1425,space,1.2905,space,3.957, her friend,-0.19837056,-0.168308733,1,0,0,Submit,0,0,0,0,1,1,"The next 2 sections are parts of a story told by Missy Keast. 
After each section you will be asked questions. 
Respond as best as you can. 
Press the space bar to continue.",MakingNoisePart1small.mp4,"Who did Missy go to the mall with? Please type your response below. If you are not sure, make your best guess.",Chris Baronian H15,001,2022-04-22_20h51.29.328,ASLTestBattery1,2021.2.3,Win32,29.99220203,,,,,,,,,,,,,,,,,,,,,,,,,,,,,,,,
,,,,,,space,1.6368, It was likely because the story was about making noise in a quiet place.,-0.229190193,-0.140015186,1,0,0,Submit,0,1,1,1,1,2,Press spacebar to continue,MakingNoisePart2small.mp4,"The title of this short story is - Making Noise. In 1-2 sentences, please explain why this title was chosen below. If you are not sure, make your best guess.",Chris Baronian H15,001,2022-04-22_20h51.29.328,ASLTestBattery1,2021.2.3,Win32,29.99220203,,,,,,,,,,,,,,,,,,,,,,,,,,,,,,,,
,,,,,,space,5.997, Jamil is a Journalist,-0.317102409,-0.165277281,1,0,0,Submit,0,2,2,2,1,3,"The next few clips are parts of an interview conducted by Joel Barish and Jamil Haque. 
After each section you will be asked questions. 
Respond as best as you can. 
Press the space bar to continue.",DNInterviewBornInNYsmall.mp4,"What is Jamil's job? Please type your response below. If you are not sure, make your best guess.",Chris Baronian H15,001,2022-04-22_20h51.29.328,ASLTestBattery1,2021.2.3,Win32,29.99220203,,,,,,,,,,,,,,,,,,,,,,,,,,,,,,,,
,,,,,,space,1.4058, Middle east,-0.226664107,-0.155172566,1,0,0,Submit,0,3,3,3,1,4,Press spacebar to continue,DNInterviewSignForBangladeshsmall.mp4,"Where was Jamil born? Please type your response below. If you are not sure, make your best guess.",Chris Baronian H15,001,2022-04-22_20h51.29.328,ASLTestBattery1,2021.2.3,Win32,29.99220203,,,,,,,,,,,,,,,,,,,,,,,,,,,,,,,,
,,,,,,space,7.0579, America,-0.285777287,-0.167298249,1,0,0,Submit,0,4,4,4,1,5,"The next few clips are parts of an interview conducted by Melissa Keomoungkhoun, Amanda Kline, & Jenny Cooper. 
After each section you will be asked questions.
Respond as best as you can.
Press spacebar to continue.",SweetsAndDrinksPart1.mp4,Where was Melissa Born?,Chris Baronian H15,001,2022-04-22_20h51.29.328,ASLTestBattery1,2021.2.3,Win32,29.99220203,,,,,,,,,,,,,,,,,,,,,,,,,,,,,,,,
,,,,,,space,0.9139,Cinnamon swirl,-0.226664107,-0.150120147,1,0,0,Submit,0,5,5,5,1,6,Press spacebar to continue,SweetsAndDrinksPart2.mp4,What kind of cookie was shown in the video?,Chris Baronian H15,001,2022-04-22_20h51.29.328,ASLTestBattery1,2021.2.3,Win32,29.99220203,,,,,,,,,,,,,,,,,,,,,,,,,,,,,,,,
,,,,,,,,,,,,,,,,,,,,6,,3BlackFoodBirthdaysmall.mp4,,Chris Baronian H15,001,2022-04-22_20h51.29.328,ASLTestBattery1,2021.2.3,Win32,29.99220203,space,5.3449,space,1.0716,space,0.9533,space,11.1018,"[0.2851461914207041,-0.7192749666703896]","[-0.07534422175374103,0.2677150331931658]","[1,1]","[0,0]","[0,0]","[6.239799999999832,9.274199999999155]","[""bike"",""dog""]",space,6.8297,0,0,0,5,1,ASLCompStim6.jpg,,,,,,,,,
,,,,,,,,,,,,,,,,,,,,1,,3PonyCakeBirthdaysmall.mp4,,Chris Baronian H15,001,2022-04-22_20h51.29.328,ASLTestBattery1,2021.2.3,Win32,29.99220203,,,,,,,space,8.8771,"[-0.30295563518842905,0.05425039315835024,-0.7607047722182116]","[-0.06574462551811329,0.12978399254440945,-0.224390707709615]","[1,1,1]","[0,0,0]","[0,0,0]","[2.7817999999997483,6.230299999999943,7.756200000000263]","[""purse"",""store"",""balloon""]",space,6.0146,0,1,1,0,1,ASLCompStim1.jpg,,,,,,,,,
,,,,,,,,,,,,,,,,,,,,3,,3BaldBirthdayHospitalsmall.mp4,,Chris Baronian H15,001,2022-04-22_20h51.29.328,ASLTestBattery1,2021.2.3,Win32,29.99220203,,,,,,,space,8.2429,"[0.2826199818850126,0.004736686258796672,0.7792725299018132]","[-0.0980801075749646,-0.20266530570266802,0.2611468421440898]","[1,1,1]","[0,0,0]","[0,0,0]","[1.8250000000000455,5.540100000000621,6.97410000000059]","[""bike"",""PO"",""flower""]",space,5.299,0,2,2,2,1,ASLCompStim3.jpg,,,,,,,,,
,,,,,,,,,,,,,,,,,,,,5,,3PonySnackBikesmall.mp4,,Chris Baronian H15,001,2022-04-22_20h51.29.328,ASLTestBattery1,2021.2.3,Win32,29.99220203,,,,,,,space,3.8275,"[-0.2923455551385247,-0.745042303934443,0.2740306227635115]","[-0.05058736830396424,-0.23601114822372096,-0.0662498674252516]","[1,1,1]","[0,0,0]","[0,0,0]","[1.7929000000003725,2.4839000000004035,3.3082999999999174]","[""purse"",""balloon"",""bike""]",space,5.5335,0,3,3,4,1,ASLCompStim5.jpg,,,,,,,,,
,,,,,,,,,,,,,,,,,,,,2,,3BlackBlueBirthdaysmall.mp4,,Chris Baronian H15,001,2022-04-22_20h51.29.328,ASLTestBattery1,2021.2.3,Win32,29.99220203,,,,,,,space,12.2438,"[0.7898826099517174,0.0001895707695894491,-0.7440318201201664]","[0.2591259053530553,-0.25723130832352964,0.29095613008400895]","[1,1,1]","[0,0,0]","[0,0,0]","[5.126500000000078,8.417799999999716,11.203799999999774]","[""flower"",""PO"",""dog""]",space,4.0345,0,4,4,1,1,ASLCompStim2.jpg,,,,,,,,,
,,,,,,,,,,,,,,,,,,,,4,,3BlondHospitalFoodsmall.mp4,,Chris Baronian H15,001,2022-04-22_20h51.29.328,ASLTestBattery1,2021.2.3,Win32,29.99220203,,,,,,,space,9.7277,"[-0.27011478787436444,0.7464318059378235,0.04515622385497328]","[-0.0404826535112732,0.24093715043979833,-0.2526842545093599]","[1,1,1]","[0,0,0]","[0,0,0]","[0.9740999999996802,5.93970000000013,8.188799999999901]","[""purse"",""flower"",""PO""]",space,2.9244,0,5,5,3,1,ASLCompStim4.jpg,,,,,,,,,
,,,,,,,,,,,,,,,,,,,,,,,,Chris Baronian H15,001,2022-04-22_20h51.29.328,ASLTestBattery1,2021.2.3,Win32,29.99220203,,,,,,,,,,,,,,,,,,,,,,,,,-0.269104427,-0.128394622,1,0,0,Yes,space,2.2101
