﻿key_resp_13.keys,key_resp_13.rt,key_resp_16.keys,key_resp_16.rt,key_resp_17.keys,key_resp_17.rt,mouse_5.x,mouse_5.y,mouse_5.leftButton,mouse_5.midButton,mouse_5.rightButton,typedWord,trials_4.thisRepN,trials_4.thisTrialN,trials_4.thisN,trials_4.thisIndex,trials_4.ran,index,videoFile,itemPrompt,participant,session,date,expName,psychopyVersion,OS,frameRate,key_resp_9.keys,key_resp_9.rt,key_resp_18.keys,key_resp_18.rt,resp.x,resp.y,resp.leftButton,resp.midButton,resp.rightButton,resp.clicked_name,MatchLoop.thisRepN,MatchLoop.thisTrialN,MatchLoop.thisN,MatchLoop.thisIndex,MatchLoop.ran,imageDrawn,corrAns,plausibility,match,animacy,mouse_4.x,mouse_4.y,mouse_4.leftButton,mouse_4.midButton,mouse_4.rightButton,mouse_4.clicked_name,key_resp_12.keys,key_resp_12.rt
space,3.1517,space,1.7177,space,1.122,-0.121527778,-0.077777778,0,0,0, eye,0,0,0,3,1,4,FSBooks.mp4,,H14,001,2022-05-08_13h02.21.126,ASLTestBattery2,2021.2.3,Win32,59.93048064,,,,,,,,,,,,,,,,,,,,,,,,,,,,
,,,,,,-0.121527778,-0.077777778,0,0,0,robin,0,1,1,2,1,3,FSBerry.mp4,,H14,001,2022-05-08_13h02.21.126,ASLTestBattery2,2021.2.3,Win32,59.93048064,,,,,,,,,,,,,,,,,,,,,,,,,,,,
,,,,,,-0.121527778,-0.077777778,0,0,0,dog,0,2,2,4,1,5,FSFeet.mp4,,H14,001,2022-05-08_13h02.21.126,ASLTestBattery2,2021.2.3,Win32,59.93048064,,,,,,,,,,,,,,,,,,,,,,,,,,,,
,,,,,,-0.121527778,-0.077777778,0,0,0,flower,0,3,3,9,1,10,FSVanilla.mp4,,H14,001,2022-05-08_13h02.21.126,ASLTestBattery2,2021.2.3,Win32,59.93048064,,,,,,,,,,,,,,,,,,,,,,,,,,,,
,,,,,,-0.121527778,-0.077777778,0,0,0,nice,0,4,4,8,1,9,FSPizza.mp4,,H14,001,2022-05-08_13h02.21.126,ASLTestBattery2,2021.2.3,Win32,59.93048064,,,,,,,,,,,,,,,,,,,,,,,,,,,,
,,,,,,-0.121527778,-0.077777778,0,0,0,olive oil,0,5,5,5,1,6,FSGlass.mp4,,H14,001,2022-05-08_13h02.21.126,ASLTestBattery2,2021.2.3,Win32,59.93048064,,,,,,,,,,,,,,,,,,,,,,,,,,,,
,,,,,,-0.121527778,-0.077777778,0,0,0,sweater,0,6,6,0,1,1,FSAlgebra.mp4,,H14,001,2022-05-08_13h02.21.126,ASLTestBattery2,2021.2.3,Win32,59.93048064,,,,,,,,,,,,,,,,,,,,,,,,,,,,
,,,,,,-0.121527778,-0.077777778,0,0,0,water,0,7,7,7,1,8,FSIce.mp4,,H14,001,2022-05-08_13h02.21.126,ASLTestBattery2,2021.2.3,Win32,59.93048064,,,,,,,,,,,,,,,,,,,,,,,,,,,,
,,,,,,-0.121527778,-0.077777778,0,0,0,hill ,0,8,8,6,1,7,FSHill.mp4,,H14,001,2022-05-08_13h02.21.126,ASLTestBattery2,2021.2.3,Win32,59.93048064,,,,,,,,,,,,,,,,,,,,,,,,,,,,
,,,,,,-0.121527778,-0.077777778,0,0,0,apple pie,0,9,9,1,1,2,FSAndroid.mp4,,H14,001,2022-05-08_13h02.21.126,ASLTestBattery2,2021.2.3,Win32,59.93048064,,,,,,,,,,,,,,,,,,,,,,,,,,,,
,,,,space,1.0794,,,,,,,,,,,,14,79GirlEatCandy.mp4,,H14,001,2022-05-08_13h02.21.126,ASLTestBattery2,2021.2.3,Win32,59.93048064,space,3.0053,space,1.897,0.165277778,-0.156944444,1,0,0,N,0,0,0,13,1,79_candy_eat_girl.jpg,N,canonical,mismatch,inanimate,,,,,,,,
,,,,,,,,,,,,,,,,,5,30ChairKickGirl.mp4,,H14,001,2022-05-08_13h02.21.126,ASLTestBattery2,2021.2.3,Win32,59.93048064,,,,,-0.172222222,-0.127777778,1,0,0,Y,0,1,1,4,1,30_chair_kick_girl.jpg,Y,reversed,match,inanimate,,,,,,,,
,,,,,,,,,,,,,,,,,4,29DadKickTable.mp4,,H14,001,2022-05-08_13h02.21.126,ASLTestBattery2,2021.2.3,Win32,59.93048064,,,,,0.234722222,-0.159027778,1,0,0,N,0,2,2,3,1,29_dad_kick_table.jpg,Y,canonical,match,inanimate,,,,,,,,
,,,,,,,,,,,,,,,,,11,76ChocolateEatBoy.mp4,,H14,001,2022-05-08_13h02.21.126,ASLTestBattery2,2021.2.3,Win32,59.93048064,,,,,0.201388889,-0.127083333,1,0,0,N,0,3,3,10,1,76_boy_eat_chocolate.jpg,N,reversed,mismatch,inanimate,,,,,,,,
,,,,,,,,,,,,,,,,,1,26CookieCarryDad.mp4,,H14,001,2022-05-08_13h02.21.126,ASLTestBattery2,2021.2.3,Win32,59.93048064,,,,,-0.186805556,-0.177083333,1,0,0,Y,0,4,4,0,1,26_cookie_carry_dad.jpg,Y,reversed,match,inanimate,,,,,,,,
,,,,,,,,,,,,,,,,,2,27BoyCarryEgg.mp4,,H14,001,2022-05-08_13h02.21.126,ASLTestBattery2,2021.2.3,Win32,59.93048064,,,,,-0.208333333,-0.181944444,1,0,0,Y,0,5,5,1,1,27_egg_carry_boy.jpg,N,canonical,mismatch,inanimate,,,,,,,,
,,,,,,,,,,,,,,,,,19,89MomCarryOrange.mp4,,H14,001,2022-05-08_13h02.21.126,ASLTestBattery2,2021.2.3,Win32,59.93048064,,,,,-0.222222222,-0.192361111,1,0,0,Y,0,6,6,18,1,89_mom_carry_orange.jpg,Y,canonical,match,inanimate,,,,,,,,
,,,,,,,,,,,,,,,,,10,74TablePushTeacher.mp4,,H14,001,2022-05-08_13h02.21.126,ASLTestBattery2,2021.2.3,Win32,59.93048064,,,,,-0.15625,-0.172222222,1,0,0,Y,0,7,7,9,1,74_table_push_teacher.jpg,Y,reversed,match,inanimate,,,,,,,,
,,,,,,,,,,,,,,,,,13,78GrassEatRabbit.mp4,,H14,001,2022-05-08_13h02.21.126,ASLTestBattery2,2021.2.3,Win32,59.93048064,,,,,-0.10625,-0.163194444,1,0,0,Y,0,8,8,12,1,78_grass_eat_rabbit.jpg,Y,reversed,match,inanimate,,,,,,,,
,,,,,,,,,,,,,,,,,3,28AppleCarryClown.mp4,,H14,001,2022-05-08_13h02.21.126,ASLTestBattery2,2021.2.3,Win32,59.93048064,,,,,0.222916667,-0.154166667,1,0,0,N,0,9,9,2,1,28_clown_carry_apple.jpg,N,reversed,mismatch,inanimate,,,,,,,,
,,,,,,,,,,,,,,,,,15,82EggDrawMom.mp4,,H14,001,2022-05-08_13h02.21.126,ASLTestBattery2,2021.2.3,Win32,59.93048064,,,,,-0.201388889,-0.131944444,1,0,0,Y,0,10,10,14,1,82_egg_draw_mom.jpg,Y,reversed,match,inanimate,,,,,,,,
,,,,,,,,,,,,,,,,,20,91SheepKickApple.mp4,,H14,001,2022-05-08_13h02.21.126,ASLTestBattery2,2021.2.3,Win32,59.93048064,,,,,0.143055556,-0.144444444,1,0,0,N,0,11,11,19,1,91_apple_kick_sheep.jpg,N,canonical,mismatch,inanimate,,,,,,,,
,,,,,,,,,,,,,,,,,12,77DogEatBone.mp4,,H14,001,2022-05-08_13h02.21.126,ASLTestBattery2,2021.2.3,Win32,59.93048064,,,,,-0.186111111,-0.177083333,1,0,0,Y,0,12,12,11,1,77_dog_eat_bone.jpg,Y,canonical,match,inanimate,,,,,,,,
,,,,,,,,,,,,,,,,,17,85BoyDrawTV.mp4,,H14,001,2022-05-08_13h02.21.126,ASLTestBattery2,2021.2.3,Win32,59.93048064,,,,,-0.205555556,-0.175,1,0,0,Y,0,13,13,16,1,85_boy_draw_tv.jpg,Y,canonical,match,inanimate,,,,,,,,
,,,,,,,,,,,,,,,,,7,71ManPushTree.mp4,,H14,001,2022-05-08_13h02.21.126,ASLTestBattery2,2021.2.3,Win32,59.93048064,,,,,0.161111111,-0.174305556,1,0,0,N,0,14,14,6,1,71_tree_push_man.jpg,N,canonical,mismatch,inanimate,,,,,,,,
,,,,,,,,,,,,,,,,,9,73ClownPushTV.mp4,,H14,001,2022-05-08_13h02.21.126,ASLTestBattery2,2021.2.3,Win32,59.93048064,,,,,-0.178472222,-0.179166667,1,0,0,Y,0,15,15,8,1,73_clown_push_tv.jpg,Y,canonical,match,inanimate,,,,,,,,
,,,,,,,,,,,,,,,,,8,72ChairPushGirl.mp4,,H14,001,2022-05-08_13h02.21.126,ASLTestBattery2,2021.2.3,Win32,59.93048064,,,,,0.204166667,-0.184722222,1,0,0,N,0,16,16,7,1,72_girl_push_chair.jpg,N,reversed,mismatch,inanimate,,,,,,,,
,,,,,,,,,,,,,,,,,18,87MomBiteCookie.mp4,,H14,001,2022-05-08_13h02.21.126,ASLTestBattery2,2021.2.3,Win32,59.93048064,,,,,0.196527778,-0.152777778,1,0,0,N,0,17,17,17,1,87_cookie_bite_woman.jpg,N,canonical,mismatch,inanimate,,,,,,,,
,,,,,,,,,,,,,,,,,16,40ChairPaintDad.mp4,,H14,001,2022-05-08_13h02.21.126,ASLTestBattery2,2021.2.3,Win32,59.93048064,,,,,0.217361111,-0.1375,1,0,0,N,0,18,18,15,1,40_dad_paint_chair.jpg,N,reversed,mismatch,inanimate,,,,,,,,
,,,,,,,,,,,,,,,,,6,32DoorKickCow.mp4,,H14,001,2022-05-08_13h02.21.126,ASLTestBattery2,2021.2.3,Win32,59.93048064,,,,,0.324305556,-0.180555556,1,0,0,N,0,19,19,5,1,32_cow_kick_door.jpg,N,reversed,mismatch,inanimate,,,,,,,,
,,,,,,,,,,,,,,,,,,,,H14,001,2022-05-08_13h02.21.126,ASLTestBattery2,2021.2.3,Win32,59.93048064,,,,,,,,,,,,,,,,,,,,,-0.186111111,-0.184027778,1,0,0,Yes,space,2.5931
