﻿key_resp_15.keys,key_resp_15.rt,key_resp_4.keys,key_resp_4.rt,key_resp_17.keys,key_resp_17.rt,key_resp_2.keys,key_resp_2.rt,typedWord,mouse.x,mouse.y,mouse.leftButton,mouse.midButton,mouse.rightButton,mouse.clicked_name,trials.thisRepN,trials.thisTrialN,trials.thisN,trials.thisIndex,trials.ran,index,itemText,videoFile,itemPrompt,participant,session,date,expName,psychopyVersion,OS,frameRate,key_resp.keys,key_resp.rt,key_resp_3.keys,key_resp_3.rt,key_resp_5.keys,key_resp_5.rt,key_resp_7.keys,key_resp_7.rt,mouse_2.x,mouse_2.y,mouse_2.leftButton,mouse_2.midButton,mouse_2.rightButton,mouse_2.time,mouse_2.clicked_name,key_resp_8.keys,key_resp_8.rt,trials_2.thisRepN,trials_2.thisTrialN,trials_2.thisN,trials_2.thisIndex,trials_2.ran,imageFile,corrAns,mouse_4.x,mouse_4.y,mouse_4.leftButton,mouse_4.midButton,mouse_4.rightButton,mouse_4.clicked_name,key_resp_12.keys,key_resp_12.rt
space,6.0416,space,24.8972,space,1.5239,space,9.5363, her sister,-0.255555556,-0.154166667,1,0,0,Submit,0,0,0,0,1,1,"The next 2 sections are parts of a story told by Missy Keast. 
After each section you will be asked questions. 
Respond as best as you can. 
Press the space bar to continue.",MakingNoisePart1small.mp4,"Who did Missy go to the mall with? Please type your response below. If you are not sure, make your best guess.",H14,001,2022-05-08_12h45.33.019,ASLTestBattery1,2021.2.3,Win32,59.97001499,,,,,,,,,,,,,,,,,,,,,,,,,,,,,,,,
,,,,,,space,0.8753, I think it was chosen because Missy is deaf but can speak to some degree and someone did not believe she could not hear,-0.252777778,-0.128472222,1,0,0,Submit,0,1,1,1,1,2,Press spacebar to continue,MakingNoisePart2small.mp4,"The title of this short story is - Making Noise. In 1-2 sentences, please explain why this title was chosen below. If you are not sure, make your best guess.",H14,001,2022-05-08_12h45.33.019,ASLTestBattery1,2021.2.3,Win32,59.97001499,,,,,,,,,,,,,,,,,,,,,,,,,,,,,,,,
,,,,,,space,5.3241, a teacher,-0.132638889,-0.152777778,1,0,0,Submit,0,2,2,2,1,3,"The next few clips are parts of an interview conducted by Joel Barish and Jamil Haque. 
After each section you will be asked questions. 
Respond as best as you can. 
Press the space bar to continue.",DNInterviewBornInNYsmall.mp4,"What is Jamil's job? Please type your response below. If you are not sure, make your best guess.",H14,001,2022-05-08_12h45.33.019,ASLTestBattery1,2021.2.3,Win32,59.97001499,,,,,,,,,,,,,,,,,,,,,,,,,,,,,,,,
,,,,,,space,1.0186, philadelphia,-0.125694444,-0.167361111,1,0,0,Submit,0,3,3,3,1,4,Press spacebar to continue,DNInterviewSignForBangladeshsmall.mp4,"Where was Jamil born? Please type your response below. If you are not sure, make your best guess.",H14,001,2022-05-08_12h45.33.019,ASLTestBattery1,2021.2.3,Win32,59.97001499,,,,,,,,,,,,,,,,,,,,,,,,,,,,,,,,
,,,,,,space,5.0271, United states,-0.002777778,-0.198611111,0,0,0,,0,4,4,4,1,5,"The next few clips are parts of an interview conducted by Melissa Keomoungkhoun, Amanda Kline, & Jenny Cooper. 
After each section you will be asked questions.
Respond as best as you can.
Press spacebar to continue.",SweetsAndDrinksPart1.mp4,Where was Melissa Born?,H14,001,2022-05-08_12h45.33.019,ASLTestBattery1,2021.2.3,Win32,59.97001499,,,,,,,,,,,,,,,,,,,,,,,,,,,,,,,,
,,,,,,space,0.9243, norwegian cinnamon cookie,-0.254166667,-0.148611111,1,0,0,Submit,0,5,5,5,1,6,Press spacebar to continue,SweetsAndDrinksPart2.mp4,What kind of cookie was shown in the video?,H14,001,2022-05-08_12h45.33.019,ASLTestBattery1,2021.2.3,Win32,59.97001499,,,,,,,,,,,,,,,,,,,,,,,,,,,,,,,,
,,,,,,,,,,,,,,,,,,,,6,,3BlackFoodBirthdaysmall.mp4,,H14,001,2022-05-08_12h45.33.019,ASLTestBattery1,2021.2.3,Win32,59.97001499,space,7.537,space,6.1682,space,1.2146,space,16.4169,"[-0.2881944444444444,0.013194444444444444,0.3125]","[-0.08680555555555555,-0.2375,-0.052083333333333336]","[1,1,1]","[0,0,0]","[0,0,0]","[6.156099999904541,9.79099999999994,14.97669999980917]","[""purse"",""PO"",""bike""]",space,5.6242,0,0,0,5,1,ASLCompStim6.jpg,,,,,,,,,
,,,,,,,,,,,,,,,,,,,,2,,3BlackBlueBirthdaysmall.mp4,,H14,001,2022-05-08_12h45.33.019,ASLTestBattery1,2021.2.3,Win32,59.97001499,,,,,,,space,17.019,"[-0.30625,0.014583333333333334,-0.7729166666666667]","[-0.08541666666666667,-0.225,0.28541666666666665]","[1,1,1]","[0,0,0]","[0,0,0]","[4.479000000000042,11.398800000190704,15.367400000095358]","[""purse"",""PO"",""dog""]",space,5.9868,0,1,1,1,1,ASLCompStim2.jpg,,,,,,,,,
,,,,,,,,,,,,,,,,,,,,3,,3BaldBirthdayHospitalsmall.mp4,,H14,001,2022-05-08_12h45.33.019,ASLTestBattery1,2021.2.3,Win32,59.97001499,,,,,,,space,10.0356,"[-0.7368055555555556,-0.019444444444444445,0.28958333333333336]","[-0.22291666666666668,-0.24166666666666667,-0.03611111111111111]","[1,1,1]","[0,0,0]","[0,0,0]","[2.7281000003814597,4.678900000095268,9.030999999999949]","[""balloon"",""PO"",""bike""]",space,5.552,0,2,2,2,1,ASLCompStim3.jpg,,,,,,,,,
,,,,,,,,,,,,,,,,,,,,5,,3PonySnackBikesmall.mp4,,H14,001,2022-05-08_12h45.33.019,ASLTestBattery1,2021.2.3,Win32,59.97001499,,,,,,,space,6.1243,"[0.7625,0.3506944444444444,0.020833333333333332]","[0.25763888888888886,-0.044444444444444446,0.12361111111111112]","[1,1,1]","[0,0,0]","[0,0,0]","[3.7454999999999927,4.612300000190771,5.245900000095389]","[""flower"",""bike"",""store""]",space,5.2063,0,3,3,4,1,ASLCompStim5.jpg,,,,,,,,,
,,,,,,,,,,,,,,,,,,,,4,,3BlondHospitalFoodsmall.mp4,,H14,001,2022-05-08_12h45.33.019,ASLTestBattery1,2021.2.3,Win32,59.97001499,,,,,,,space,8.9206,"[-0.73125,-0.8020833333333334,-0.10277777777777777]","[-0.20625,0.26319444444444445,0.20277777777777778]","[1,1,1]","[0,0,0]","[0,0,0]","[4.744799999713905,7.1958999996185185,7.896299999713847]","[""balloon"",""dog"",""store""]",space,2.8699,0,4,4,3,1,ASLCompStim4.jpg,,,,,,,,,
,,,,,,,,,,,,,,,,,,,,1,,3PonyCakeBirthdaysmall.mp4,,H14,001,2022-05-08_12h45.33.019,ASLTestBattery1,2021.2.3,Win32,59.97001499,,,,,,,space,7.4592,"[-0.7465277777777778,0.5409722222222222,0.31666666666666665]","[-0.22361111111111112,-0.19652777777777777,-0.08333333333333333]","[1,1,1]","[0,0,0]","[0,0,0]","[2.528400000095303,5.462900000095374,6.296699999809221]","[""balloon"",""hospital"",""bike""]",space,2.8372,0,5,5,0,1,ASLCompStim1.jpg,,,,,,,,,
,,,,,,,,,,,,,,,,,,,,,,,,H14,001,2022-05-08_12h45.33.019,ASLTestBattery1,2021.2.3,Win32,59.97001499,,,,,,,,,,,,,,,,,,,,,,,,,-0.298611111,-0.145138889,1,0,0,Yes,space,1.7137
