﻿key_resp_13.keys,key_resp_13.rt,key_resp_16.keys,key_resp_16.rt,key_resp_17.keys,key_resp_17.rt,mouse_5.x,mouse_5.y,mouse_5.leftButton,mouse_5.midButton,mouse_5.rightButton,mouse_5.clicked_name,typedWord,trials_4.thisRepN,trials_4.thisTrialN,trials_4.thisN,trials_4.thisIndex,trials_4.ran,index,videoFile,itemPrompt,participant,session,date,expName,psychopyVersion,OS,frameRate,key_resp_9.keys,key_resp_9.rt,key_resp_18.keys,key_resp_18.rt,resp.x,resp.y,resp.leftButton,resp.midButton,resp.rightButton,resp.clicked_name,MatchLoop.thisRepN,MatchLoop.thisTrialN,MatchLoop.thisN,MatchLoop.thisIndex,MatchLoop.ran,imageDrawn,corrAns,plausibility,match,animacy,mouse_4.x,mouse_4.y,mouse_4.leftButton,mouse_4.midButton,mouse_4.rightButton,mouse_4.clicked_name,key_resp_12.keys,key_resp_12.rt
space,5.7836,space,2.4377,space,1.3421,-0.021469901,-0.133333338,1,0,0,Submit1, ice,0,0,0,7,1,8,FSIce.mp4,,C10,001,2022-03-18_23h15.57.218,ASLTestBattery2,2021.2.3,Win32,59.87665409,,,,,,,,,,,,,,,,,,,,,,,,,,,,
,,,,,,-0.00109953,-0.182870375,1,0,0,Submit1,pizza,0,1,1,8,1,9,FSPizza.mp4,,C10,001,2022-03-18_23h15.57.218,ASLTestBattery2,2021.2.3,Win32,59.87665409,,,,,,,,,,,,,,,,,,,,,,,,,,,,
,,,,,,0.027141211,-0.132407469,1,0,0,Submit1,algebra,0,2,2,0,1,1,FSAlgebra.mp4,,C10,001,2022-03-18_23h15.57.218,ASLTestBattery2,2021.2.3,Win32,59.87665409,,,,,,,,,,,,,,,,,,,,,,,,,,,,
,,,,,,-0.004340271,-0.143518523,1,0,0,Submit1,vanilla,0,3,3,9,1,10,FSVanilla.mp4,,C10,001,2022-03-18_23h15.57.218,ASLTestBattery2,2021.2.3,Win32,59.87665409,,,,,,,,,,,,,,,,,,,,,,,,,,,,
,,,,,,0.012789359,-0.17731482,1,0,0,Submit1,books,0,4,4,3,1,4,FSBooks.mp4,,C10,001,2022-03-18_23h15.57.218,ASLTestBattery2,2021.2.3,Win32,59.87665409,,,,,,,,,,,,,,,,,,,,,,,,,,,,
,,,,,,0.020196766,-0.142129634,1,0,0,Submit1,glasses,0,5,5,5,1,6,FSGlass.mp4,,C10,001,2022-03-18_23h15.57.218,ASLTestBattery2,2021.2.3,Win32,59.87665409,,,,,,,,,,,,,,,,,,,,,,,,,,,,
,,,,,,0.047048618,-0.143518523,1,0,0,Submit1,feet,0,6,6,4,1,5,FSFeet.mp4,,C10,001,2022-03-18_23h15.57.218,ASLTestBattery2,2021.2.3,Win32,59.87665409,,,,,,,,,,,,,,,,,,,,,,,,,,,,
,,,,,,0.01927084,-0.142129634,1,0,0,Submit1,blackberry,0,7,7,2,1,3,FSBerry.mp4,,C10,001,2022-03-18_23h15.57.218,ASLTestBattery2,2021.2.3,Win32,59.87665409,,,,,,,,,,,,,,,,,,,,,,,,,,,,
,,,,,,0.041956025,-0.175000005,1,0,0,Submit1,hill,0,8,8,6,1,7,FSHill.mp4,,C10,001,2022-03-18_23h15.57.218,ASLTestBattery2,2021.2.3,Win32,59.87665409,,,,,,,,,,,,,,,,,,,,,,,,,,,,
,,,,,,0.027604173,-0.159722227,1,0,0,Submit1,,0,9,9,1,1,2,FSAndroid.mp4,,C10,001,2022-03-18_23h15.57.218,ASLTestBattery2,2021.2.3,Win32,59.87665409,,,,,,,,,,,,,,,,,,,,,,,,,,,,
,,,,space,1.0354,,,,,,,,,,,,,13,78GrassEatRabbit.mp4,,C10,001,2022-03-18_23h15.57.218,ASLTestBattery2,2021.2.3,Win32,59.87665409,space,0.1499,space,8.3469,-0.368229163,-0.145370375,1,0,0,Y,0,0,0,12,1,78_grass_eat_rabbit.jpg,Y,reversed,match,inanimate,,,,,,,,
,,,,,,,,,,,,,,,,,,8,72ChairPushGirl.mp4,,C10,001,2022-03-18_23h15.57.218,ASLTestBattery2,2021.2.3,Win32,59.87665409,,,,,0.307233805,-0.15555556,1,0,0,N,0,1,1,7,1,72_girl_push_chair.jpg,N,reversed,mismatch,inanimate,,,,,,,,
,,,,,,,,,,,,,,,,,,15,82EggDrawMom.mp4,,C10,001,2022-03-18_23h15.57.218,ASLTestBattery2,2021.2.3,Win32,59.87665409,,,,,-0.337673607,-0.184259264,1,0,0,Y,0,2,2,14,1,82_egg_draw_mom.jpg,Y,reversed,match,inanimate,,,,,,,,
,,,,,,,,,,,,,,,,,,10,74TablePushTeacher.mp4,,C10,001,2022-03-18_23h15.57.218,ASLTestBattery2,2021.2.3,Win32,59.87665409,,,,,-0.170543976,-0.168518523,1,0,0,Y,0,3,3,9,1,74_table_push_teacher.jpg,Y,reversed,match,inanimate,,,,,,,,
,,,,,,,,,,,,,,,,,,2,27BoyCarryEgg.mp4,,C10,001,2022-03-18_23h15.57.218,ASLTestBattery2,2021.2.3,Win32,59.87665409,,,,,0.151678248,-0.156481486,1,0,0,N,0,4,4,1,1,27_egg_carry_boy.jpg,N,canonical,mismatch,inanimate,,,,,,,,
,,,,,,,,,,,,,,,,,,1,26CookieCarryDad.mp4,,C10,001,2022-03-18_23h15.57.218,ASLTestBattery2,2021.2.3,Win32,59.87665409,,,,,-0.234895828,-0.156481486,1,0,0,Y,0,5,5,0,1,26_cookie_carry_dad.jpg,Y,reversed,match,inanimate,,,,,,,,
,,,,,,,,,,,,,,,,,,14,79GirlEatCandy.mp4,,C10,001,2022-03-18_23h15.57.218,ASLTestBattery2,2021.2.3,Win32,59.87665409,,,,,0.229919103,-0.112037042,1,0,0,N,0,6,6,13,1,79_candy_eat_girl.jpg,N,canonical,mismatch,inanimate,,,,,,,,
,,,,,,,,,,,,,,,,,,6,32DoorKickCow.mp4,,C10,001,2022-03-18_23h15.57.218,ASLTestBattery2,2021.2.3,Win32,59.87665409,,,,,0.197974545,-0.146759264,1,0,0,N,0,7,7,5,1,32_cow_kick_door.jpg,N,reversed,mismatch,inanimate,,,,,,,,
,,,,,,,,,,,,,,,,,,11,76ChocolateEatBoy.mp4,,C10,001,2022-03-18_23h15.57.218,ASLTestBattery2,2021.2.3,Win32,59.87665409,,,,,0.181770841,-0.161111116,1,0,0,N,0,8,8,10,1,76_boy_eat_chocolate.jpg,N,reversed,mismatch,inanimate,,,,,,,,
,,,,,,,,,,,,,,,,,,16,40ChairPaintDad.mp4,,C10,001,2022-03-18_23h15.57.218,ASLTestBattery2,2021.2.3,Win32,59.87665409,,,,,0.061863433,-0.15555556,1,0,0,N,0,9,9,15,1,40_dad_paint_chair.jpg,N,reversed,mismatch,inanimate,,,,,,,,
,,,,,,,,,,,,,,,,,,9,73ClownPushTV.mp4,,C10,001,2022-03-18_23h15.57.218,ASLTestBattery2,2021.2.3,Win32,59.87665409,,,,,-0.104803235,-0.152777783,1,0,0,Y,0,10,10,8,1,73_clown_push_tv.jpg,Y,canonical,match,inanimate,,,,,,,,
,,,,,,,,,,,,,,,,,,12,77DogEatBone.mp4,,C10,001,2022-03-18_23h15.57.218,ASLTestBattery2,2021.2.3,Win32,59.87665409,,,,,-0.196006939,-0.167592598,1,0,0,Y,0,11,11,11,1,77_dog_eat_bone.jpg,Y,canonical,match,inanimate,,,,,,,,
,,,,,,,,,,,,,,,,,,20,91SheepKickApple.mp4,,C10,001,2022-03-18_23h15.57.218,ASLTestBattery2,2021.2.3,Win32,59.87665409,,,,,0.11140047,-0.176851857,1,0,0,N,0,12,12,19,1,91_apple_kick_sheep.jpg,N,canonical,mismatch,inanimate,,,,,,,,
,,,,,,,,,,,,,,,,,,5,30ChairKickGirl.mp4,,C10,001,2022-03-18_23h15.57.218,ASLTestBattery2,2021.2.3,Win32,59.87665409,,,,,-0.24137731,-0.16018519,1,0,0,Y,0,13,13,4,1,30_chair_kick_girl.jpg,Y,reversed,match,inanimate,,,,,,,,
,,,,,,,,,,,,,,,,,,18,87MomBiteCookie.mp4,,C10,001,2022-03-18_23h15.57.218,ASLTestBattery2,2021.2.3,Win32,59.87665409,,,,,0.102604174,-0.206018524,1,0,0,N,0,14,14,17,1,87_cookie_bite_woman.jpg,N,canonical,mismatch,inanimate,,,,,,,,
,,,,,,,,,,,,,,,,,,19,89MomCarryOrange.mp4,,C10,001,2022-03-18_23h15.57.218,ASLTestBattery2,2021.2.3,Win32,59.87665409,,,,,-0.234432865,-0.148611116,1,0,0,Y,0,15,15,18,1,89_mom_carry_orange.jpg,Y,canonical,match,inanimate,,,,,,,,
,,,,,,,,,,,,,,,,,,3,28AppleCarryClown.mp4,,C10,001,2022-03-18_23h15.57.218,ASLTestBattery2,2021.2.3,Win32,59.87665409,,,,,0.1035301,-0.125925931,1,0,0,N,0,16,16,2,1,28_clown_carry_apple.jpg,N,reversed,mismatch,inanimate,,,,,,,,
,,,,,,,,,,,,,,,,,,17,85BoyDrawTV.mp4,,C10,001,2022-03-18_23h15.57.218,ASLTestBattery2,2021.2.3,Win32,59.87665409,,,,,-0.133043976,-0.150000005,1,0,0,Y,0,17,17,16,1,85_boy_draw_tv.jpg,Y,canonical,match,inanimate,,,,,,,,
,,,,,,,,,,,,,,,,,,4,29DadKickTable.mp4,,C10,001,2022-03-18_23h15.57.218,ASLTestBattery2,2021.2.3,Win32,59.87665409,,,,,-0.175173606,-0.099537042,1,0,0,Y,0,18,18,3,1,29_dad_kick_table.jpg,Y,canonical,match,inanimate,,,,,,,,
,,,,,,,,,,,,,,,,,,7,71ManPushTree.mp4,,C10,001,2022-03-18_23h15.57.218,ASLTestBattery2,2021.2.3,Win32,59.87665409,,,,,0.169270841,-0.158333338,1,0,0,N,0,19,19,6,1,71_tree_push_man.jpg,N,canonical,mismatch,inanimate,,,,,,,,
,,,,,,,,,,,,,,,,,,,,,C10,001,2022-03-18_23h15.57.218,ASLTestBattery2,2021.2.3,Win32,59.87665409,,,,,,,,,,,,,,,,,,,,,-0.147395828,-0.144907469,1,0,0,Yes,space,1.7501
