﻿key_resp_13.keys,key_resp_13.rt,key_resp_16.keys,key_resp_16.rt,key_resp_17.keys,key_resp_17.rt,mouse_5.x,mouse_5.y,mouse_5.leftButton,mouse_5.midButton,mouse_5.rightButton,mouse_5.clicked_name,typedWord,trials_4.thisRepN,trials_4.thisTrialN,trials_4.thisN,trials_4.thisIndex,trials_4.ran,index,videoFile,itemPrompt,participant,session,date,expName,psychopyVersion,OS,frameRate,key_resp_9.keys,key_resp_9.rt,key_resp_18.keys,key_resp_18.rt,resp.x,resp.y,resp.leftButton,resp.midButton,resp.rightButton,resp.clicked_name,MatchLoop.thisRepN,MatchLoop.thisTrialN,MatchLoop.thisN,MatchLoop.thisIndex,MatchLoop.ran,imageDrawn,corrAns,plausibility,match,animacy,mouse_4.x,mouse_4.y,mouse_4.leftButton,mouse_4.midButton,mouse_4.rightButton,mouse_4.clicked_name,key_resp_12.keys,key_resp_12.rt
space,4.0068,space,2.4504,space,5.4654,0.134223836,-0.178832058,1,0,0,Submit1, Android,0,0,0,1,1,2,FSAndroid.mp4,,T04,001,2022-03-14_21h09.40.249,ASLTestBattery2,2021.2.3,MacIntel,60.0024001,,,,,,,,,,,,,,,,,,,,,,,,,,,,
,,,,,,0.063678114,-0.16159885,1,0,0,Submit1,Books,0,1,1,3,1,4,FSBooks.mp4,,T04,001,2022-03-14_21h09.40.249,ASLTestBattery2,2021.2.3,MacIntel,60.0024001,,,,,,,,,,,,,,,,,,,,,,,,,,,,
,,,,,,0.019389445,-0.158705241,1,0,0,Submit1,Pizza,0,2,2,8,1,9,FSPizza.mp4,,T04,001,2022-03-14_21h09.40.249,ASLTestBattery2,2021.2.3,MacIntel,60.0024001,,,,,,,,,,,,,,,,,,,,,,,,,,,,
,,,,,,0.040537042,-0.161865641,1,0,0,Submit1,Ice,0,3,3,7,1,8,FSIce.mp4,,T04,001,2022-03-14_21h09.40.249,ASLTestBattery2,2021.2.3,MacIntel,60.0024001,,,,,,,,,,,,,,,,,,,,,,,,,,,,
,,,,,,0.024255642,-0.16794359,1,0,0,Submit1,Feet,0,4,4,4,1,5,FSFeet.mp4,,T04,001,2022-03-14_21h09.40.249,ASLTestBattery2,2021.2.3,MacIntel,60.0024001,,,,,,,,,,,,,,,,,,,,,,,,,,,,
,,,,,,0.011821018,-0.160951335,1,0,0,Submit1,Hill,0,5,5,6,1,7,FSHill.mp4,,T04,001,2022-03-14_21h09.40.249,ASLTestBattery2,2021.2.3,MacIntel,60.0024001,,,,,,,,,,,,,,,,,,,,,,,,,,,,
,,,,,,0.033912354,-0.164131673,1,0,0,Submit1,Algebra,0,6,6,0,1,1,FSAlgebra.mp4,,T04,001,2022-03-14_21h09.40.249,ASLTestBattery2,2021.2.3,MacIntel,60.0024001,,,,,,,,,,,,,,,,,,,,,,,,,,,,
,,,,,,0.011079983,-0.163342217,1,0,0,Submit1,Vanilla,0,7,7,9,1,10,FSVanilla.mp4,,T04,001,2022-03-14_21h09.40.249,ASLTestBattery2,2021.2.3,MacIntel,60.0024001,,,,,,,,,,,,,,,,,,,,,,,,,,,,
,,,,,,-0.007117242,-0.151046685,1,0,0,Submit1,Berry,0,8,8,2,1,3,FSBerry.mp4,,T04,001,2022-03-14_21h09.40.249,ASLTestBattery2,2021.2.3,MacIntel,60.0024001,,,,,,,,,,,,,,,,,,,,,,,,,,,,
,,,,,,-0.021602376,-0.150201823,1,0,0,Submit1,glass,0,9,9,5,1,6,FSGlass.mp4,,T04,001,2022-03-14_21h09.40.249,ASLTestBattery2,2021.2.3,MacIntel,60.0024001,,,,,,,,,,,,,,,,,,,,,,,,,,,,
,,,,space,7.3328,,,,,,,,,,,,,13,78GrassEatRabbit.mp4,,T04,001,2022-03-14_21h09.40.249,ASLTestBattery2,2021.2.3,MacIntel,60.0024001,space,17.0686,space,4.2328,-0.195173611,-0.159032728,1,0,0,Y,0,0,0,12,1,78_grass_eat_rabbit.jpg,Y,reversed,match,inanimate,,,,,,,,
,,,,,,,,,,,,,,,,,,14,79GirlEatCandy.mp4,,T04,001,2022-03-14_21h09.40.249,ASLTestBattery2,2021.2.3,MacIntel,60.0024001,,,,,0.135601807,-0.190696479,1,0,0,N,0,1,1,13,1,79_candy_eat_girl.jpg,N,canonical,mismatch,inanimate,,,,,,,,
,,,,,,,,,,,,,,,,,,16,40ChairPaintDad.mp4,,T04,001,2022-03-14_21h09.40.249,ASLTestBattery2,2021.2.3,MacIntel,60.0024001,,,,,0.194108276,-0.177131958,1,0,0,N,0,2,2,15,1,40_dad_paint_chair.jpg,N,reversed,mismatch,inanimate,,,,,,,,
,,,,,,,,,,,,,,,,,,4,29DadKickTable.mp4,,T04,001,2022-03-14_21h09.40.249,ASLTestBattery2,2021.2.3,MacIntel,60.0024001,,,,,-0.200604112,-0.155224745,1,0,0,Y,0,3,3,3,1,29_dad_kick_table.jpg,Y,canonical,match,inanimate,,,,,,,,
,,,,,,,,,,,,,,,,,,2,27BoyCarryEgg.mp4,,T04,001,2022-03-14_21h09.40.249,ASLTestBattery2,2021.2.3,MacIntel,60.0024001,,,,,0.243144667,-0.178731961,1,0,0,N,0,4,4,1,1,27_egg_carry_boy.jpg,N,canonical,mismatch,inanimate,,,,,,,,
,,,,,,,,,,,,,,,,,,20,91SheepKickApple.mp4,,T04,001,2022-03-14_21h09.40.249,ASLTestBattery2,2021.2.3,MacIntel,60.0024001,,,,,0.19536811,-0.198555976,1,0,0,N,0,5,5,19,1,91_apple_kick_sheep.jpg,N,canonical,mismatch,inanimate,,,,,,,,
,,,,,,,,,,,,,,,,,,6,32DoorKickCow.mp4,,T04,001,2022-03-14_21h09.40.249,ASLTestBattery2,2021.2.3,MacIntel,60.0024001,,,,,0.139631212,-0.16025628,1,0,0,N,0,6,6,5,1,32_cow_kick_door.jpg,N,reversed,mismatch,inanimate,,,,,,,,
,,,,,,,,,,,,,,,,,,3,28AppleCarryClown.mp4,,T04,001,2022-03-14_21h09.40.249,ASLTestBattery2,2021.2.3,MacIntel,60.0024001,,,,,0.171306559,-0.19665663,1,0,0,N,0,7,7,2,1,28_clown_carry_apple.jpg,N,reversed,mismatch,inanimate,,,,,,,,
,,,,,,,,,,,,,,,,,,18,87MomBiteCookie.mp4,,T04,001,2022-03-14_21h09.40.249,ASLTestBattery2,2021.2.3,MacIntel,60.0024001,,,,,0.171027968,-0.189496935,1,0,0,N,0,8,8,17,1,87_cookie_bite_woman.jpg,N,canonical,mismatch,inanimate,,,,,,,,
,,,,,,,,,,,,,,,,,,12,77DogEatBone.mp4,,T04,001,2022-03-14_21h09.40.249,ASLTestBattery2,2021.2.3,MacIntel,60.0024001,,,,,-0.214916111,-0.13686381,1,0,0,Y,0,9,9,11,1,77_dog_eat_bone.jpg,Y,canonical,match,inanimate,,,,,,,,
,,,,,,,,,,,,,,,,,,8,72ChairPushGirl.mp4,,T04,001,2022-03-14_21h09.40.249,ASLTestBattery2,2021.2.3,MacIntel,60.0024001,,,,,0.256170993,-0.149343465,1,0,0,N,0,10,10,7,1,72_girl_push_chair.jpg,N,reversed,mismatch,inanimate,,,,,,,,
,,,,,,,,,,,,,,,,,,10,74TablePushTeacher.mp4,,T04,001,2022-03-14_21h09.40.249,ASLTestBattery2,2021.2.3,MacIntel,60.0024001,,,,,-0.187888319,-0.170111627,1,0,0,Y,0,11,11,9,1,74_table_push_teacher.jpg,Y,reversed,match,inanimate,,,,,,,,
,,,,,,,,,,,,,,,,,,15,82EggDrawMom.mp4,,T04,001,2022-03-14_21h09.40.249,ASLTestBattery2,2021.2.3,MacIntel,60.0024001,,,,,-0.190469428,-0.170111627,1,0,0,Y,0,12,12,14,1,82_egg_draw_mom.jpg,Y,reversed,match,inanimate,,,,,,,,
,,,,,,,,,,,,,,,,,,5,30ChairKickGirl.mp4,,T04,001,2022-03-14_21h09.40.249,ASLTestBattery2,2021.2.3,MacIntel,60.0024001,,,,,-0.190469428,-0.170111627,1,0,0,Y,0,13,13,4,1,30_chair_kick_girl.jpg,Y,reversed,match,inanimate,,,,,,,,
,,,,,,,,,,,,,,,,,,1,26CookieCarryDad.mp4,,T04,001,2022-03-14_21h09.40.249,ASLTestBattery2,2021.2.3,MacIntel,60.0024001,,,,,-0.190182631,-0.172588162,1,0,0,Y,0,14,14,0,1,26_cookie_carry_dad.jpg,Y,reversed,match,inanimate,,,,,,,,
,,,,,,,,,,,,,,,,,,9,73ClownPushTV.mp4,,T04,001,2022-03-14_21h09.40.249,ASLTestBattery2,2021.2.3,MacIntel,60.0024001,,,,,-0.189732666,-0.172588162,1,0,0,Y,0,15,15,8,1,73_clown_push_tv.jpg,Y,canonical,match,inanimate,,,,,,,,
,,,,,,,,,,,,,,,,,,7,71ManPushTree.mp4,,T04,001,2022-03-14_21h09.40.249,ASLTestBattery2,2021.2.3,MacIntel,60.0024001,,,,,0.09756056,-0.161013997,1,0,0,N,0,16,16,6,1,71_tree_push_man.jpg,N,canonical,mismatch,inanimate,,,,,,,,
,,,,,,,,,,,,,,,,,,17,85BoyDrawTV.mp4,,T04,001,2022-03-14_21h09.40.249,ASLTestBattery2,2021.2.3,MacIntel,60.0024001,,,,,-0.160821398,-0.179394531,1,0,0,Y,0,17,17,16,1,85_boy_draw_tv.jpg,Y,canonical,match,inanimate,,,,,,,,
,,,,,,,,,,,,,,,,,,11,76ChocolateEatBoy.mp4,,T04,001,2022-03-14_21h09.40.249,ASLTestBattery2,2021.2.3,MacIntel,60.0024001,,,,,0.271004096,-0.170981174,1,0,0,N,0,18,18,10,1,76_boy_eat_chocolate.jpg,N,reversed,mismatch,inanimate,,,,,,,,
,,,,,,,,,,,,,,,,,,19,89MomCarryOrange.mp4,,T04,001,2022-03-14_21h09.40.249,ASLTestBattery2,2021.2.3,MacIntel,60.0024001,,,,,-0.18001865,-0.133433974,1,0,0,Y,0,19,19,18,1,89_mom_carry_orange.jpg,Y,canonical,match,inanimate,,,,,,,,
,,,,,,,,,,,,,,,,,,,,,T04,001,2022-03-14_21h09.40.249,ASLTestBattery2,2021.2.3,MacIntel,60.0024001,,,,,,,,,,,,,,,,,,,,,-0.18001865,-0.13369005,1,0,0,Yes,space,2.7497
