﻿key_resp_15.keys,key_resp_15.rt,key_resp_4.keys,key_resp_4.rt,key_resp_17.keys,key_resp_17.rt,key_resp_2.keys,key_resp_2.rt,typedWord,mouse.x,mouse.y,mouse.leftButton,mouse.midButton,mouse.rightButton,mouse.clicked_name,trials.thisRepN,trials.thisTrialN,trials.thisN,trials.thisIndex,trials.ran,index,itemText,videoFile,itemPrompt,participant,session,date,expName,psychopyVersion,OS,frameRate,key_resp.keys,key_resp.rt,key_resp_3.keys,key_resp_3.rt,key_resp_5.keys,key_resp_5.rt,key_resp_7.keys,key_resp_7.rt,mouse_2.x,mouse_2.y,mouse_2.leftButton,mouse_2.midButton,mouse_2.rightButton,mouse_2.time,mouse_2.clicked_name,key_resp_8.keys,key_resp_8.rt,trials_2.thisRepN,trials_2.thisTrialN,trials_2.thisN,trials_2.thisIndex,trials_2.ran,imageFile,corrAns,mouse_4.x,mouse_4.y,mouse_4.leftButton,mouse_4.midButton,mouse_4.rightButton,mouse_4.clicked_name,key_resp_12.keys,key_resp_12.rt
space,7.5677,space,39.4601,space,3.9073,space,6.9734, Sister in law,-0.228893772,-0.166335314,1,0,0,Submit,0,0,0,0,1,1,"The next 2 sections are parts of a story told by Missy Keast. 
After each section you will be asked questions. 
Respond as best as you can. 
Press the space bar to continue.",MakingNoisePart1small.mp4,"Who did Missy go to the mall with? Please type your response below. If you are not sure, make your best guess.",T04,001,2022-03-14_20h50.07.027,ASLTestBattery1,2021.2.3,MacIntel,60.0024001,,,,,,,,,,,,,,,,,,,,,,,,,,,,,,,,
,,,,,,space,3.0007, The story was about how deaf people dont know that hearing people can hear them going to the bathroom.  The speaker was shocked at first then decided that the hearing folks could just deal with it.,-0.25862915,-0.153401557,1,0,0,Submit,0,1,1,1,1,2,Press spacebar to continue,MakingNoisePart2small.mp4,"The title of this short story is - Making Noise. In 1-2 sentences, please explain why this title was chosen below. If you are not sure, make your best guess.",T04,001,2022-03-14_20h50.07.027,ASLTestBattery1,2021.2.3,MacIntel,60.0024001,,,,,,,,,,,,,,,,,,,,,,,,,,,,,,,,
,,,,,,space,13.1008, Teaching Asl ,-0.166470744,-0.140842421,1,0,0,Submit,0,2,2,2,1,3,"The next few clips are parts of an interview conducted by Joel Barish and Jamil Haque. 
After each section you will be asked questions. 
Respond as best as you can. 
Press the space bar to continue.",DNInterviewBornInNYsmall.mp4,"What is Jamil's job? Please type your response below. If you are not sure, make your best guess.",T04,001,2022-03-14_20h50.07.027,ASLTestBattery1,2021.2.3,MacIntel,60.0024001,,,,,,,,,,,,,,,,,,,,,,,,,,,,,,,,
,,,,,,space,1.5172, Bangladesh,-0.256799961,-0.145880466,1,0,0,Submit,0,3,3,3,1,4,Press spacebar to continue,DNInterviewSignForBangladeshsmall.mp4,"Where was Jamil born? Please type your response below. If you are not sure, make your best guess.",T04,001,2022-03-14_20h50.07.027,ASLTestBattery1,2021.2.3,MacIntel,60.0024001,,,,,,,,,,,,,,,,,,,,,,,,,,,,,,,,
,,,,,,space,11.1114, Australia,-0.246992391,-0.152437812,1,0,0,Submit,0,4,4,4,1,5,"The next few clips are parts of an interview conducted by Melissa Keomoungkhoun, Amanda Kline, & Jenny Cooper. 
After each section you will be asked questions.
Respond as best as you can.
Press spacebar to continue.",SweetsAndDrinksPart1.mp4,Where was Melissa Born?,T04,001,2022-03-14_20h50.07.027,ASLTestBattery1,2021.2.3,MacIntel,60.0024001,,,,,,,,,,,,,,,,,,,,,,,,,,,,,,,,
,,,,,,space,2.6467, The fingerspelling was difficult to read.  It looked like Danish Wheel.  I would have requested a repeat.,-0.225443861,-0.144785428,1,0,0,Submit,0,5,5,5,1,6,Press spacebar to continue,SweetsAndDrinksPart2.mp4,What kind of cookie was shown in the video?,T04,001,2022-03-14_20h50.07.027,ASLTestBattery1,2021.2.3,MacIntel,60.0024001,,,,,,,,,,,,,,,,,,,,,,,,,,,,,,,,
,,,,,,,,,,,,,,,,,,,,6,,3BlackFoodBirthdaysmall.mp4,,T04,001,2022-03-14_20h50.07.027,ASLTestBattery1,2021.2.3,MacIntel,60.0024001,space,9.3338,space,30.4597,space,3.5938,space,35.9197,"[0.7587254503038194,-0.011675821940104166,-0.7676140340169271]","[0.2998451571994358,0.12380849202473958,-0.28558729383680553]","[1,1,1]","[0,0,0]","[0,0,0]","[9.209199999928614,32.52419999992844,33.72489999997629]","[""flower"",""store"",""balloon""]",space,3.6317,0,0,0,5,1,ASLCompStim6.jpg,,,,,,,,,
,,,,,,,,,,,,,,,,,,,,5,,3PonySnackBikesmall.mp4,,T04,001,2022-03-14_20h50.07.027,ASLTestBattery1,2021.2.3,MacIntel,60.0024001,,,,,,,space,8.8774,"[-0.7580700853135851,0.016286688910590277,0.2754036458333333]","[0.2505380588107639,0.09165737575954862,-0.09824456108940972]","[1,1,1]","[0,0,0]","[0,0,0]","[2.1262999999521526,3.1926999999284362,4.377499999999827]","[""dog"",""store"",""bike""]",space,6.4521,0,1,1,4,1,ASLCompStim5.jpg,,,,,,,,,
,,,,,,,,,,,,,,,,,,,,2,,3BlackBlueBirthdaysmall.mp4,,T04,001,2022-03-14_20h50.07.027,ASLTestBattery1,2021.2.3,MacIntel,60.0024001,,,,,,,space,21.1344,"[0.7403645833333333,-0.7778389655219184,-0.7539418199327257]","[0.2768914455837674,0.2584078131781684,-0.24157172309027777]","[1,1,1]","[0,0,0]","[0,0,0]","[12.263399999976173,14.330100000023776,15.430199999928618]","[""flower"",""dog"",""balloon""]",space,3.8709,0,2,2,1,1,ASLCompStim2.jpg,,,,,,,,,
,,,,,,,,,,,,,,,,,,,,1,,3PonyCakeBirthdaysmall.mp4,,T04,001,2022-03-14_20h50.07.027,ASLTestBattery1,2021.2.3,MacIntel,60.0024001,,,,,,,space,9.7179,"[-0.7284001837836371,-0.0765884738498264,-0.7606004163953993]","[0.2522034200032552,0.16142659505208334,-0.24846333821614583]","[1,1,1]","[0,0,0]","[0,0,0]","[6.045899999975973,6.997399999976096,8.412799999952313]","[""dog"",""store"",""balloon""]",space,2.9122,0,3,3,0,1,ASLCompStim1.jpg,,,,,,,,,
,,,,,,,,,,,,,,,,,,,,4,,3BlondHospitalFoodsmall.mp4,,T04,001,2022-03-14_20h50.07.027,ASLTestBattery1,2021.2.3,MacIntel,60.0024001,,,,,,,space,5.9632,"[-0.2934353976779514,0.48849704318576387,0.09995286729600694]","[-0.07603678385416666,-0.19631028917100696,0.13866773817274305]","[1,1,1]","[0,0,0]","[0,0,0]","[2.229899999976169,3.6963999999761654,4.846700000047576]","[""purse"",""hospital"",""store""]",space,1.8134,0,4,4,3,1,ASLCompStim4.jpg,,,,,,,,,
,,,,,,,,,,,,,,,,,,,,3,,3BaldBirthdayHospitalsmall.mp4,,T04,001,2022-03-14_20h50.07.027,ASLTestBattery1,2021.2.3,MacIntel,60.0024001,,,,,,,space,5.17,"[0.3257772488064236,-0.733907453748915,0.5645392523871527]","[-0.08152818467881945,-0.22990824381510416,-0.2006036376953125]","[1,1,1]","[0,0,0]","[0,0,0]","[1.6606000000238055,2.7286999999284944,3.977799999952367]","[""bike"",""balloon"",""hospital""]",space,3.5112,0,5,5,2,1,ASLCompStim3.jpg,,,,,,,,,
,,,,,,,,,,,,,,,,,,,,,,,,T04,001,2022-03-14_20h50.07.027,ASLTestBattery1,2021.2.3,MacIntel,60.0024001,,,,,,,,,,,,,,,,,,,,,,,,,-0.169794379,-0.143825955,1,0,0,Yes,space,3.1988
