﻿key_resp_13.keys,key_resp_13.rt,key_resp_16.keys,key_resp_16.rt,key_resp_17.keys,key_resp_17.rt,mouse_5.x,mouse_5.y,mouse_5.leftButton,mouse_5.midButton,mouse_5.rightButton,typedWord,trials_4.thisRepN,trials_4.thisTrialN,trials_4.thisN,trials_4.thisIndex,trials_4.ran,index,videoFile,itemPrompt,participant,session,date,expName,psychopyVersion,OS,frameRate,key_resp_9.keys,key_resp_9.rt,key_resp_18.keys,key_resp_18.rt,resp.x,resp.y,resp.leftButton,resp.midButton,resp.rightButton,resp.clicked_name,MatchLoop.thisRepN,MatchLoop.thisTrialN,MatchLoop.thisN,MatchLoop.thisIndex,MatchLoop.ran,imageDrawn,corrAns,plausibility,match,animacy,mouse_4.x,mouse_4.y,mouse_4.leftButton,mouse_4.midButton,mouse_4.rightButton,mouse_4.clicked_name,key_resp_12.keys,key_resp_12.rt
space,4.0975,space,10.774,space,7.0723,-0.75,0.5,0,0,0, unsure,0,0,0,9,1,10,FSVanilla.mp4,,HO2,001,2022-04-02_24h21.18.486,ASLTestBattery2,2021.2.3,Win32,60.27727547,,,,,,,,,,,,,,,,,,,,,,,,,,,,
,,,,,,-0.75,0.5,0,0,0,unsure ,0,1,1,7,1,8,FSIce.mp4,,HO2,001,2022-04-02_24h21.18.486,ASLTestBattery2,2021.2.3,Win32,60.27727547,,,,,,,,,,,,,,,,,,,,,,,,,,,,
,,,,,,-0.75,0.5,0,0,0,easy,0,2,2,8,1,9,FSPizza.mp4,,HO2,001,2022-04-02_24h21.18.486,ASLTestBattery2,2021.2.3,Win32,60.27727547,,,,,,,,,,,,,,,,,,,,,,,,,,,,
,,,,,,-0.75,0.5,0,0,0,unsure,0,3,3,2,1,3,FSBerry.mp4,,HO2,001,2022-04-02_24h21.18.486,ASLTestBattery2,2021.2.3,Win32,60.27727547,,,,,,,,,,,,,,,,,,,,,,,,,,,,
,,,,,,-0.75,0.5,0,0,0,unsure,0,4,4,1,1,2,FSAndroid.mp4,,HO2,001,2022-04-02_24h21.18.486,ASLTestBattery2,2021.2.3,Win32,60.27727547,,,,,,,,,,,,,,,,,,,,,,,,,,,,
,,,,,,-0.75,0.5,0,0,0,unsure,0,5,5,5,1,6,FSGlass.mp4,,HO2,001,2022-04-02_24h21.18.486,ASLTestBattery2,2021.2.3,Win32,60.27727547,,,,,,,,,,,,,,,,,,,,,,,,,,,,
,,,,,,-0.75,0.5,0,0,0,unsue,0,6,6,6,1,7,FSHill.mp4,,HO2,001,2022-04-02_24h21.18.486,ASLTestBattery2,2021.2.3,Win32,60.27727547,,,,,,,,,,,,,,,,,,,,,,,,,,,,
,,,,,,-0.75,0.5,0,0,0,cry,0,7,7,3,1,4,FSBooks.mp4,,HO2,001,2022-04-02_24h21.18.486,ASLTestBattery2,2021.2.3,Win32,60.27727547,,,,,,,,,,,,,,,,,,,,,,,,,,,,
,,,,,,-0.75,0.5,0,0,0,unsure,0,8,8,0,1,1,FSAlgebra.mp4,,HO2,001,2022-04-02_24h21.18.486,ASLTestBattery2,2021.2.3,Win32,60.27727547,,,,,,,,,,,,,,,,,,,,,,,,,,,,
,,,,,,-0.75,0.5,0,0,0,unsure,0,9,9,4,1,5,FSFeet.mp4,,HO2,001,2022-04-02_24h21.18.486,ASLTestBattery2,2021.2.3,Win32,60.27727547,,,,,,,,,,,,,,,,,,,,,,,,,,,,
,,,,space,4.1042,,,,,,,,,,,,10,74TablePushTeacher.mp4,,HO2,001,2022-04-02_24h21.18.486,ASLTestBattery2,2021.2.3,Win32,60.27727547,space,24.5069,space,17.1915,0.125,-0.12,1,0,0,N,0,0,0,9,1,74_table_push_teacher.jpg,Y,reversed,match,inanimate,,,,,,,,
,,,,,,,,,,,,,,,,,3,28AppleCarryClown.mp4,,HO2,001,2022-04-02_24h21.18.486,ASLTestBattery2,2021.2.3,Win32,60.27727547,,,,,-0.364166641,-0.155,1,0,0,Y,0,1,1,2,1,28_clown_carry_apple.jpg,N,reversed,mismatch,inanimate,,,,,,,,
,,,,,,,,,,,,,,,,,1,26CookieCarryDad.mp4,,HO2,001,2022-04-02_24h21.18.486,ASLTestBattery2,2021.2.3,Win32,60.27727547,,,,,0.151666718,-0.126666679,1,0,0,N,0,2,2,0,1,26_cookie_carry_dad.jpg,Y,reversed,match,inanimate,,,,,,,,
,,,,,,,,,,,,,,,,,13,78GrassEatRabbit.mp4,,HO2,001,2022-04-02_24h21.18.486,ASLTestBattery2,2021.2.3,Win32,60.27727547,,,,,0.2025,-0.14,1,0,0,N,0,3,3,12,1,78_grass_eat_rabbit.jpg,Y,reversed,match,inanimate,,,,,,,,
,,,,,,,,,,,,,,,,,18,87MomBiteCookie.mp4,,HO2,001,2022-04-02_24h21.18.486,ASLTestBattery2,2021.2.3,Win32,60.27727547,,,,,0.158333359,-0.154166718,1,0,0,N,0,4,4,17,1,87_cookie_bite_woman.jpg,N,canonical,mismatch,inanimate,,,,,,,,
,,,,,,,,,,,,,,,,,9,73ClownPushTV.mp4,,HO2,001,2022-04-02_24h21.18.486,ASLTestBattery2,2021.2.3,Win32,60.27727547,,,,,-0.268333321,-0.165,1,0,0,Y,0,5,5,8,1,73_clown_push_tv.jpg,Y,canonical,match,inanimate,,,,,,,,
,,,,,,,,,,,,,,,,,17,85BoyDrawTV.mp4,,HO2,001,2022-04-02_24h21.18.486,ASLTestBattery2,2021.2.3,Win32,60.27727547,,,,,-0.293333321,-0.175833359,1,0,0,Y,0,6,6,16,1,85_boy_draw_tv.jpg,Y,canonical,match,inanimate,,,,,,,,
,,,,,,,,,,,,,,,,,20,91SheepKickApple.mp4,,HO2,001,2022-04-02_24h21.18.486,ASLTestBattery2,2021.2.3,Win32,60.27727547,,,,,0.185833359,-0.171666718,1,0,0,N,0,7,7,19,1,91_apple_kick_sheep.jpg,N,canonical,mismatch,inanimate,,,,,,,,
,,,,,,,,,,,,,,,,,2,27BoyCarryEgg.mp4,,HO2,001,2022-04-02_24h21.18.486,ASLTestBattery2,2021.2.3,Win32,60.27727547,,,,,0.195,-0.14,1,0,0,N,0,8,8,1,1,27_egg_carry_boy.jpg,N,canonical,mismatch,inanimate,,,,,,,,
,,,,,,,,,,,,,,,,,16,40ChairPaintDad.mp4,,HO2,001,2022-04-02_24h21.18.486,ASLTestBattery2,2021.2.3,Win32,60.27727547,,,,,-0.3275,-0.131666679,1,0,0,Y,0,9,9,15,1,40_dad_paint_chair.jpg,N,reversed,mismatch,inanimate,,,,,,,,
,,,,,,,,,,,,,,,,,15,82EggDrawMom.mp4,,HO2,001,2022-04-02_24h21.18.486,ASLTestBattery2,2021.2.3,Win32,60.27727547,,,,,-0.3275,-0.1725,1,0,0,Y,0,10,10,14,1,82_egg_draw_mom.jpg,Y,reversed,match,inanimate,,,,,,,,
,,,,,,,,,,,,,,,,,8,72ChairPushGirl.mp4,,HO2,001,2022-04-02_24h21.18.486,ASLTestBattery2,2021.2.3,Win32,60.27727547,,,,,0.1625,-0.148333359,1,0,0,N,0,11,11,7,1,72_girl_push_chair.jpg,N,reversed,mismatch,inanimate,,,,,,,,
,,,,,,,,,,,,,,,,,11,76ChocolateEatBoy.mp4,,HO2,001,2022-04-02_24h21.18.486,ASLTestBattery2,2021.2.3,Win32,60.27727547,,,,,-0.299166641,-0.1425,1,0,0,Y,0,12,12,10,1,76_boy_eat_chocolate.jpg,N,reversed,mismatch,inanimate,,,,,,,,
,,,,,,,,,,,,,,,,,6,32DoorKickCow.mp4,,HO2,001,2022-04-02_24h21.18.486,ASLTestBattery2,2021.2.3,Win32,60.27727547,,,,,-0.273333321,-0.079166679,1,0,0,Y,0,13,13,5,1,32_cow_kick_door.jpg,N,reversed,mismatch,inanimate,,,,,,,,
,,,,,,,,,,,,,,,,,7,71ManPushTree.mp4,,HO2,001,2022-04-02_24h21.18.486,ASLTestBattery2,2021.2.3,Win32,60.27727547,,,,,-0.359166641,-0.143333359,1,0,0,Y,0,14,14,6,1,71_tree_push_man.jpg,N,canonical,mismatch,inanimate,,,,,,,,
,,,,,,,,,,,,,,,,,4,29DadKickTable.mp4,,HO2,001,2022-04-02_24h21.18.486,ASLTestBattery2,2021.2.3,Win32,60.27727547,,,,,-0.32,-0.1725,1,0,0,Y,0,15,15,3,1,29_dad_kick_table.jpg,Y,canonical,match,inanimate,,,,,,,,
,,,,,,,,,,,,,,,,,14,79GirlEatCandy.mp4,,HO2,001,2022-04-02_24h21.18.486,ASLTestBattery2,2021.2.3,Win32,60.27727547,,,,,-0.404166641,-0.186666718,1,0,0,Y,0,16,16,13,1,79_candy_eat_girl.jpg,N,canonical,mismatch,inanimate,,,,,,,,
,,,,,,,,,,,,,,,,,5,30ChairKickGirl.mp4,,HO2,001,2022-04-02_24h21.18.486,ASLTestBattery2,2021.2.3,Win32,60.27727547,,,,,-0.473333321,-0.1475,1,0,0,Y,0,17,17,4,1,30_chair_kick_girl.jpg,Y,reversed,match,inanimate,,,,,,,,
,,,,,,,,,,,,,,,,,12,77DogEatBone.mp4,,HO2,001,2022-04-02_24h21.18.486,ASLTestBattery2,2021.2.3,Win32,60.27727547,,,,,-0.3225,-0.125833359,1,0,0,Y,0,18,18,11,1,77_dog_eat_bone.jpg,Y,canonical,match,inanimate,,,,,,,,
,,,,,,,,,,,,,,,,,19,89MomCarryOrange.mp4,,HO2,001,2022-04-02_24h21.18.486,ASLTestBattery2,2021.2.3,Win32,60.27727547,,,,,-0.359166641,-0.135833359,1,0,0,Y,0,19,19,18,1,89_mom_carry_orange.jpg,Y,canonical,match,inanimate,,,,,,,,
,,,,,,,,,,,,,,,,,,,,HO2,001,2022-04-02_24h21.18.486,ASLTestBattery2,2021.2.3,Win32,60.27727547,,,,,,,,,,,,,,,,,,,,,-0.340833321,-0.165833359,1,0,0,Yes,space,2.0036
