﻿key_resp_13.keys,key_resp_13.rt,key_resp_16.keys,key_resp_16.rt,key_resp_17.keys,key_resp_17.rt,mouse_5.x,mouse_5.y,mouse_5.leftButton,mouse_5.midButton,mouse_5.rightButton,mouse_5.clicked_name,typedWord,trials_4.thisRepN,trials_4.thisTrialN,trials_4.thisN,trials_4.thisIndex,trials_4.ran,index,videoFile,itemPrompt,participant,session,date,expName,psychopyVersion,OS,frameRate,key_resp_9.keys,key_resp_9.rt,key_resp_18.keys,key_resp_18.rt,resp.x,resp.y,resp.leftButton,resp.midButton,resp.rightButton,resp.clicked_name,MatchLoop.thisRepN,MatchLoop.thisTrialN,MatchLoop.thisN,MatchLoop.thisIndex,MatchLoop.ran,imageDrawn,corrAns,plausibility,match,animacy,mouse_4.x,mouse_4.y,mouse_4.leftButton,mouse_4.midButton,mouse_4.rightButton,mouse_4.clicked_name,key_resp_12.keys,key_resp_12.rt
space,5.2235,space,1.8215,space,1.1681,-0.028042942,-0.14633884,1,0,0,Submit1, bread ,0,0,0,1,1,2,FSAndroid.mp4,,S06,001,03-15-2023_16h01.24.176,ASLTestBattery2,2021.2.3,MacIntel,60.0024001,,,,,,,,,,,,,,,,,,,,,,,,,,,,
,,,,,,-0.019280328,-0.18323466,1,0,0,Submit1,tall,0,1,1,5,1,6,FSGlass.mp4,,S06,001,03-15-2023_16h01.24.176,ASLTestBattery2,2021.2.3,MacIntel,60.0024001,,,,,,,,,,,,,,,,,,,,,,,,,,,,
,,,,,,-0.011913317,-0.144163072,1,0,0,Submit1, ,0,2,2,7,1,8,FSIce.mp4,,S06,001,03-15-2023_16h01.24.176,ASLTestBattery2,2021.2.3,MacIntel,60.0024001,,,,,,,,,,,,,,,,,,,,,,,,,,,,
,,,,,,-5.32362E-05,-0.158805203,1,0,0,Submit1,al  a,0,3,3,0,1,1,FSAlgebra.mp4,,S06,001,03-15-2023_16h01.24.176,ASLTestBattery2,2021.2.3,MacIntel,60.0024001,,,,,,,,,,,,,,,,,,,,,,,,,,,,
,,,,,,0.073116048,-0.155660875,1,0,0,Submit1,bay,0,4,4,2,1,3,FSBerry.mp4,,S06,001,03-15-2023_16h01.24.176,ASLTestBattery2,2021.2.3,MacIntel,60.0024001,,,,,,,,,,,,,,,,,,,,,,,,,,,,
,,,,,,0.072316488,-0.157832099,1,0,0,Submit1,pizza,0,5,5,8,1,9,FSPizza.mp4,,S06,001,03-15-2023_16h01.24.176,ASLTestBattery2,2021.2.3,MacIntel,60.0024001,,,,,,,,,,,,,,,,,,,,,,,,,,,,
,,,,,,0.032765706,-0.157832099,1,0,0,Submit1,hill,0,6,6,6,1,7,FSHill.mp4,,S06,001,03-15-2023_16h01.24.176,ASLTestBattery2,2021.2.3,MacIntel,60.0024001,,,,,,,,,,,,,,,,,,,,,,,,,,,,
,,,,,,0.029902954,-0.160475871,1,0,0,Submit1,valley,0,7,7,9,1,10,FSVanilla.mp4,,S06,001,03-15-2023_16h01.24.176,ASLTestBattery2,2021.2.3,MacIntel,60.0024001,,,,,,,,,,,,,,,,,,,,,,,,,,,,
,,,,,,0.029902954,-0.160475871,1,0,0,Submit1,b ,0,8,8,3,1,4,FSBooks.mp4,,S06,001,03-15-2023_16h01.24.176,ASLTestBattery2,2021.2.3,MacIntel,60.0024001,,,,,,,,,,,,,,,,,,,,,,,,,,,,
,,,,,,0.029902954,-0.160475871,1,0,0,Submit1, bat ,0,9,9,4,1,5,FSFeet.mp4,,S06,001,03-15-2023_16h01.24.176,ASLTestBattery2,2021.2.3,MacIntel,60.0024001,,,,,,,,,,,,,,,,,,,,,,,,,,,,
,,,,space,1.0922,,,,,,,,,,,,,12,77DogEatBone.mp4,,S06,001,03-15-2023_16h01.24.176,ASLTestBattery2,2021.2.3,MacIntel,60.0024001,space,0.7054,space,1.3502,0.243073595,-0.19025628,1,0,0,N,0,0,0,11,1,77_dog_eat_bone.jpg,Y,canonical,match,inanimate,,,,,,,,
,,,,,,,,,,,,,,,,,,9,73ClownPushTV.mp4,,S06,001,03-15-2023_16h01.24.176,ASLTestBattery2,2021.2.3,MacIntel,60.0024001,,,,,-0.302625665,-0.187205268,1,0,0,Y,0,1,1,8,1,73_clown_push_tv.jpg,Y,canonical,match,inanimate,,,,,,,,
,,,,,,,,,,,,,,,,,,1,26CookieCarryDad.mp4,,S06,001,03-15-2023_16h01.24.176,ASLTestBattery2,2021.2.3,MacIntel,60.0024001,,,,,-0.310661248,-0.187728882,1,0,0,Y,0,2,2,0,1,26_cookie_carry_dad.jpg,Y,reversed,match,inanimate,,,,,,,,
,,,,,,,,,,,,,,,,,,17,85BoyDrawTV.mp4,,S06,001,03-15-2023_16h01.24.176,ASLTestBattery2,2021.2.3,MacIntel,60.0024001,,,,,-0.33530643,-0.176041938,1,0,0,Y,0,3,3,16,1,85_boy_draw_tv.jpg,Y,canonical,match,inanimate,,,,,,,,
,,,,,,,,,,,,,,,,,,2,27BoyCarryEgg.mp4,,S06,001,03-15-2023_16h01.24.176,ASLTestBattery2,2021.2.3,MacIntel,60.0024001,,,,,-0.376427578,-0.172166884,1,0,0,Y,0,4,4,1,1,27_egg_carry_boy.jpg,N,canonical,mismatch,inanimate,,,,,,,,
,,,,,,,,,,,,,,,,,,10,74TablePushTeacher.mp4,,S06,001,03-15-2023_16h01.24.176,ASLTestBattery2,2021.2.3,MacIntel,60.0024001,,,,,-0.401737976,-0.175472955,1,0,0,Y,0,5,5,9,1,74_table_push_teacher.jpg,Y,reversed,match,inanimate,,,,,,,,
,,,,,,,,,,,,,,,,,,8,72ChairPushGirl.mp4,,S06,001,03-15-2023_16h01.24.176,ASLTestBattery2,2021.2.3,MacIntel,60.0024001,,,,,0.334682821,-0.144383274,1,0,0,N,0,6,6,7,1,72_girl_push_chair.jpg,N,reversed,mismatch,inanimate,,,,,,,,
,,,,,,,,,,,,,,,,,,18,87MomBiteCookie.mp4,,S06,001,03-15-2023_16h01.24.176,ASLTestBattery2,2021.2.3,MacIntel,60.0024001,,,,,0.126953328,-0.19163303,1,0,0,N,0,7,7,17,1,87_cookie_bite_woman.jpg,N,canonical,mismatch,inanimate,,,,,,,,
,,,,,,,,,,,,,,,,,,11,76ChocolateEatBoy.mp4,,S06,001,03-15-2023_16h01.24.176,ASLTestBattery2,2021.2.3,MacIntel,60.0024001,,,,,0.095163032,-0.199721544,1,0,0,N,0,8,8,10,1,76_boy_eat_chocolate.jpg,N,reversed,mismatch,inanimate,,,,,,,,
,,,,,,,,,,,,,,,,,,14,79GirlEatCandy.mp4,,S06,001,03-15-2023_16h01.24.176,ASLTestBattery2,2021.2.3,MacIntel,60.0024001,,,,,0.181600613,-0.156682807,1,0,0,N,0,9,9,13,1,79_candy_eat_girl.jpg,N,canonical,mismatch,inanimate,,,,,,,,
,,,,,,,,,,,,,,,,,,7,71ManPushTree.mp4,,S06,001,03-15-2023_16h01.24.176,ASLTestBattery2,2021.2.3,MacIntel,60.0024001,,,,,0.209978909,-0.126495768,1,0,0,N,0,10,10,6,1,71_tree_push_man.jpg,N,canonical,mismatch,inanimate,,,,,,,,
,,,,,,,,,,,,,,,,,,6,32DoorKickCow.mp4,,S06,001,03-15-2023_16h01.24.176,ASLTestBattery2,2021.2.3,MacIntel,60.0024001,,,,,-0.38096917,-0.160091214,1,0,0,Y,0,11,11,5,1,32_cow_kick_door.jpg,N,reversed,mismatch,inanimate,,,,,,,,
,,,,,,,,,,,,,,,,,,4,29DadKickTable.mp4,,S06,001,03-15-2023_16h01.24.176,ASLTestBattery2,2021.2.3,MacIntel,60.0024001,,,,,-0.344643351,-0.171605767,1,0,0,Y,0,12,12,3,1,29_dad_kick_table.jpg,Y,canonical,match,inanimate,,,,,,,,
,,,,,,,,,,,,,,,,,,15,82EggDrawMom.mp4,,S06,001,03-15-2023_16h01.24.176,ASLTestBattery2,2021.2.3,MacIntel,60.0024001,,,,,-0.352276476,-0.166520928,1,0,0,Y,0,13,13,14,1,82_egg_draw_mom.jpg,Y,reversed,match,inanimate,,,,,,,,
,,,,,,,,,,,,,,,,,,20,91SheepKickApple.mp4,,S06,001,03-15-2023_16h01.24.176,ASLTestBattery2,2021.2.3,MacIntel,60.0024001,,,,,0.198487752,-0.160572171,1,0,0,N,0,14,14,19,1,91_apple_kick_sheep.jpg,N,canonical,mismatch,inanimate,,,,,,,,
,,,,,,,,,,,,,,,,,,5,30ChairKickGirl.mp4,,S06,001,03-15-2023_16h01.24.176,ASLTestBattery2,2021.2.3,MacIntel,60.0024001,,,,,-0.368526035,-0.197651842,1,0,0,Y,0,15,15,4,1,30_chair_kick_girl.jpg,Y,reversed,match,inanimate,,,,,,,,
,,,,,,,,,,,,,,,,,,13,78GrassEatRabbit.mp4,,S06,001,03-15-2023_16h01.24.176,ASLTestBattery2,2021.2.3,MacIntel,60.0024001,,,,,-0.359051175,-0.135520291,1,0,0,Y,0,16,16,12,1,78_grass_eat_rabbit.jpg,Y,reversed,match,inanimate,,,,,,,,
,,,,,,,,,,,,,,,,,,16,40ChairPaintDad.mp4,,S06,001,03-15-2023_16h01.24.176,ASLTestBattery2,2021.2.3,MacIntel,60.0024001,,,,,0.209852702,-0.187480876,1,0,0,N,0,17,17,15,1,40_dad_paint_chair.jpg,N,reversed,mismatch,inanimate,,,,,,,,
,,,,,,,,,,,,,,,,,,3,28AppleCarryClown.mp4,,S06,001,03-15-2023_16h01.24.176,ASLTestBattery2,2021.2.3,MacIntel,60.0024001,,,,,0.13684767,-0.115205485,1,0,0,N,0,18,18,2,1,28_clown_carry_apple.jpg,N,reversed,mismatch,inanimate,,,,,,,,
,,,,,,,,,,,,,,,,,,19,89MomCarryOrange.mp4,,S06,001,03-15-2023_16h01.24.176,ASLTestBattery2,2021.2.3,MacIntel,60.0024001,,,,,0.146336127,-0.135065443,1,0,0,N,0,19,19,18,1,89_mom_carry_orange.jpg,Y,canonical,match,inanimate,,,,,,,,
,,,,,,,,,,,,,,,,,,,,,S06,001,03-15-2023_16h01.24.176,ASLTestBattery2,2021.2.3,MacIntel,60.0024001,,,,,,,,,,,,,,,,,,,,,0.146336127,-0.135065443,1,0,0,No,space,1.6989
