﻿key_resp_15.keys,key_resp_15.rt,key_resp_4.keys,key_resp_4.rt,key_resp_17.keys,key_resp_17.rt,key_resp_2.keys,key_resp_2.rt,typedWord,mouse.x,mouse.y,mouse.leftButton,mouse.midButton,mouse.rightButton,mouse.clicked_name,trials.thisRepN,trials.thisTrialN,trials.thisN,trials.thisIndex,trials.ran,index,itemText,videoFile,itemPrompt,participant,session,date,expName,psychopyVersion,OS,frameRate,key_resp.keys,key_resp.rt,key_resp_3.keys,key_resp_3.rt,key_resp_5.keys,key_resp_5.rt,key_resp_7.keys,key_resp_7.rt,mouse_2.x,mouse_2.y,mouse_2.leftButton,mouse_2.midButton,mouse_2.rightButton,mouse_2.time,mouse_2.clicked_name,key_resp_8.keys,key_resp_8.rt,trials_2.thisRepN,trials_2.thisTrialN,trials_2.thisN,trials_2.thisIndex,trials_2.ran,imageFile,corrAns,mouse_4.x,mouse_4.y,mouse_4.leftButton,mouse_4.midButton,mouse_4.rightButton,mouse_4.clicked_name,key_resp_12.keys,key_resp_12.rt
space,122.4349,space,1.2589,space,1.1048,space,2.9466, roommates,-0.285184699,-0.140579495,1,0,0,Submit,0,0,0,0,1,1,"The next 2 sections are parts of a story told by Missy Keast. 
After each section you will be asked questions. 
Respond as best as you can. 
Press the space bar to continue.",MakingNoisePart1small.mp4,"Who did Missy go to the mall with? Please type your response below. If you are not sure, make your best guess.",S06,001,03-15-2023_15h36.47.600,ASLTestBattery1,2021.2.3,MacIntel,60.0024001,,,,,,,,,,,,,,,,,,,,,,,,,,,,,,,,
,,,,,,space,0.732, When at the mall she needed to go to the bathroom. The noise refers to hearing others in the rest room.,-0.23218811,-0.144547526,1,0,0,Submit,0,1,1,1,1,2,Press spacebar to continue,MakingNoisePart2small.mp4,"The title of this short story is - Making Noise. In 1-2 sentences, please explain why this title was chosen below. If you are not sure, make your best guess.",S06,001,03-15-2023_15h36.47.600,ASLTestBattery1,2021.2.3,MacIntel,60.0024001,,,,,,,,,,,,,,,,,,,,,,,,,,,,,,,,
,,,,,,space,0.6412, translating between 2 forms of sign language,-0.23432529,-0.113424479,1,0,0,Submit,0,2,2,2,1,3,"The next few clips are parts of an interview conducted by Joel Barish and Jamil Haque. 
After each section you will be asked questions. 
Respond as best as you can. 
Press the space bar to continue.",DNInterviewBornInNYsmall.mp4,"What is Jamil's job? Please type your response below. If you are not sure, make your best guess.",S06,001,03-15-2023_15h36.47.600,ASLTestBattery1,2021.2.3,MacIntel,60.0024001,,,,,,,,,,,,,,,,,,,,,,,,,,,,,,,,
,,,,,,space,1.4454, an island,-0.360390082,-0.172353448,1,0,0,Submit,0,3,3,3,1,4,Press spacebar to continue,DNInterviewSignForBangladeshsmall.mp4,"Where was Jamil born? Please type your response below. If you are not sure, make your best guess.",S06,001,03-15-2023_15h36.47.600,ASLTestBattery1,2021.2.3,MacIntel,60.0024001,,,,,,,,,,,,,,,,,,,,,,,,,,,,,,,,
,,,,,,space,0.8355, ,0.258495551,-0.144288601,1,0,0,Skip,0,4,4,4,1,5,"The next few clips are parts of an interview conducted by Melissa Keomoungkhoun, Amanda Kline, & Jenny Cooper. 
After each section you will be asked questions.
Respond as best as you can.
Press spacebar to continue.",SweetsAndDrinksPart1.mp4,Where was Melissa Born?,S06,001,03-15-2023_15h36.47.600,ASLTestBattery1,2021.2.3,MacIntel,60.0024001,,,,,,,,,,,,,,,,,,,,,,,,,,,,,,,,
,,,,,,space,1.8414, a cinnamon rolled cookie,-0.236379869,-0.142382813,1,0,0,Submit,0,5,5,5,1,6,Press spacebar to continue,SweetsAndDrinksPart2.mp4,What kind of cookie was shown in the video?,S06,001,03-15-2023_15h36.47.600,ASLTestBattery1,2021.2.3,MacIntel,60.0024001,,,,,,,,,,,,,,,,,,,,,,,,,,,,,,,,
,,,,,,,,,,,,,,,,,,,,1,,3PonyCakeBirthdaysmall.mp4,,S06,001,03-15-2023_15h36.47.600,ASLTestBattery1,2021.2.3,MacIntel,60.0024001,space,5.0181,space,19.7133,space,3.4369,space,31.194,"[-0.2748273383246528,-0.04917982313368056,-0.5101362440321181,0.6093714735243055,0.5579033745659723,-0.04687717013888889,-0.5772327168782552,-0.32025641547309025,-0.7187627156575521]","[-0.09795376247829861,0.1321021185980903,0.2934179009331597,0.11072767469618056,0.11072767469618056,-0.08848246256510417,-0.10699666341145833,-0.03001074896918403,0.28208521525065106]","[1,1,1,1,1,1,1,1,1]","[0,0,0,0,0,0,0,0,0]","[0,0,0,0,0,0,0,0,0]","[2.5109999999999673,3.9271000000088634,22.476600000008943,23.492800000011812,23.909400000005917,24.8439000000061,25.711000000000126,27.693800000011947,29.276900000006094]","[""purse"",""store"",""purse"",""dog""]",space,6.9523,0,0,0,0,1,ASLCompStim1.jpg,,,,,,,,,
,,,,,,,,,,,,,,,,,,,,6,,3BlackFoodBirthdaysmall.mp4,,S06,001,03-15-2023_15h36.47.600,ASLTestBattery1,2021.2.3,MacIntel,60.0024001,,,,,,,space,11.118,"[0.7678005642361111,0.07440538194444445,-0.705239749484592]","[0.2559810553656684,0.1614295111762153,-0.24078192816840277]","[1,1,1]","[0,0,0]","[0,0,0]","[6.149499999999989,8.350400000005948,10.166100000008782]","[""flower"",""store"",""balloon""]",space,5.0316,0,1,1,5,1,ASLCompStim6.jpg,,,,,,,,,
,,,,,,,,,,,,,,,,,,,,3,,3BaldBirthdayHospitalsmall.mp4,,S06,001,03-15-2023_15h36.47.600,ASLTestBattery1,2021.2.3,MacIntel,60.0024001,,,,,,,space,7.4217,"[0.3011678059895833,-0.7234066942003038,0.5421043565538195]","[-0.0903512912326389,-0.23558213975694445,-0.1768585205078125]","[1,1,1]","[0,0,0]","[0,0,0]","[3.579099999994014,5.612099999993916,6.961499999999887]","[""bike"",""balloon"",""hospital""]",space,4.0837,0,2,2,2,1,ASLCompStim3.jpg,,,,,,,,,
,,,,,,,,,,,,,,,,,,,,2,,3BlackBlueBirthdaysmall.mp4,,S06,001,03-15-2023_15h36.47.600,ASLTestBattery1,2021.2.3,MacIntel,60.0024001,,,,,,,space,6.8139,"[0.7576055230034722,-0.7412237718370226,-0.027455851236979165,-0.7260990736219618]","[0.2791856723361545,0.2674722120496962,-0.25515177408854167,-0.26010789659288197]","[1,1,1,1]","[0,0,0,0]","[0,0,0,0]","[1.2454000000059295,2.945700000002944,5.494600000009086,6.296100000008892]","[""flower"",""dog"",""PO"",""balloon""]",space,5.4054,0,3,3,1,1,ASLCompStim2.jpg,,,,,,,,,
,,,,,,,,,,,,,,,,,,,,4,,3BlondHospitalFoodsmall.mp4,,S06,001,03-15-2023_15h36.47.600,ASLTestBattery1,2021.2.3,MacIntel,60.0024001,,,,,,,space,6.6474,"[-0.2813937377929687,0.571475830078125,0.017203165690104168]","[-0.08017333984375,-0.2655548773871528,0.1321807861328125]","[1,1,1]","[0,0,0]","[0,0,0]","[4.5914000000061606,5.490599999994174,6.308200000003126]","[""purse"",""hospital"",""store""]",space,2.4906,0,4,4,3,1,ASLCompStim4.jpg,,,,,,,,,
,,,,,,,,,,,,,,,,,,,,5,,3PonySnackBikesmall.mp4,,S06,001,03-15-2023_15h36.47.600,ASLTestBattery1,2021.2.3,MacIntel,60.0024001,,,,,,,space,8.6411,"[-0.7201678466796875,-0.0845867919921875,0.30916856553819444]","[0.2493670654296875,-0.21644822862413193,-0.07252631293402778]","[1,1,1]","[0,0,0]","[0,0,0]","[4.232200000003104,7.681799999997111,8.332599999994045]","[""dog"",""PO"",""bike""]",space,5.6971,0,5,5,4,1,ASLCompStim5.jpg,,,,,,,,,
,,,,,,,,,,,,,,,,,,,,,,,,S06,001,03-15-2023_15h36.47.600,ASLTestBattery1,2021.2.3,MacIntel,60.0024001,,,,,,,,,,,,,,,,,,,,,,,,,-0.251324429,-0.161774902,1,0,0,Yes,space,1.3382
