﻿key_resp_13.keys,key_resp_13.rt,key_resp_16.keys,key_resp_16.rt,key_resp_17.keys,key_resp_17.rt,mouse_5.x,mouse_5.y,mouse_5.leftButton,mouse_5.midButton,mouse_5.rightButton,typedWord,trials_4.thisRepN,trials_4.thisTrialN,trials_4.thisN,trials_4.thisIndex,trials_4.ran,index,videoFile,itemPrompt,participant,session,date,expName,psychopyVersion,OS,frameRate,key_resp_9.keys,key_resp_9.rt,key_resp_18.keys,key_resp_18.rt,resp.x,resp.y,resp.leftButton,resp.midButton,resp.rightButton,resp.clicked_name,MatchLoop.thisRepN,MatchLoop.thisTrialN,MatchLoop.thisN,MatchLoop.thisIndex,MatchLoop.ran,imageDrawn,corrAns,plausibility,match,animacy,mouse_4.x,mouse_4.y,mouse_4.leftButton,mouse_4.midButton,mouse_4.rightButton,mouse_4.clicked_name,key_resp_12.keys,key_resp_12.rt
space,3.738,space,1.6422,space,1.0256,0.22177002,-0.138055352,0,0,0, feet,0,0,0,4,1,5,FSFeet.mp4,,S11,001,2023-03-21_20h54.59.835,ASLTestBattery2,2021.2.3,MacIntel,60.0024001,,,,,,,,,,,,,,,,,,,,,,,,,,,,
,,,,,,0.22177002,-0.138055352,0,0,0,books,0,1,1,3,1,4,FSBooks.mp4,,S11,001,2023-03-21_20h54.59.835,ASLTestBattery2,2021.2.3,MacIntel,60.0024001,,,,,,,,,,,,,,,,,,,,,,,,,,,,
,,,,,,0.22177002,-0.138055352,0,0,0,ice,0,2,2,7,1,8,FSIce.mp4,,S11,001,2023-03-21_20h54.59.835,ASLTestBattery2,2021.2.3,MacIntel,60.0024001,,,,,,,,,,,,,,,,,,,,,,,,,,,,
,,,,,,0.22177002,-0.138055352,0,0,0,hill,0,3,3,6,1,7,FSHill.mp4,,S11,001,2023-03-21_20h54.59.835,ASLTestBattery2,2021.2.3,MacIntel,60.0024001,,,,,,,,,,,,,,,,,,,,,,,,,,,,
,,,,,,0.22177002,-0.138055352,0,0,0,pizza,0,4,4,8,1,9,FSPizza.mp4,,S11,001,2023-03-21_20h54.59.835,ASLTestBattery2,2021.2.3,MacIntel,60.0024001,,,,,,,,,,,,,,,,,,,,,,,,,,,,
,,,,,,0.22177002,-0.138055352,0,0,0,worry,0,5,5,2,1,3,FSBerry.mp4,,S11,001,2023-03-21_20h54.59.835,ASLTestBattery2,2021.2.3,MacIntel,60.0024001,,,,,,,,,,,,,,,,,,,,,,,,,,,,
,,,,,,0.22177002,-0.138055352,0,0,0,intended,0,6,6,1,1,2,FSAndroid.mp4,,S11,001,2023-03-21_20h54.59.835,ASLTestBattery2,2021.2.3,MacIntel,60.0024001,,,,,,,,,,,,,,,,,,,,,,,,,,,,
,,,,,,0.22177002,-0.138055352,0,0,0,vanilla,0,7,7,9,1,10,FSVanilla.mp4,,S11,001,2023-03-21_20h54.59.835,ASLTestBattery2,2021.2.3,MacIntel,60.0024001,,,,,,,,,,,,,,,,,,,,,,,,,,,,
,,,,,,0.22177002,-0.138055352,0,0,0,alquina,0,8,8,0,1,1,FSAlgebra.mp4,,S11,001,2023-03-21_20h54.59.835,ASLTestBattery2,2021.2.3,MacIntel,60.0024001,,,,,,,,,,,,,,,,,,,,,,,,,,,,
,,,,,,0.22177002,-0.138055352,0,0,0,guess,0,9,9,5,1,6,FSGlass.mp4,,S11,001,2023-03-21_20h54.59.835,ASLTestBattery2,2021.2.3,MacIntel,60.0024001,,,,,,,,,,,,,,,,,,,,,,,,,,,,
,,,,space,1.2742,,,,,,,,,,,,5,30ChairKickGirl.mp4,,S11,001,2023-03-21_20h54.59.835,ASLTestBattery2,2021.2.3,MacIntel,60.0024001,space,3.1019,space,5.5704,-0.135844455,-0.175906711,1,0,0,Y,0,0,0,4,1,30_chair_kick_girl.jpg,Y,reversed,match,inanimate,,,,,,,,
,,,,,,,,,,,,,,,,,8,72ChairPushGirl.mp4,,S11,001,2023-03-21_20h54.59.835,ASLTestBattery2,2021.2.3,MacIntel,60.0024001,,,,,0.156278822,-0.119228177,1,0,0,N,0,1,1,7,1,72_girl_push_chair.jpg,N,reversed,mismatch,inanimate,,,,,,,,
,,,,,,,,,,,,,,,,,19,89MomCarryOrange.mp4,,S11,001,2023-03-21_20h54.59.835,ASLTestBattery2,2021.2.3,MacIntel,60.0024001,,,,,-0.268517693,-0.158771566,1,0,0,Y,0,2,2,18,1,89_mom_carry_orange.jpg,Y,canonical,match,inanimate,,,,,,,,
,,,,,,,,,,,,,,,,,20,91SheepKickApple.mp4,,S11,001,2023-03-21_20h54.59.835,ASLTestBattery2,2021.2.3,MacIntel,60.0024001,,,,,0.235636664,-0.12035631,1,0,0,N,0,3,3,19,1,91_apple_kick_sheep.jpg,N,canonical,mismatch,inanimate,,,,,,,,
,,,,,,,,,,,,,,,,,2,27BoyCarryEgg.mp4,,S11,001,2023-03-21_20h54.59.835,ASLTestBattery2,2021.2.3,MacIntel,60.0024001,,,,,0.233640001,-0.18348565,1,0,0,N,0,4,4,1,1,27_egg_carry_boy.jpg,N,canonical,mismatch,inanimate,,,,,,,,
,,,,,,,,,,,,,,,,,18,87MomBiteCookie.mp4,,S11,001,2023-03-21_20h54.59.835,ASLTestBattery2,2021.2.3,MacIntel,60.0024001,,,,,0.125531277,-0.156419949,1,0,0,N,0,5,5,17,1,87_cookie_bite_woman.jpg,N,canonical,mismatch,inanimate,,,,,,,,
,,,,,,,,,,,,,,,,,7,71ManPushTree.mp4,,S11,001,2023-03-21_20h54.59.835,ASLTestBattery2,2021.2.3,MacIntel,60.0024001,,,,,0.170864733,-0.173812731,1,0,0,N,0,6,6,6,1,71_tree_push_man.jpg,N,canonical,mismatch,inanimate,,,,,,,,
,,,,,,,,,,,,,,,,,17,85BoyDrawTV.mp4,,S11,001,2023-03-21_20h54.59.835,ASLTestBattery2,2021.2.3,MacIntel,60.0024001,,,,,-0.225017497,-0.145526394,1,0,0,Y,0,7,7,16,1,85_boy_draw_tv.jpg,Y,canonical,match,inanimate,,,,,,,,
,,,,,,,,,,,,,,,,,3,28AppleCarryClown.mp4,,S11,001,2023-03-21_20h54.59.835,ASLTestBattery2,2021.2.3,MacIntel,60.0024001,,,,,0.26179891,-0.143300442,1,0,0,N,0,8,8,2,1,28_clown_carry_apple.jpg,N,reversed,mismatch,inanimate,,,,,,,,
,,,,,,,,,,,,,,,,,4,29DadKickTable.mp4,,S11,001,2023-03-21_20h54.59.835,ASLTestBattery2,2021.2.3,MacIntel,60.0024001,,,,,-0.056706679,-0.151606852,1,0,0,Y,0,9,9,3,1,29_dad_kick_table.jpg,Y,canonical,match,inanimate,,,,,,,,
,,,,,,,,,,,,,,,,,12,77DogEatBone.mp4,,S11,001,2023-03-21_20h54.59.835,ASLTestBattery2,2021.2.3,MacIntel,60.0024001,,,,,-0.106300456,-0.183464491,1,0,0,Y,0,10,10,11,1,77_dog_eat_bone.jpg,Y,canonical,match,inanimate,,,,,,,,
,,,,,,,,,,,,,,,,,10,74TablePushTeacher.mp4,,S11,001,2023-03-21_20h54.59.835,ASLTestBattery2,2021.2.3,MacIntel,60.0024001,,,,,-0.118151313,-0.169656576,1,0,0,Y,0,11,11,9,1,74_table_push_teacher.jpg,Y,reversed,match,inanimate,,,,,,,,
,,,,,,,,,,,,,,,,,15,82EggDrawMom.mp4,,S11,001,2023-03-21_20h54.59.835,ASLTestBattery2,2021.2.3,MacIntel,60.0024001,,,,,-0.083510335,-0.130163574,1,0,0,Y,0,12,12,14,1,82_egg_draw_mom.jpg,Y,reversed,match,inanimate,,,,,,,,
,,,,,,,,,,,,,,,,,1,26CookieCarryDad.mp4,,S11,001,2023-03-21_20h54.59.835,ASLTestBattery2,2021.2.3,MacIntel,60.0024001,,,,,-0.174085829,-0.159509277,1,0,0,Y,0,13,13,0,1,26_cookie_carry_dad.jpg,Y,reversed,match,inanimate,,,,,,,,
,,,,,,,,,,,,,,,,,14,79GirlEatCandy.mp4,,S11,001,2023-03-21_20h54.59.835,ASLTestBattery2,2021.2.3,MacIntel,60.0024001,,,,,0.198746067,-0.121342773,1,0,0,N,0,14,14,13,1,79_candy_eat_girl.jpg,N,canonical,mismatch,inanimate,,,,,,,,
,,,,,,,,,,,,,,,,,13,78GrassEatRabbit.mp4,,S11,001,2023-03-21_20h54.59.835,ASLTestBattery2,2021.2.3,MacIntel,60.0024001,,,,,-0.098287218,-0.121902805,1,0,0,Y,0,15,15,12,1,78_grass_eat_rabbit.jpg,Y,reversed,match,inanimate,,,,,,,,
,,,,,,,,,,,,,,,,,9,73ClownPushTV.mp4,,S11,001,2023-03-21_20h54.59.835,ASLTestBattery2,2021.2.3,MacIntel,60.0024001,,,,,-0.148181966,-0.129686008,1,0,0,Y,0,16,16,8,1,73_clown_push_tv.jpg,Y,canonical,match,inanimate,,,,,,,,
,,,,,,,,,,,,,,,,,11,76ChocolateEatBoy.mp4,,S11,001,2023-03-21_20h54.59.835,ASLTestBattery2,2021.2.3,MacIntel,60.0024001,,,,,0.110966458,-0.143241577,1,0,0,N,0,17,17,10,1,76_boy_eat_chocolate.jpg,N,reversed,mismatch,inanimate,,,,,,,,
,,,,,,,,,,,,,,,,,16,40ChairPaintDad.mp4,,S11,001,2023-03-21_20h54.59.835,ASLTestBattery2,2021.2.3,MacIntel,60.0024001,,,,,0.091100464,-0.169653863,1,0,0,N,0,18,18,15,1,40_dad_paint_chair.jpg,N,reversed,mismatch,inanimate,,,,,,,,
,,,,,,,,,,,,,,,,,6,32DoorKickCow.mp4,,S11,001,2023-03-21_20h54.59.835,ASLTestBattery2,2021.2.3,MacIntel,60.0024001,,,,,0.217809652,-0.184628092,1,0,0,N,0,19,19,5,1,32_cow_kick_door.jpg,N,reversed,mismatch,inanimate,,,,,,,,
,,,,,,,,,,,,,,,,,,,,S11,001,2023-03-21_20h54.59.835,ASLTestBattery2,2021.2.3,MacIntel,60.0024001,,,,,,,,,,,,,,,,,,,,,-0.074676378,-0.12885003,1,0,0,Yes,space,1.031
