﻿key_resp_15.keys,key_resp_15.rt,key_resp_4.keys,key_resp_4.rt,key_resp_17.keys,key_resp_17.rt,key_resp_2.keys,key_resp_2.rt,typedWord,mouse.x,mouse.y,mouse.leftButton,mouse.midButton,mouse.rightButton,mouse.clicked_name,trials.thisRepN,trials.thisTrialN,trials.thisN,trials.thisIndex,trials.ran,index,itemText,videoFile,itemPrompt,participant,session,date,expName,psychopyVersion,OS,frameRate,key_resp.keys,key_resp.rt,key_resp_3.keys,key_resp_3.rt,key_resp_5.keys,key_resp_5.rt,key_resp_7.keys,key_resp_7.rt,mouse_2.x,mouse_2.y,mouse_2.leftButton,mouse_2.midButton,mouse_2.rightButton,mouse_2.time,mouse_2.clicked_name,key_resp_8.keys,key_resp_8.rt,trials_2.thisRepN,trials_2.thisTrialN,trials_2.thisN,trials_2.thisIndex,trials_2.ran,imageFile,corrAns,mouse_4.x,mouse_4.y,mouse_4.leftButton,mouse_4.midButton,mouse_4.rightButton,mouse_4.clicked_name,key_resp_12.keys,key_resp_12.rt
space,27.7861,space,13.7024,space,1.8295,space,4.7093, her three siblings,-0.182527398,-0.132102051,1,0,0,Submit,0,0,0,0,1,1,"The next 2 sections are parts of a story told by Missy Keast. 
After each section you will be asked questions. 
Respond as best as you can. 
Press the space bar to continue.",MakingNoisePart1small.mp4,"Who did Missy go to the mall with? Please type your response below. If you are not sure, make your best guess.",S11,001,2023-03-21_20h32.58.800,ASLTestBattery1,2021.2.3,MacIntel,60.0024001,,,,,,,,,,,,,,,,,,,,,,,,,,,,,,,,
,,,,,,space,1.1868, someone at the mall was trying to communicate with these Deaf people by repeating things loudly over and over,-0.143608602,-0.165904134,1,0,0,Submit,0,1,1,1,1,2,Press spacebar to continue,MakingNoisePart2small.mp4,"The title of this short story is - Making Noise. In 1-2 sentences, please explain why this title was chosen below. If you are not sure, make your best guess.",S11,001,2023-03-21_20h32.58.800,ASLTestBattery1,2021.2.3,MacIntel,60.0024001,,,,,,,,,,,,,,,,,,,,,,,,,,,,,,,,
,,,,,,space,4.351, he works at the slc,-0.104915161,-0.128807237,1,0,0,Submit,0,2,2,2,1,3,"The next few clips are parts of an interview conducted by Joel Barish and Jamil Haque. 
After each section you will be asked questions. 
Respond as best as you can. 
Press the space bar to continue.",DNInterviewBornInNYsmall.mp4,"What is Jamil's job? Please type your response below. If you are not sure, make your best guess.",S11,001,2023-03-21_20h32.58.800,ASLTestBattery1,2021.2.3,MacIntel,60.0024001,,,,,,,,,,,,,,,,,,,,,,,,,,,,,,,,
,,,,,,space,1.4742, bangladesh,-0.096994086,-0.153358697,1,0,0,Submit,0,3,3,3,1,4,Press spacebar to continue,DNInterviewSignForBangladeshsmall.mp4,"Where was Jamil born? Please type your response below. If you are not sure, make your best guess.",S11,001,2023-03-21_20h32.58.800,ASLTestBattery1,2021.2.3,MacIntel,60.0024001,,,,,,,,,,,,,,,,,,,,,,,,,,,,,,,,
,,,,,,space,5.4125, south korea,-0.153092651,-0.158553806,1,0,0,Submit,0,4,4,4,1,5,"The next few clips are parts of an interview conducted by Melissa Keomoungkhoun, Amanda Kline, & Jenny Cooper. 
After each section you will be asked questions.
Respond as best as you can.
Press spacebar to continue.",SweetsAndDrinksPart1.mp4,Where was Melissa Born?,S11,001,2023-03-21_20h32.58.800,ASLTestBattery1,2021.2.3,MacIntel,60.0024001,,,,,,,,,,,,,,,,,,,,,,,,,,,,,,,,
,,,,,,space,0.7878, oatmeal raisin,-0.168376668,-0.16359002,1,0,0,Submit,0,5,5,5,1,6,Press spacebar to continue,SweetsAndDrinksPart2.mp4,What kind of cookie was shown in the video?,S11,001,2023-03-21_20h32.58.800,ASLTestBattery1,2021.2.3,MacIntel,60.0024001,,,,,,,,,,,,,,,,,,,,,,,,,,,,,,,,
,,,,,,,,,,,,,,,,,,,,6,,3BlackFoodBirthdaysmall.mp4,,S11,001,2023-03-21_20h32.58.800,ASLTestBattery1,2021.2.3,MacIntel,60.0024001,space,4.4403,space,17.6751,space,1.3728,space,7.0813,"[-0.7276277499728733,-0.7301547410753039]","[0.25180633544921877,-0.24631279839409723]","[1,1]","[0,0]","[0,0]","[4.248499999999922,5.581100000023753]","[""dog"",""balloon""]",space,5.6691,0,0,0,5,1,ASLCompStim6.jpg,,,,,,,,,
,,,,,,,,,,,,,,,,,,,,4,,3BlondHospitalFoodsmall.mp4,,S11,001,2023-03-21_20h32.58.800,ASLTestBattery1,2021.2.3,MacIntel,60.0024001,,,,,,,space,12.9227,"[-0.30452657063802085,0.5093882921006945,0.060555352105034724]","[-0.09330607096354167,-0.26406812879774305,0.14629970974392362]","[1,1,1]","[0,0,0]","[0,0,0]","[9.624100000023873,11.256299999952375,12.190399999976194]","[""purse"",""hospital"",""store""]",space,1.5858,0,1,1,3,1,ASLCompStim4.jpg,,,,,,,,,
,,,,,,,,,,,,,,,,,,,,1,,3PonyCakeBirthdaysmall.mp4,,S11,001,2023-03-21_20h32.58.800,ASLTestBattery1,2021.2.3,MacIntel,60.0024001,,,,,,,space,13.8521,"[-0.7397779846191406,0.04430528428819445,-0.7155231560601129]","[0.2668424309624566,0.12267266167534722,-0.23212293836805556]","[1,1,1]","[0,0,0]","[0,0,0]","[6.854700000047728,11.971900000095388,12.904500000000098]","[""dog"",""store"",""balloon""]",space,3.8304,0,2,2,0,1,ASLCompStim1.jpg,,,,,,,,,
,,,,,,,,,,,,,,,,,,,,2,,3BlackBlueBirthdaysmall.mp4,,S11,001,2023-03-21_20h32.58.800,ASLTestBattery1,2021.2.3,MacIntel,60.0024001,,,,,,,space,3.9275,"[0.7828217230902778,-0.7456012301974826,-0.7810225423177083]","[0.25260613335503473,0.279092288547092,-0.2547380913628472]","[1,1,1]","[0,0,0]","[0,0,0]","[1.4716999999285463,2.5063999999762245,3.239500000000021]","[""flower"",""dog"",""balloon""]",space,1.1274,0,3,3,1,1,ASLCompStim2.jpg,,,,,,,,,
,,,,,,,,,,,,,,,,,,,,5,,3PonySnackBikesmall.mp4,,S11,001,2023-03-21_20h32.58.800,ASLTestBattery1,2021.2.3,MacIntel,60.0024001,,,,,,,space,3.5308,"[-0.7566530185275607,0.08070576985677083,0.22106492784288195]","[0.2489250013563368,0.10407070583767361,-0.052631089952256946]","[1,1,1]","[0,0,0]","[0,0,0]","[1.2802000000477847,2.4979000000954557,3.150000000000091]","[""dog"",""store"",""bike""]",space,1.4349,0,4,4,4,1,ASLCompStim5.jpg,,,,,,,,,
,,,,,,,,,,,,,,,,,,,,3,,3BaldBirthdayHospitalsmall.mp4,,S11,001,2023-03-21_20h32.58.800,ASLTestBattery1,2021.2.3,MacIntel,60.0024001,,,,,,,space,9.1725,"[0.3065158420138889,-0.7240955607096354,0.5197916666666667]","[-0.08434244791666666,-0.2671008978949653,-0.21618842230902777]","[1,1,1]","[0,0,0]","[0,0,0]","[1.28579999995236,7.934399999976222,8.818699999928526]","[""bike"",""balloon"",""hospital""]",space,2.8872,0,5,5,2,1,ASLCompStim3.jpg,,,,,,,,,
,,,,,,,,,,,,,,,,,,,,,,,,S11,001,2023-03-21_20h32.58.800,ASLTestBattery1,2021.2.3,MacIntel,60.0024001,,,,,,,,,,,,,,,,,,,,,,,,,-0.163309326,-0.111774156,1,0,0,Yes,space,1.2334
