﻿key_resp_15.keys,key_resp_15.rt,key_resp_4.keys,key_resp_4.rt,key_resp_17.keys,key_resp_17.rt,key_resp_2.keys,key_resp_2.rt,typedWord,mouse.x,mouse.y,mouse.leftButton,mouse.midButton,mouse.rightButton,mouse.clicked_name,trials.thisRepN,trials.thisTrialN,trials.thisN,trials.thisIndex,trials.ran,index,itemText,videoFile,itemPrompt,participant,session,date,expName,psychopyVersion,OS,frameRate,key_resp.keys,key_resp.rt,key_resp_3.keys,key_resp_3.rt,key_resp_5.keys,key_resp_5.rt,key_resp_7.keys,key_resp_7.rt,mouse_2.x,mouse_2.y,mouse_2.leftButton,mouse_2.midButton,mouse_2.rightButton,mouse_2.time,mouse_2.clicked_name,key_resp_8.keys,key_resp_8.rt,trials_2.thisRepN,trials_2.thisTrialN,trials_2.thisN,trials_2.thisIndex,trials_2.ran,imageFile,corrAns,mouse_4.x,mouse_4.y,mouse_4.leftButton,mouse_4.midButton,mouse_4.rightButton,mouse_4.clicked_name,key_resp_12.keys,key_resp_12.rt
space,5.219,space,4.837,space,2.405,space,6.668, linda her sister in law,-0.182222222,-0.128888889,1,0,0,Submit,0,0,0,0,1,1,"The next 2 sections are parts of a story told by Missy Keast. 
After each section you will be asked questions. 
Respond as best as you can. 
Press the space bar to continue.",MakingNoisePart1small.mp4,"Who did Missy go to the mall with? Please type your response below. If you are not sure, make your best guess.",C08,001,2022-03-16_22h06.43.788,ASLTestBattery1,2021.2.3,MacIntel,57.80346821,,,,,,,,,,,,,,,,,,,,,,,,,,,,,,,,
,,,,,,space,1.084, because she did not know that when she urinated that it made a sound. So she learned that she was making noise even when she did not want to. ,-0.173333333,-0.155555556,1,0,0,Submit,0,1,1,1,1,2,Press spacebar to continue,MakingNoisePart2small.mp4,"The title of this short story is - Making Noise. In 1-2 sentences, please explain why this title was chosen below. If you are not sure, make your best guess.",C08,001,2022-03-16_22h06.43.788,ASLTestBattery1,2021.2.3,MacIntel,57.80346821,,,,,,,,,,,,,,,,,,,,,,,,,,,,,,,,
,,,,,,space,7.599, ASL teacher,-0.238888889,-0.143333333,1,0,0,Submit,0,2,2,2,1,3,"The next few clips are parts of an interview conducted by Joel Barish and Jamil Haque. 
After each section you will be asked questions. 
Respond as best as you can. 
Press the space bar to continue.",DNInterviewBornInNYsmall.mp4,"What is Jamil's job? Please type your response below. If you are not sure, make your best guess.",C08,001,2022-03-16_22h06.43.788,ASLTestBattery1,2021.2.3,MacIntel,57.80346821,,,,,,,,,,,,,,,,,,,,,,,,,,,,,,,,
,,,,,,space,1.085, bangladesh,-0.16,-0.117777778,1,0,0,Submit,0,3,3,3,1,4,Press spacebar to continue,DNInterviewSignForBangladeshsmall.mp4,"Where was Jamil born? Please type your response below. If you are not sure, make your best guess.",C08,001,2022-03-16_22h06.43.788,ASLTestBattery1,2021.2.3,MacIntel,57.80346821,,,,,,,,,,,,,,,,,,,,,,,,,,,,,,,,
,,,,,,space,10.7, Australia,-0.272222222,-0.178888889,1,0,0,Submit,0,4,4,4,1,5,"The next few clips are parts of an interview conducted by Melissa Keomoungkhoun, Amanda Kline, & Jenny Cooper. 
After each section you will be asked questions.
Respond as best as you can.
Press spacebar to continue.",SweetsAndDrinksPart1.mp4,Where was Melissa Born?,C08,001,2022-03-16_22h06.43.788,ASLTestBattery1,2021.2.3,MacIntel,57.80346821,,,,,,,,,,,,,,,,,,,,,,,,,,,,,,,,
,,,,,,space,1.716, Date swirl,-0.167777778,-0.154444444,1,0,0,Submit,0,5,5,5,1,6,Press spacebar to continue,SweetsAndDrinksPart2.mp4,What kind of cookie was shown in the video?,C08,001,2022-03-16_22h06.43.788,ASLTestBattery1,2021.2.3,MacIntel,57.80346821,,,,,,,,,,,,,,,,,,,,,,,,,,,,,,,,
,,,,,,,,,,,,,,,,,,,,1,,3PonyCakeBirthdaysmall.mp4,,C08,001,2022-03-16_22h06.43.788,ASLTestBattery1,2021.2.3,MacIntel,57.80346821,space,5.57,space,1.078,space,0.901,space,4.502,"[-0.24444444444444444,-0.06222222222222222,-0.6266666666666667]","[-0.06111111111111111,0.11555555555555555,-0.18]","[1,1,1]","[0,0,0]","[0,0,0]","[1.8159999999999172,2.602999999999952,4.014999999999986]","[""purse"",""store"",""balloon""]",space,6.39,0,0,0,0,1,ASLCompStim1.jpg,,,,,,,,,
,,,,,,,,,,,,,,,,,,,,3,,3BaldBirthdayHospitalsmall.mp4,,C08,001,2022-03-16_22h06.43.788,ASLTestBattery1,2021.2.3,MacIntel,57.80346821,,,,,,,space,8.299,"[0.3377777777777778,-0.72,0.5188888888888888]","[-0.10333333333333333,-0.22,-0.2544444444444444]","[1,1,1]","[0,0,0]","[0,0,0]","[3.4879999999999427,5.366999999999962,6.9659999999998945]","[""bike"",""balloon"",""hospital""]",space,5.125,0,1,1,2,1,ASLCompStim3.jpg,,,,,,,,,
,,,,,,,,,,,,,,,,,,,,4,,3BlondHospitalFoodsmall.mp4,,C08,001,2022-03-16_22h06.43.788,ASLTestBattery1,2021.2.3,MacIntel,57.80346821,,,,,,,space,3.268,"[-0.25555555555555554,0.4777777777777778,-0.034444444444444444]","[-0.044444444444444446,-0.19666666666666666,0.08555555555555555]","[1,1,1]","[0,0,0]","[0,0,0]","[0.8870000000000573,1.7989999999999782,2.7970000000000255]","[""purse"",""hospital"",""store""]",space,3.51,0,2,2,3,1,ASLCompStim4.jpg,,,,,,,,,
,,,,,,,,,,,,,,,,,,,,5,,3PonySnackBikesmall.mp4,,C08,001,2022-03-16_22h06.43.788,ASLTestBattery1,2021.2.3,MacIntel,57.80346821,,,,,,,space,4.644,"[-0.7011111111111111,-0.012222222222222223,0.26666666666666666]","[0.2811111111111111,0.14222222222222222,-0.07111111111111111]","[1,1,1]","[0,0,0]","[0,0,0]","[2.30499999999995,2.964999999999918,3.852999999999952]","[""dog"",""store"",""bike""]",space,1.587,0,3,3,4,1,ASLCompStim5.jpg,,,,,,,,,
,,,,,,,,,,,,,,,,,,,,2,,3BlackBlueBirthdaysmall.mp4,,C08,001,2022-03-16_22h06.43.788,ASLTestBattery1,2021.2.3,MacIntel,57.80346821,,,,,,,space,6.2,"[0.7955555555555556,-0.6988888888888889,-0.7322222222222222]","[0.28444444444444444,0.2777777777777778,-0.1988888888888889]","[1,1,1]","[0,0,0]","[0,0,0]","[1.254000000000019,3.26400000000001,5.131999999999948]","[""flower"",""dog"",""balloon""]",space,2.394,0,4,4,1,1,ASLCompStim2.jpg,,,,,,,,,
,,,,,,,,,,,,,,,,,,,,6,,3BlackFoodBirthdaysmall.mp4,,C08,001,2022-03-16_22h06.43.788,ASLTestBattery1,2021.2.3,MacIntel,57.80346821,,,,,,,space,3.969,"[0.7666666666666667,0.03333333333333333,-0.7722222222222223]","[0.27444444444444444,0.12666666666666668,-0.2222222222222222]","[1,1,1]","[0,0,0]","[0,0,0]","[1.5,2.3730000000000473,3.369000000000028]","[""flower"",""store"",""balloon""]",space,0.998,0,5,5,5,1,ASLCompStim6.jpg,,,,,,,,,
,,,,,,,,,,,,,,,,,,,,,,,,C08,001,2022-03-16_22h06.43.788,ASLTestBattery1,2021.2.3,MacIntel,57.80346821,,,,,,,,,,,,,,,,,,,,,,,,,-0.263333333,-0.182222222,1,0,0,Yes,space,1.707
