﻿key_resp_13.keys,key_resp_13.rt,key_resp_16.keys,key_resp_16.rt,key_resp_17.keys,key_resp_17.rt,mouse_5.x,mouse_5.y,mouse_5.leftButton,mouse_5.midButton,mouse_5.rightButton,mouse_5.clicked_name,typedWord,trials_4.thisRepN,trials_4.thisTrialN,trials_4.thisN,trials_4.thisIndex,trials_4.ran,index,videoFile,itemPrompt,participant,session,date,expName,psychopyVersion,OS,frameRate,key_resp_9.keys,key_resp_9.rt,key_resp_18.keys,key_resp_18.rt,resp.x,resp.y,resp.leftButton,resp.midButton,resp.rightButton,resp.clicked_name,MatchLoop.thisRepN,MatchLoop.thisTrialN,MatchLoop.thisN,MatchLoop.thisIndex,MatchLoop.ran,imageDrawn,corrAns,plausibility,match,animacy,mouse_4.x,mouse_4.y,mouse_4.leftButton,mouse_4.midButton,mouse_4.rightButton,mouse_4.clicked_name,key_resp_12.keys,key_resp_12.rt
space,2.5391,space,1.0458,space,0.811,0.085143772,-0.1632744,1,0,0,Submit1, android,0,0,0,1,1,2,FSAndroid.mp4,,C08,001,2022-03-16_22h37.08.039,ASLTestBattery2,2021.2.3,MacIntel,59.99160118,,,,,,,,,,,,,,,,,,,,,,,,,,,,
,,,,,,0.085143772,-0.1632744,1,0,0,Submit1,ice,0,1,1,7,1,8,FSIce.mp4,,C08,001,2022-03-16_22h37.08.039,ASLTestBattery2,2021.2.3,MacIntel,59.99160118,,,,,,,,,,,,,,,,,,,,,,,,,,,,
,,,,,,0.060713298,-0.161112603,1,0,0,Submit1,hill,0,2,2,6,1,7,FSHill.mp4,,C08,001,2022-03-16_22h37.08.039,ASLTestBattery2,2021.2.3,MacIntel,59.99160118,,,,,,,,,,,,,,,,,,,,,,,,,,,,
,,,,,,0.070046319,-0.165629951,1,0,0,Submit1,pizza,0,3,3,8,1,9,FSPizza.mp4,,C08,001,2022-03-16_22h37.08.039,ASLTestBattery2,2021.2.3,MacIntel,59.99160118,,,,,,,,,,,,,,,,,,,,,,,,,,,,
,,,,,,0.070046319,-0.163557536,1,0,0,Submit1,glass,0,4,4,5,1,6,FSGlass.mp4,,C08,001,2022-03-16_22h37.08.039,ASLTestBattery2,2021.2.3,MacIntel,59.99160118,,,,,,,,,,,,,,,,,,,,,,,,,,,,
,,,,,,0.07731269,-0.171110162,1,0,0,Submit1,algebra,0,5,5,0,1,1,FSAlgebra.mp4,,C08,001,2022-03-16_22h37.08.039,ASLTestBattery2,2021.2.3,MacIntel,59.99160118,,,,,,,,,,,,,,,,,,,,,,,,,,,,
,,,,,,0.07731269,-0.170853882,1,0,0,Submit1,berry,0,6,6,2,1,3,FSBerry.mp4,,C08,001,2022-03-16_22h37.08.039,ASLTestBattery2,2021.2.3,MacIntel,59.99160118,,,,,,,,,,,,,,,,,,,,,,,,,,,,
,,,,,,0.07731269,-0.170068766,1,0,0,Submit1,vanilla,0,7,7,9,1,10,FSVanilla.mp4,,C08,001,2022-03-16_22h37.08.039,ASLTestBattery2,2021.2.3,MacIntel,59.99160118,,,,,,,,,,,,,,,,,,,,,,,,,,,,
,,,,,,0.084678684,-0.170023193,1,0,0,Submit1,books,0,8,8,3,1,4,FSBooks.mp4,,C08,001,2022-03-16_22h37.08.039,ASLTestBattery2,2021.2.3,MacIntel,59.99160118,,,,,,,,,,,,,,,,,,,,,,,,,,,,
,,,,,,0.029363607,-0.181719903,1,0,0,Submit1,feet,0,9,9,4,1,5,FSFeet.mp4,,C08,001,2022-03-16_22h37.08.039,ASLTestBattery2,2021.2.3,MacIntel,59.99160118,,,,,,,,,,,,,,,,,,,,,,,,,,,,
,,,,space,1.2826,,,,,,,,,,,,,3,28AppleCarryClown.mp4,,C08,001,2022-03-16_22h37.08.039,ASLTestBattery2,2021.2.3,MacIntel,59.99160118,space,2.5068,space,1.884,-0.259650777,-0.143835314,1,0,0,Y,0,0,0,2,1,28_clown_carry_apple.jpg,N,reversed,mismatch,inanimate,,,,,,,,
,,,,,,,,,,,,,,,,,,13,78GrassEatRabbit.mp4,,C08,001,2022-03-16_22h37.08.039,ASLTestBattery2,2021.2.3,MacIntel,59.99160118,,,,,-0.176694065,-0.15089681,1,0,0,Y,0,1,1,12,1,78_grass_eat_rabbit.jpg,Y,reversed,match,inanimate,,,,,,,,
,,,,,,,,,,,,,,,,,,2,27BoyCarryEgg.mp4,,C08,001,2022-03-16_22h37.08.039,ASLTestBattery2,2021.2.3,MacIntel,59.99160118,,,,,0.304518907,-0.140732964,1,0,0,N,0,2,2,1,1,27_egg_carry_boy.jpg,N,canonical,mismatch,inanimate,,,,,,,,
,,,,,,,,,,,,,,,,,,14,79GirlEatCandy.mp4,,C08,001,2022-03-16_22h37.08.039,ASLTestBattery2,2021.2.3,MacIntel,59.99160118,,,,,0.213754544,-0.205110202,1,0,0,N,0,3,3,13,1,79_candy_eat_girl.jpg,N,canonical,mismatch,inanimate,,,,,,,,
,,,,,,,,,,,,,,,,,,12,77DogEatBone.mp4,,C08,001,2022-03-16_22h37.08.039,ASLTestBattery2,2021.2.3,MacIntel,59.99160118,,,,,-0.184476997,-0.17351671,1,0,0,Y,0,4,4,11,1,77_dog_eat_bone.jpg,Y,canonical,match,inanimate,,,,,,,,
,,,,,,,,,,,,,,,,,,16,40ChairPaintDad.mp4,,C08,001,2022-03-16_22h37.08.039,ASLTestBattery2,2021.2.3,MacIntel,59.99160118,,,,,-0.184476997,-0.173003472,1,0,0,Y,0,5,5,15,1,40_dad_paint_chair.jpg,N,reversed,mismatch,inanimate,,,,,,,,
,,,,,,,,,,,,,,,,,,8,72ChairPushGirl.mp4,,C08,001,2022-03-16_22h37.08.039,ASLTestBattery2,2021.2.3,MacIntel,59.99160118,,,,,-0.209113498,-0.209081082,1,0,0,Y,0,6,6,7,1,72_girl_push_chair.jpg,N,reversed,mismatch,inanimate,,,,,,,,
,,,,,,,,,,,,,,,,,,15,82EggDrawMom.mp4,,C08,001,2022-03-16_22h37.08.039,ASLTestBattery2,2021.2.3,MacIntel,59.99160118,,,,,0.149780341,-0.143991089,1,0,0,N,0,7,7,14,1,82_egg_draw_mom.jpg,Y,reversed,match,inanimate,,,,,,,,
,,,,,,,,,,,,,,,,,,18,87MomBiteCookie.mp4,,C08,001,2022-03-16_22h37.08.039,ASLTestBattery2,2021.2.3,MacIntel,59.99160118,,,,,0.149780341,-0.143473646,1,0,0,N,0,8,8,17,1,87_cookie_bite_woman.jpg,N,canonical,mismatch,inanimate,,,,,,,,
,,,,,,,,,,,,,,,,,,5,30ChairKickGirl.mp4,,C08,001,2022-03-16_22h37.08.039,ASLTestBattery2,2021.2.3,MacIntel,59.99160118,,,,,-0.107449273,-0.151261664,1,0,0,Y,0,9,9,4,1,30_chair_kick_girl.jpg,Y,reversed,match,inanimate,,,,,,,,
,,,,,,,,,,,,,,,,,,7,71ManPushTree.mp4,,C08,001,2022-03-16_22h37.08.039,ASLTestBattery2,2021.2.3,MacIntel,59.99160118,,,,,-0.081514214,-0.172857598,1,0,0,Y,0,10,10,6,1,71_tree_push_man.jpg,N,canonical,mismatch,inanimate,,,,,,,,
,,,,,,,,,,,,,,,,,,1,26CookieCarryDad.mp4,,C08,001,2022-03-16_22h37.08.039,ASLTestBattery2,2021.2.3,MacIntel,59.99160118,,,,,0.148127577,-0.157676595,1,0,0,N,0,11,11,0,1,26_cookie_carry_dad.jpg,Y,reversed,match,inanimate,,,,,,,,
,,,,,,,,,,,,,,,,,,17,85BoyDrawTV.mp4,,C08,001,2022-03-16_22h37.08.039,ASLTestBattery2,2021.2.3,MacIntel,59.99160118,,,,,-0.226056519,-0.150521715,1,0,0,Y,0,12,12,16,1,85_boy_draw_tv.jpg,Y,canonical,match,inanimate,,,,,,,,
,,,,,,,,,,,,,,,,,,19,89MomCarryOrange.mp4,,C08,001,2022-03-16_22h37.08.039,ASLTestBattery2,2021.2.3,MacIntel,59.99160118,,,,,-0.27095303,-0.17813402,1,0,0,Y,0,13,13,18,1,89_mom_carry_orange.jpg,Y,canonical,match,inanimate,,,,,,,,
,,,,,,,,,,,,,,,,,,9,73ClownPushTV.mp4,,C08,001,2022-03-16_22h37.08.039,ASLTestBattery2,2021.2.3,MacIntel,59.99160118,,,,,-0.187092421,-0.140942722,1,0,0,Y,0,14,14,8,1,73_clown_push_tv.jpg,Y,canonical,match,inanimate,,,,,,,,
,,,,,,,,,,,,,,,,,,11,76ChocolateEatBoy.mp4,,C08,001,2022-03-16_22h37.08.039,ASLTestBattery2,2021.2.3,MacIntel,59.99160118,,,,,-0.199025269,-0.133760376,1,0,0,Y,0,15,15,10,1,76_boy_eat_chocolate.jpg,N,reversed,mismatch,inanimate,,,,,,,,
,,,,,,,,,,,,,,,,,,4,29DadKickTable.mp4,,C08,001,2022-03-16_22h37.08.039,ASLTestBattery2,2021.2.3,MacIntel,59.99160118,,,,,-0.199025269,-0.133760376,1,0,0,Y,0,16,16,3,1,29_dad_kick_table.jpg,Y,canonical,match,inanimate,,,,,,,,
,,,,,,,,,,,,,,,,,,6,32DoorKickCow.mp4,,C08,001,2022-03-16_22h37.08.039,ASLTestBattery2,2021.2.3,MacIntel,59.99160118,,,,,-0.19876926,-0.133760376,1,0,0,Y,0,17,17,5,1,32_cow_kick_door.jpg,N,reversed,mismatch,inanimate,,,,,,,,
,,,,,,,,,,,,,,,,,,20,91SheepKickApple.mp4,,C08,001,2022-03-16_22h37.08.039,ASLTestBattery2,2021.2.3,MacIntel,59.99160118,,,,,0.111525743,-0.160886298,1,0,0,N,0,18,18,19,1,91_apple_kick_sheep.jpg,N,canonical,mismatch,inanimate,,,,,,,,
,,,,,,,,,,,,,,,,,,10,74TablePushTeacher.mp4,,C08,001,2022-03-16_22h37.08.039,ASLTestBattery2,2021.2.3,MacIntel,59.99160118,,,,,0.111525743,-0.160886298,1,0,0,N,0,19,19,9,1,74_table_push_teacher.jpg,Y,reversed,match,inanimate,,,,,,,,
,,,,,,,,,,,,,,,,,,,,,C08,001,2022-03-16_22h37.08.039,ASLTestBattery2,2021.2.3,MacIntel,59.99160118,,,,,,,,,,,,,,,,,,,,,-0.261095785,-0.165493096,1,0,0,Yes,space,1.8365
