﻿key_resp_13.keys,key_resp_13.rt,key_resp_16.keys,key_resp_16.rt,key_resp_17.keys,key_resp_17.rt,mouse_5.x,mouse_5.y,mouse_5.leftButton,mouse_5.midButton,mouse_5.rightButton,mouse_5.clicked_name,typedWord,trials_4.thisRepN,trials_4.thisTrialN,trials_4.thisN,trials_4.thisIndex,trials_4.ran,index,videoFile,itemPrompt,participant,session,date,expName,psychopyVersion,OS,frameRate,key_resp_9.keys,key_resp_9.rt,key_resp_18.keys,key_resp_18.rt,resp.x,resp.y,resp.leftButton,resp.midButton,resp.rightButton,resp.clicked_name,MatchLoop.thisRepN,MatchLoop.thisTrialN,MatchLoop.thisN,MatchLoop.thisIndex,MatchLoop.ran,imageDrawn,corrAns,plausibility,match,animacy,mouse_4.x,mouse_4.y,mouse_4.leftButton,mouse_4.midButton,mouse_4.rightButton,mouse_4.clicked_name,key_resp_12.keys,key_resp_12.rt
space,9.4623,space,11.5823,space,5.2614,0.05,-0.15,1,0,0,Submit1, hill ,0,0,0,6,1,7,FSHill.mp4,,D05,001,2023-05-18_01h08.52.863,ASLTestBattery2,2021.2.3,Win32,60.07810153,,,,,,,,,,,,,,,,,,,,,,,,,,,,
,,,,,,0.046296353,-0.145370399,1,0,0,Submit1,three feet ,0,1,1,4,1,5,FSFeet.mp4,,D05,001,2023-05-18_01h08.52.863,ASLTestBattery2,2021.2.3,Win32,60.07810153,,,,,,,,,,,,,,,,,,,,,,,,,,,,
,,,,,,0.096296353,-0.143518533,1,0,0,Submit1,black barrey,0,2,2,2,1,3,FSBerry.mp4,,D05,001,2023-05-18_01h08.52.863,ASLTestBattery2,2021.2.3,Win32,60.07810153,,,,,,,,,,,,,,,,,,,,,,,,,,,,
,,,,,,-0.002777778,-0.143518533,1,0,0,Submit1,ice skate,0,3,3,7,1,8,FSIce.mp4,,D05,001,2023-05-18_01h08.52.863,ASLTestBattery2,2021.2.3,Win32,60.07810153,,,,,,,,,,,,,,,,,,,,,,,,,,,,
,,,,,,0.007407464,-0.139814843,1,0,0,Submit1,chesses pizza,0,4,4,8,1,9,FSPizza.mp4,,D05,001,2023-05-18_01h08.52.863,ASLTestBattery2,2021.2.3,Win32,60.07810153,,,,,,,,,,,,,,,,,,,,,,,,,,,,
,,,,,,0.083333333,-0.162037065,1,0,0,Submit1,vanilla ice cream,0,5,5,9,1,10,FSVanilla.mp4,,D05,001,2023-05-18_01h08.52.863,ASLTestBattery2,2021.2.3,Win32,60.07810153,,,,,,,,,,,,,,,,,,,,,,,,,,,,
,,,,,,0.064814843,-0.160185199,1,0,0,Submit1,books,0,6,6,3,1,4,FSBooks.mp4,,D05,001,2023-05-18_01h08.52.863,ASLTestBattery2,2021.2.3,Win32,60.07810153,,,,,,,,,,,,,,,,,,,,,,,,,,,,
,,,,,,-0.025925869,-0.149074088,1,0,0,Submit1,three glass cups,0,7,7,5,1,6,FSGlass.mp4,,D05,001,2023-05-18_01h08.52.863,ASLTestBattery2,2021.2.3,Win32,60.07810153,,,,,,,,,,,,,,,,,,,,,,,,,,,,
,,,,,,0.029629686,-0.160185199,1,0,0,Submit1,alberga,0,8,8,0,1,1,FSAlgebra.mp4,,D05,001,2023-05-18_01h08.52.863,ASLTestBattery2,2021.2.3,Win32,60.07810153,,,,,,,,,,,,,,,,,,,,,,,,,,,,
,,,,,,0.020370399,-0.143518533,1,0,0,Submit1,ant phone,0,9,9,1,1,2,FSAndroid.mp4,,D05,001,2023-05-18_01h08.52.863,ASLTestBattery2,2021.2.3,Win32,60.07810153,,,,,,,,,,,,,,,,,,,,,,,,,,,,
,,,,space,4.9444,,,,,,,,,,,,,10,74TablePushTeacher.mp4,,D05,001,2023-05-18_01h08.52.863,ASLTestBattery2,2021.2.3,Win32,60.07810153,space,4.421,space,5.7597,-0.271296268,-0.167592621,1,0,0,Y,0,0,0,9,1,74_table_push_teacher.jpg,Y,reversed,match,inanimate,,,,,,,,
,,,,,,,,,,,,,,,,,,16,40ChairPaintDad.mp4,,D05,001,2023-05-18_01h08.52.863,ASLTestBattery2,2021.2.3,Win32,60.07810153,,,,,0.339814843,-0.153703732,1,0,0,N,0,1,1,15,1,40_dad_paint_chair.jpg,N,reversed,mismatch,inanimate,,,,,,,,
,,,,,,,,,,,,,,,,,,12,77DogEatBone.mp4,,D05,001,2023-05-18_01h08.52.863,ASLTestBattery2,2021.2.3,Win32,60.07810153,,,,,-0.308333333,-0.150925954,1,0,0,Y,0,2,2,11,1,77_dog_eat_bone.jpg,Y,canonical,match,inanimate,,,,,,,,
,,,,,,,,,,,,,,,,,,7,71ManPushTree.mp4,,D05,001,2023-05-18_01h08.52.863,ASLTestBattery2,2021.2.3,Win32,60.07810153,,,,,0.362963019,-0.15648151,1,0,0,N,0,3,3,6,1,71_tree_push_man.jpg,N,canonical,mismatch,inanimate,,,,,,,,
,,,,,,,,,,,,,,,,,,3,28AppleCarryClown.mp4,,D05,001,2023-05-18_01h08.52.863,ASLTestBattery2,2021.2.3,Win32,60.07810153,,,,,0.325925954,-0.153703732,1,0,0,N,0,4,4,2,1,28_clown_carry_apple.jpg,N,reversed,mismatch,inanimate,,,,,,,,
,,,,,,,,,,,,,,,,,,8,72ChairPushGirl.mp4,,D05,001,2023-05-18_01h08.52.863,ASLTestBattery2,2021.2.3,Win32,60.07810153,,,,,0.298148176,-0.183333333,1,0,0,N,0,5,5,7,1,72_girl_push_chair.jpg,N,reversed,mismatch,inanimate,,,,,,,,
,,,,,,,,,,,,,,,,,,2,27BoyCarryEgg.mp4,,D05,001,2023-05-18_01h08.52.863,ASLTestBattery2,2021.2.3,Win32,60.07810153,,,,,0.372222222,-0.165740755,1,0,0,N,0,6,6,1,1,27_egg_carry_boy.jpg,N,canonical,mismatch,inanimate,,,,,,,,
,,,,,,,,,,,,,,,,,,13,78GrassEatRabbit.mp4,,D05,001,2023-05-18_01h08.52.863,ASLTestBattery2,2021.2.3,Win32,60.07810153,,,,,-0.275925912,-0.160185199,1,0,0,Y,0,7,7,12,1,78_grass_eat_rabbit.jpg,Y,reversed,match,inanimate,,,,,,,,
,,,,,,,,,,,,,,,,,,17,85BoyDrawTV.mp4,,D05,001,2023-05-18_01h08.52.863,ASLTestBattery2,2021.2.3,Win32,60.07810153,,,,,-0.265740712,-0.182407422,1,0,0,Y,0,8,8,16,1,85_boy_draw_tv.jpg,Y,canonical,match,inanimate,,,,,,,,
,,,,,,,,,,,,,,,,,,14,79GirlEatCandy.mp4,,D05,001,2023-05-18_01h08.52.863,ASLTestBattery2,2021.2.3,Win32,60.07810153,,,,,0.395370399,-0.166666667,1,0,0,N,0,9,9,13,1,79_candy_eat_girl.jpg,N,canonical,mismatch,inanimate,,,,,,,,
,,,,,,,,,,,,,,,,,,15,82EggDrawMom.mp4,,D05,001,2023-05-18_01h08.52.863,ASLTestBattery2,2021.2.3,Win32,60.07810153,,,,,-0.260185157,-0.172222222,1,0,0,Y,0,10,10,14,1,82_egg_draw_mom.jpg,Y,reversed,match,inanimate,,,,,,,,
,,,,,,,,,,,,,,,,,,11,76ChocolateEatBoy.mp4,,D05,001,2023-05-18_01h08.52.863,ASLTestBattery2,2021.2.3,Win32,60.07810153,,,,,0.323148176,-0.158333333,1,0,0,N,0,11,11,10,1,76_boy_eat_chocolate.jpg,N,reversed,mismatch,inanimate,,,,,,,,
,,,,,,,,,,,,,,,,,,6,32DoorKickCow.mp4,,D05,001,2023-05-18_01h08.52.863,ASLTestBattery2,2021.2.3,Win32,60.07810153,,,,,0.342592621,-0.165740755,1,0,0,N,0,12,12,5,1,32_cow_kick_door.jpg,N,reversed,mismatch,inanimate,,,,,,,,
,,,,,,,,,,,,,,,,,,5,30ChairKickGirl.mp4,,D05,001,2023-05-18_01h08.52.863,ASLTestBattery2,2021.2.3,Win32,60.07810153,,,,,-0.24351849,-0.15648151,1,0,0,Y,0,13,13,4,1,30_chair_kick_girl.jpg,Y,reversed,match,inanimate,,,,,,,,
,,,,,,,,,,,,,,,,,,20,91SheepKickApple.mp4,,D05,001,2023-05-18_01h08.52.863,ASLTestBattery2,2021.2.3,Win32,60.07810153,,,,,0.335185242,-0.105555556,1,0,0,N,0,14,14,19,1,91_apple_kick_sheep.jpg,N,canonical,mismatch,inanimate,,,,,,,,
,,,,,,,,,,,,,,,,,,18,87MomBiteCookie.mp4,,D05,001,2023-05-18_01h08.52.863,ASLTestBattery2,2021.2.3,Win32,60.07810153,,,,,0.384259288,-0.162962977,1,0,0,N,0,15,15,17,1,87_cookie_bite_woman.jpg,N,canonical,mismatch,inanimate,,,,,,,,
,,,,,,,,,,,,,,,,,,19,89MomCarryOrange.mp4,,D05,001,2023-05-18_01h08.52.863,ASLTestBattery2,2021.2.3,Win32,60.07810153,,,,,-0.282407379,-0.167592621,1,0,0,Y,0,16,16,18,1,89_mom_carry_orange.jpg,Y,canonical,match,inanimate,,,,,,,,
,,,,,,,,,,,,,,,,,,4,29DadKickTable.mp4,,D05,001,2023-05-18_01h08.52.863,ASLTestBattery2,2021.2.3,Win32,60.07810153,,,,,-0.271296268,-0.178703732,1,0,0,Y,0,17,17,3,1,29_dad_kick_table.jpg,Y,canonical,match,inanimate,,,,,,,,
,,,,,,,,,,,,,,,,,,1,26CookieCarryDad.mp4,,D05,001,2023-05-18_01h08.52.863,ASLTestBattery2,2021.2.3,Win32,60.07810153,,,,,-0.257407379,-0.204629644,1,0,0,Y,0,18,18,0,1,26_cookie_carry_dad.jpg,Y,reversed,match,inanimate,,,,,,,,
,,,,,,,,,,,,,,,,,,9,73ClownPushTV.mp4,,D05,001,2023-05-18_01h08.52.863,ASLTestBattery2,2021.2.3,Win32,60.07810153,,,,,-0.24351849,-0.155555556,1,0,0,Y,0,19,19,8,1,73_clown_push_tv.jpg,Y,canonical,match,inanimate,,,,,,,,
,,,,,,,,,,,,,,,,,,,,,D05,001,2023-05-18_01h08.52.863,ASLTestBattery2,2021.2.3,Win32,60.07810153,,,,,,,,,,,,,,,,,,,,,-0.312037023,-0.18148151,1,0,0,Yes,space,4.2286
