﻿key_resp_13.keys,key_resp_13.rt,key_resp_16.keys,key_resp_16.rt,key_resp_17.keys,key_resp_17.rt,mouse_5.x,mouse_5.y,mouse_5.leftButton,mouse_5.midButton,mouse_5.rightButton,typedWord,trials_4.thisRepN,trials_4.thisTrialN,trials_4.thisN,trials_4.thisIndex,trials_4.ran,index,videoFile,itemPrompt,participant,session,date,expName,psychopyVersion,OS,frameRate,mouse_5.clicked_name,key_resp_9.keys,key_resp_9.rt,key_resp_18.keys,key_resp_18.rt,resp.x,resp.y,resp.leftButton,resp.midButton,resp.rightButton,resp.clicked_name,MatchLoop.thisRepN,MatchLoop.thisTrialN,MatchLoop.thisN,MatchLoop.thisIndex,MatchLoop.ran,imageDrawn,corrAns,plausibility,match,animacy,mouse_4.x,mouse_4.y,mouse_4.leftButton,mouse_4.midButton,mouse_4.rightButton,mouse_4.clicked_name,key_resp_12.keys,key_resp_12.rt
space,3.572,space,2.1826,space,0.6936,0.092163086,0.06993103,0,0,0, love,0,0,0,5,1,6,FSGlass.mp4,,H08,001,2022-04-01_20h27.47.371,ASLTestBattery2,2021.2.3,MacIntel,60.0024001,,,,,,,,,,,,,,,,,,,,,,,,,,,,,
,,,,,,0.079060872,0.095637004,0,0,0,alert,0,1,1,0,1,1,FSAlgebra.mp4,,H08,001,2022-04-01_20h27.47.371,ASLTestBattery2,2021.2.3,MacIntel,60.0024001,,,,,,,,,,,,,,,,,,,,,,,,,,,,,
,,,,,,0.079060872,0.095637004,0,0,0,vaccuum,0,2,2,9,1,10,FSVanilla.mp4,,H08,001,2022-04-01_20h27.47.371,ASLTestBattery2,2021.2.3,MacIntel,60.0024001,,,,,,,,,,,,,,,,,,,,,,,,,,,,,
,,,,,,0.083089193,0.090937297,0,0,0,hand,0,3,3,1,1,2,FSAndroid.mp4,,H08,001,2022-04-01_20h27.47.371,ASLTestBattery2,2021.2.3,MacIntel,60.0024001,,,,,,,,,,,,,,,,,,,,,,,,,,,,,
,,,,,,0.083089193,0.090937297,0,0,0,car,0,4,4,7,1,8,FSIce.mp4,,H08,001,2022-04-01_20h27.47.371,ASLTestBattery2,2021.2.3,MacIntel,60.0024001,,,,,,,,,,,,,,,,,,,,,,,,,,,,,
,,,,,,0.078150431,0.065760295,0,0,0,toy,0,5,5,2,1,3,FSBerry.mp4,,H08,001,2022-04-01_20h27.47.371,ASLTestBattery2,2021.2.3,MacIntel,60.0024001,,,,,,,,,,,,,,,,,,,,,,,,,,,,,
,,,,,,0.013285319,-0.147476196,1,0,0,house,0,6,6,4,1,5,FSFeet.mp4,,H08,001,2022-04-01_20h27.47.371,ASLTestBattery2,2021.2.3,MacIntel,60.0024001,Submit1,,,,,,,,,,,,,,,,,,,,,,,,,,,,
,,,,,,0.045176188,0.12097168,0,0,0,door,0,7,7,6,1,7,FSHill.mp4,,H08,001,2022-04-01_20h27.47.371,ASLTestBattery2,2021.2.3,MacIntel,60.0024001,,,,,,,,,,,,,,,,,,,,,,,,,,,,,
,,,,,,0.045176188,0.12097168,0,0,0,now,0,8,8,8,1,9,FSPizza.mp4,,H08,001,2022-04-01_20h27.47.371,ASLTestBattery2,2021.2.3,MacIntel,60.0024001,,,,,,,,,,,,,,,,,,,,,,,,,,,,,
,,,,,,0.011505127,-0.171157837,1,0,0,low,0,9,9,3,1,4,FSBooks.mp4,,H08,001,2022-04-01_20h27.47.371,ASLTestBattery2,2021.2.3,MacIntel,60.0024001,Submit1,,,,,,,,,,,,,,,,,,,,,,,,,,,,
,,,,space,0.874,,,,,,,,,,,,13,78GrassEatRabbit.mp4,,H08,001,2022-04-01_20h27.47.371,ASLTestBattery2,2021.2.3,MacIntel,60.0024001,,space,2.6877,space,1.9164,-0.126261393,-0.100077311,1,0,0,Y,0,0,0,12,1,78_grass_eat_rabbit.jpg,Y,reversed,match,inanimate,,,,,,,,
,,,,,,,,,,,,,,,,,4,29DadKickTable.mp4,,H08,001,2022-04-01_20h27.47.371,ASLTestBattery2,2021.2.3,MacIntel,60.0024001,,,,,,0.181040446,-0.209314982,1,0,0,N,0,1,1,3,1,29_dad_kick_table.jpg,Y,canonical,match,inanimate,,,,,,,,
,,,,,,,,,,,,,,,,,17,85BoyDrawTV.mp4,,H08,001,2022-04-01_20h27.47.371,ASLTestBattery2,2021.2.3,MacIntel,60.0024001,,,,,,-0.176320394,-0.119506836,1,0,0,Y,0,2,2,16,1,85_boy_draw_tv.jpg,Y,canonical,match,inanimate,,,,,,,,
,,,,,,,,,,,,,,,,,7,71ManPushTree.mp4,,H08,001,2022-04-01_20h27.47.371,ASLTestBattery2,2021.2.3,MacIntel,60.0024001,,,,,,-0.172444661,-0.09383138,1,0,0,Y,0,3,3,6,1,71_tree_push_man.jpg,N,canonical,mismatch,inanimate,,,,,,,,
,,,,,,,,,,,,,,,,,18,87MomBiteCookie.mp4,,H08,001,2022-04-01_20h27.47.371,ASLTestBattery2,2021.2.3,MacIntel,60.0024001,,,,,,0.223129272,-0.172058105,1,0,0,N,0,4,4,17,1,87_cookie_bite_woman.jpg,N,canonical,mismatch,inanimate,,,,,,,,
,,,,,,,,,,,,,,,,,20,91SheepKickApple.mp4,,H08,001,2022-04-01_20h27.47.371,ASLTestBattery2,2021.2.3,MacIntel,60.0024001,,,,,,0.201624552,-0.179494222,1,0,0,N,0,5,5,19,1,91_apple_kick_sheep.jpg,N,canonical,mismatch,inanimate,,,,,,,,
,,,,,,,,,,,,,,,,,14,79GirlEatCandy.mp4,,H08,001,2022-04-01_20h27.47.371,ASLTestBattery2,2021.2.3,MacIntel,60.0024001,,,,,,0.164545695,-0.117136637,1,0,0,N,0,6,6,13,1,79_candy_eat_girl.jpg,N,canonical,mismatch,inanimate,,,,,,,,
,,,,,,,,,,,,,,,,,1,26CookieCarryDad.mp4,,H08,001,2022-04-01_20h27.47.371,ASLTestBattery2,2021.2.3,MacIntel,60.0024001,,,,,,0.189692179,-0.173619588,1,0,0,N,0,7,7,0,1,26_cookie_carry_dad.jpg,Y,reversed,match,inanimate,,,,,,,,
,,,,,,,,,,,,,,,,,19,89MomCarryOrange.mp4,,H08,001,2022-04-01_20h27.47.371,ASLTestBattery2,2021.2.3,MacIntel,60.0024001,,,,,,-0.150080363,-0.106628418,1,0,0,Y,0,8,8,18,1,89_mom_carry_orange.jpg,Y,canonical,match,inanimate,,,,,,,,
,,,,,,,,,,,,,,,,,15,82EggDrawMom.mp4,,H08,001,2022-04-01_20h27.47.371,ASLTestBattery2,2021.2.3,MacIntel,60.0024001,,,,,,0.094350179,-0.131881714,1,0,0,N,0,9,9,14,1,82_egg_draw_mom.jpg,Y,reversed,match,inanimate,,,,,,,,
,,,,,,,,,,,,,,,,,5,30ChairKickGirl.mp4,,H08,001,2022-04-01_20h27.47.371,ASLTestBattery2,2021.2.3,MacIntel,60.0024001,,,,,,0.149541219,-0.135147095,1,0,0,N,0,10,10,4,1,30_chair_kick_girl.jpg,Y,reversed,match,inanimate,,,,,,,,
,,,,,,,,,,,,,,,,,11,76ChocolateEatBoy.mp4,,H08,001,2022-04-01_20h27.47.371,ASLTestBattery2,2021.2.3,MacIntel,60.0024001,,,,,,-0.156636556,-0.144617716,1,0,0,Y,0,11,11,10,1,76_boy_eat_chocolate.jpg,N,reversed,mismatch,inanimate,,,,,,,,
,,,,,,,,,,,,,,,,,9,73ClownPushTV.mp4,,H08,001,2022-04-01_20h27.47.371,ASLTestBattery2,2021.2.3,MacIntel,60.0024001,,,,,,-0.134058634,-0.141789754,1,0,0,Y,0,12,12,8,1,73_clown_push_tv.jpg,Y,canonical,match,inanimate,,,,,,,,
,,,,,,,,,,,,,,,,,10,74TablePushTeacher.mp4,,H08,001,2022-04-01_20h27.47.371,ASLTestBattery2,2021.2.3,MacIntel,60.0024001,,,,,,-0.285013835,-0.154174805,1,0,0,Y,0,13,13,9,1,74_table_push_teacher.jpg,Y,reversed,match,inanimate,,,,,,,,
,,,,,,,,,,,,,,,,,2,27BoyCarryEgg.mp4,,H08,001,2022-04-01_20h27.47.371,ASLTestBattery2,2021.2.3,MacIntel,60.0024001,,,,,,-0.129267375,-0.109934489,1,0,0,Y,0,14,14,1,1,27_egg_carry_boy.jpg,N,canonical,mismatch,inanimate,,,,,,,,
,,,,,,,,,,,,,,,,,6,32DoorKickCow.mp4,,H08,001,2022-04-01_20h27.47.371,ASLTestBattery2,2021.2.3,MacIntel,60.0024001,,,,,,-0.172139486,-0.121948242,1,0,0,Y,0,15,15,5,1,32_cow_kick_door.jpg,N,reversed,mismatch,inanimate,,,,,,,,
,,,,,,,,,,,,,,,,,16,40ChairPaintDad.mp4,,H08,001,2022-04-01_20h27.47.371,ASLTestBattery2,2021.2.3,MacIntel,60.0024001,,,,,,0.108072917,-0.136952718,1,0,0,N,0,16,16,15,1,40_dad_paint_chair.jpg,N,reversed,mismatch,inanimate,,,,,,,,
,,,,,,,,,,,,,,,,,12,77DogEatBone.mp4,,H08,001,2022-04-01_20h27.47.371,ASLTestBattery2,2021.2.3,MacIntel,60.0024001,,,,,,-0.178716024,-0.144887288,1,0,0,Y,0,17,17,11,1,77_dog_eat_bone.jpg,Y,canonical,match,inanimate,,,,,,,,
,,,,,,,,,,,,,,,,,8,72ChairPushGirl.mp4,,H08,001,2022-04-01_20h27.47.371,ASLTestBattery2,2021.2.3,MacIntel,60.0024001,,,,,,-0.199991862,-0.137405396,1,0,0,Y,0,18,18,7,1,72_girl_push_chair.jpg,N,reversed,mismatch,inanimate,,,,,,,,
,,,,,,,,,,,,,,,,,3,28AppleCarryClown.mp4,,H08,001,2022-04-01_20h27.47.371,ASLTestBattery2,2021.2.3,MacIntel,60.0024001,,,,,,-0.161758423,-0.1068573,1,0,0,Y,0,19,19,2,1,28_clown_carry_apple.jpg,N,reversed,mismatch,inanimate,,,,,,,,
,,,,,,,,,,,,,,,,,,,,H08,001,2022-04-01_20h27.47.371,ASLTestBattery2,2021.2.3,MacIntel,60.0024001,,,,,,,,,,,,,,,,,,,,,,-0.193049113,-0.19887797,1,0,0,Yes,space,1.2341
