﻿key_resp_15.keys,key_resp_15.rt,key_resp_4.keys,key_resp_4.rt,key_resp_17.keys,key_resp_17.rt,key_resp_2.keys,key_resp_2.rt,typedWord,mouse.x,mouse.y,mouse.leftButton,mouse.midButton,mouse.rightButton,mouse.clicked_name,trials.thisRepN,trials.thisTrialN,trials.thisN,trials.thisIndex,trials.ran,index,itemText,videoFile,itemPrompt,participant,session,date,expName,psychopyVersion,OS,frameRate,key_resp.keys,key_resp.rt,key_resp_3.keys,key_resp_3.rt,key_resp_5.keys,key_resp_5.rt,key_resp_7.keys,key_resp_7.rt,mouse_2.x,mouse_2.y,mouse_2.leftButton,mouse_2.midButton,mouse_2.rightButton,mouse_2.time,mouse_2.clicked_name,key_resp_8.keys,key_resp_8.rt,trials_2.thisRepN,trials_2.thisTrialN,trials_2.thisN,trials_2.thisIndex,trials_2.ran,imageFile,corrAns,mouse_4.x,mouse_4.y,mouse_4.leftButton,mouse_4.midButton,mouse_4.rightButton,mouse_4.clicked_name,key_resp_12.keys,key_resp_12.rt
space,2.8617,space,16.5854,space,0.951,space,7.7059, i believe she went to the mall with a friend that was bothering her,-0.161132813,-0.143244425,1,0,0,Submit,0,0,0,0,1,1,"The next 2 sections are parts of a story told by Missy Keast. 
After each section you will be asked questions. 
Respond as best as you can. 
Press the space bar to continue.",MakingNoisePart1small.mp4,"Who did Missy go to the mall with? Please type your response below. If you are not sure, make your best guess.",H08,001,2022-04-01_20h08.42.180,ASLTestBattery1,2021.2.3,MacIntel,60.0024001,,,,,,,,,,,,,,,,,,,,,,,,,,,,,,,,
,,,,,,space,0.8825, This title may have been chosen because the environment the characters were in was noisy. There were crowds of people.,-0.184850057,-0.180557251,1,0,0,Submit,0,1,1,1,1,2,Press spacebar to continue,MakingNoisePart2small.mp4,"The title of this short story is - Making Noise. In 1-2 sentences, please explain why this title was chosen below. If you are not sure, make your best guess.",H08,001,2022-04-01_20h08.42.180,ASLTestBattery1,2021.2.3,MacIntel,60.0024001,,,,,,,,,,,,,,,,,,,,,,,,,,,,,,,,
,,,,,,space,5.8935, He is a musician,-0.177586873,-0.158854167,1,0,0,Submit,0,2,2,2,1,3,"The next few clips are parts of an interview conducted by Joel Barish and Jamil Haque. 
After each section you will be asked questions. 
Respond as best as you can. 
Press the space bar to continue.",DNInterviewBornInNYsmall.mp4,"What is Jamil's job? Please type your response below. If you are not sure, make your best guess.",H08,001,2022-04-01_20h08.42.180,ASLTestBattery1,2021.2.3,MacIntel,60.0024001,,,,,,,,,,,,,,,,,,,,,,,,,,,,,,,,
,,,,,,space,1.0513, Somewhere in the United States,-0.175765991,-0.156468709,1,0,0,Submit,0,3,3,3,1,4,Press spacebar to continue,DNInterviewSignForBangladeshsmall.mp4,"Where was Jamil born? Please type your response below. If you are not sure, make your best guess.",H08,001,2022-04-01_20h08.42.180,ASLTestBattery1,2021.2.3,MacIntel,60.0024001,,,,,,,,,,,,,,,,,,,,,,,,,,,,,,,,
,,,,,,space,5.4184, Vietnam,-0.224411011,-0.141382853,1,0,0,Submit,0,4,4,4,1,5,"The next few clips are parts of an interview conducted by Melissa Keomoungkhoun, Amanda Kline, & Jenny Cooper. 
After each section you will be asked questions.
Respond as best as you can.
Press spacebar to continue.",SweetsAndDrinksPart1.mp4,Where was Melissa Born?,H08,001,2022-04-01_20h08.42.180,ASLTestBattery1,2021.2.3,MacIntel,60.0024001,,,,,,,,,,,,,,,,,,,,,,,,,,,,,,,,
,,,,,,space,0.9331, cinnamon swirl cookie,-0.124755859,0.486190796,0,0,0,,0,5,5,5,1,6,Press spacebar to continue,SweetsAndDrinksPart2.mp4,What kind of cookie was shown in the video?,H08,001,2022-04-01_20h08.42.180,ASLTestBattery1,2021.2.3,MacIntel,60.0024001,,,,,,,,,,,,,,,,,,,,,,,,,,,,,,,,
,,,,,,,,,,,,,,,,,,,,4,,3BlondHospitalFoodsmall.mp4,,H08,001,2022-04-01_20h08.42.180,ASLTestBattery1,2021.2.3,MacIntel,60.0024001,space,6.7517,space,12.033,space,0.8686,space,12.9801,"[-0.2742563883463542,-0.061940511067708336]","[-0.08514404296875,-0.21502685546875]","[1,1]","[0,0]","[0,0]","[7.947000000000003,9.895700000017882]","[""purse"",""PO""]",space,4.7309,0,0,0,3,1,ASLCompStim4.jpg,,,,,,,,,
,,,,,,,,,,,,,,,,,,,,1,,3PonyCakeBirthdaysmall.mp4,,H08,001,2022-04-01_20h08.42.180,ASLTestBattery1,2021.2.3,MacIntel,60.0024001,,,,,,,space,16.5682,"[0.755096435546875,-0.8182220458984375,-0.5645548502604166,-0.504302978515625,-0.050165812174479164]","[0.2791035970052083,0.2810160319010417,0.2690785725911458,0.2613576253255208,0.09531656901041667]","[1,1,1,1,1]","[0,0,0,0,0]","[0,0,0,0,0]","[5.865799999982073,13.565799999982119,14.11540000000582,14.915299999982153,15.715199999988045]","[""flower"",""dog"",""store""]",space,6.0819,0,1,1,0,1,ASLCompStim1.jpg,,,,,,,,,
,,,,,,,,,,,,,,,,,,,,6,,3BlackFoodBirthdaysmall.mp4,,H08,001,2022-04-01_20h08.42.180,ASLTestBattery1,2021.2.3,MacIntel,60.0024001,,,,,,,space,17.0337,"[0.7846425374348959,0.12085978190104167,0.5104115804036459,0.5430196126302084,-0.14977518717447916,-0.4679361979166667,-0.2841542561848958]","[0.22710164388020834,0.12669881184895834,0.0003865559895833333,0.098297119140625,-0.038065592447916664,-0.07352701822916667,-0.11523946126302083]","[1,1,1,1,1,1,1]","[0,0,0,0,0,0,0]","[0,0,0,0,0,0,0]","[9.631199999987984,12.413099999994074,13.048300000011977,13.663099999994074,14.748400000005859,15.646999999999935,16.04790000000594]","[""flower"",""store"",""purse""]",space,4.8731,0,2,2,5,1,ASLCompStim6.jpg,,,,,,,,,
,,,,,,,,,,,,,,,,,,,,3,,3BaldBirthdayHospitalsmall.mp4,,H08,001,2022-04-01_20h08.42.180,ASLTestBattery1,2021.2.3,MacIntel,60.0024001,,,,,,,space,9.3825,"[0.3246205647786458,0.017690022786458332,-0.697174072265625]","[-0.10855611165364583,-0.2616628011067708,0.2835642496744792]","[1,1,1]","[0,0,0]","[0,0,0]","[1.264400000005935,1.8986999999879117,6.546300000011797]","[""bike"",""PO"",""dog""]",space,7.2264,0,3,3,2,1,ASLCompStim3.jpg,,,,,,,,,
,,,,,,,,,,,,,,,,,,,,5,,3PonySnackBikesmall.mp4,,H08,001,2022-04-01_20h08.42.180,ASLTestBattery1,2021.2.3,MacIntel,60.0024001,,,,,,,space,6.5163,"[-0.2690480550130208,-0.062281290690104164,0.21780904134114584]","[-0.0410919189453125,0.0815277099609375,-0.058904012044270836]","[1,1,1]","[0,0,0]","[0,0,0]","[4.731099999994058,5.264000000000124,5.979900000005955]","[""purse"",""store"",""bike""]",space,4.0051,0,4,4,4,1,ASLCompStim5.jpg,,,,,,,,,
,,,,,,,,,,,,,,,,,,,,2,,3BlackBlueBirthdaysmall.mp4,,H08,001,2022-04-01_20h08.42.180,ASLTestBattery1,2021.2.3,MacIntel,60.0024001,,,,,,,space,12.4907,"[-0.7052052815755209,-0.8123728434244791,0.3675740559895833,0.5777994791666666]","[0.23513285319010416,-0.3642781575520833,-0.381195068359375,-0.18201700846354166]","[1,1,1,1]","[0,0,0,0]","[0,0,0,0]","[8.834199999987959,10.199799999982133,11.19940000000588,11.865199999988135]","[""dog"",""balloon"",""hospital""]",space,2.856,0,5,5,1,1,ASLCompStim2.jpg,,,,,,,,,
,,,,,,,,,,,,,,,,,,,,,,,,H08,001,2022-04-01_20h08.42.180,ASLTestBattery1,2021.2.3,MacIntel,60.0024001,,,,,,,,,,,,,,,,,,,,,,,,,-0.113861084,-0.107844035,1,0,0,Yes,space,2.0985
