﻿key_resp_15.keys,key_resp_15.rt,key_resp_4.keys,key_resp_4.rt,key_resp_17.keys,key_resp_17.rt,key_resp_2.keys,key_resp_2.rt,typedWord,mouse.x,mouse.y,mouse.leftButton,mouse.midButton,mouse.rightButton,mouse.clicked_name,trials.thisRepN,trials.thisTrialN,trials.thisN,trials.thisIndex,trials.ran,index,itemText,videoFile,itemPrompt,participant,session,date,expName,psychopyVersion,OS,frameRate,key_resp.keys,key_resp.rt,key_resp_3.keys,key_resp_3.rt,key_resp_5.keys,key_resp_5.rt,key_resp_7.keys,key_resp_7.rt,mouse_2.x,mouse_2.y,mouse_2.leftButton,mouse_2.midButton,mouse_2.rightButton,mouse_2.time,mouse_2.clicked_name,key_resp_8.keys,key_resp_8.rt,trials_2.thisRepN,trials_2.thisTrialN,trials_2.thisN,trials_2.thisIndex,trials_2.ran,imageFile,corrAns,mouse_4.x,mouse_4.y,mouse_4.leftButton,mouse_4.midButton,mouse_4.rightButton,mouse_4.clicked_name,key_resp_12.keys,key_resp_12.rt
space,5.3798,space,3.5383,space,1.4955,space,5.1281, ,-0.277777769,-0.157407417,1,0,0,Submit,0,0,0,0,1,1,"The next 2 sections are parts of a story told by Missy Keast. 
After each section you will be asked questions. 
Respond as best as you can. 
Press the space bar to continue.",MakingNoisePart1small.mp4,"Who did Missy go to the mall with? Please type your response below. If you are not sure, make your best guess.",c11,001,2022-03-30_22h03.24.834,ASLTestBattery1,2021.2.3,Win32,144.0714594,,,,,,,,,,,,,,,,,,,,,,,,,,,,,,,,
,,,,,,space,1.4375, Because she was told that she made noise using the bathroom for the first time in her life after she attended college in Arizona. She never knew that going to the bathroom made noise where others could hear her.,-0.29351851,-0.181481492,1,0,0,Submit,0,1,1,1,1,2,Press spacebar to continue,MakingNoisePart2small.mp4,"The title of this short story is - Making Noise. In 1-2 sentences, please explain why this title was chosen below. If you are not sure, make your best guess.",c11,001,2022-03-30_22h03.24.834,ASLTestBattery1,2021.2.3,Win32,144.0714594,,,,,,,,,,,,,,,,,,,,,,,,,,,,,,,,
,,,,,,space,5.8023, Asl Instructor for 2 years,-0.274074065,-0.162037047,1,0,0,Submit,0,2,2,2,1,3,"The next few clips are parts of an interview conducted by Joel Barish and Jamil Haque. 
After each section you will be asked questions. 
Respond as best as you can. 
Press the space bar to continue.",DNInterviewBornInNYsmall.mp4,"What is Jamil's job? Please type your response below. If you are not sure, make your best guess.",c11,001,2022-03-30_22h03.24.834,ASLTestBattery1,2021.2.3,Win32,144.0714594,,,,,,,,,,,,,,,,,,,,,,,,,,,,,,,,
,,,,,,space,1.2889, Bangladesh,-0.274074065,-0.162962973,1,0,0,Submit,0,3,3,3,1,4,Press spacebar to continue,DNInterviewSignForBangladeshsmall.mp4,"Where was Jamil born? Please type your response below. If you are not sure, make your best guess.",c11,001,2022-03-30_22h03.24.834,ASLTestBattery1,2021.2.3,Win32,144.0714594,,,,,,,,,,,,,,,,,,,,,,,,,,,,,,,,
,,,,,,space,4.9509, Australia,-0.274074065,-0.162962973,1,0,0,Submit,0,4,4,4,1,5,"The next few clips are parts of an interview conducted by Melissa Keomoungkhoun, Amanda Kline, & Jenny Cooper. 
After each section you will be asked questions.
Respond as best as you can.
Press spacebar to continue.",SweetsAndDrinksPart1.mp4,Where was Melissa Born?,c11,001,2022-03-30_22h03.24.834,ASLTestBattery1,2021.2.3,Win32,144.0714594,,,,,,,,,,,,,,,,,,,,,,,,,,,,,,,,
,,,,,,space,1.4638, Date Swirl Cookies,-0.264814806,-0.148148158,1,0,0,Submit,0,5,5,5,1,6,Press spacebar to continue,SweetsAndDrinksPart2.mp4,What kind of cookie was shown in the video?,c11,001,2022-03-30_22h03.24.834,ASLTestBattery1,2021.2.3,Win32,144.0714594,,,,,,,,,,,,,,,,,,,,,,,,,,,,,,,,
,,,,,,,,,,,,,,,,,,,,6,,3BlackFoodBirthdaysmall.mp4,,c11,001,2022-03-30_22h03.24.834,ASLTestBattery1,2021.2.3,Win32,144.0714594,space,5.769,space,3.838,space,2.6863,space,13.8078,"[0.7592592838185804,0.036111124894685216,-0.7574074054481806]","[0.31018518235672404,0.12037036471344807,-0.2490740852361476]","[1,1,1]","[0,0,0]","[0,0,0]","[3.05499999999995,7.899299999952291,11.771700000047645]","[""flower"",""store"",""balloon""]",space,10.7303,0,0,0,5,1,ASLCompStim6.jpg,,,,,,,,,
,,,,,,,,,,,,,,,,,,,,2,,3BlackBlueBirthdaysmall.mp4,,c11,001,2022-03-30_22h03.24.834,ASLTestBattery1,2021.2.3,Win32,144.0714594,,,,,,,space,9.783,"[0.816666692081425,-0.742592590412608,-0.7777777761220932]","[0.2777777744664086,0.29259258950198136,-0.2962963081620358]","[1,1,1]","[0,0,0]","[0,0,0]","[2.72950000000003,4.211899999856996,7.281299999952353]","[""flower"",""dog"",""balloon""]",space,2.7432,0,1,1,1,1,ASLCompStim2.jpg,,,,,,,,,
,,,,,,,,,,,,,,,,,,,,3,,3BaldBirthdayHospitalsmall.mp4,,c11,001,2022-03-30_22h03.24.834,ASLTestBattery1,2021.2.3,Win32,144.0714594,,,,,,,space,5.9137,"[0.30833335117333466,-0.7481481460509477,0.5703703921150278]","[-0.13055556495156553,-0.23888889989919132,-0.2768518634278465]","[1,1,1]","[0,0,0]","[0,0,0]","[1.6803999998569452,3.057399999856898,4.176299999952221]","[""bike"",""balloon"",""hospital""]",space,1.0749,0,2,2,2,1,ASLCompStim3.jpg,,,,,,,,,
,,,,,,,,,,,,,,,,,,,,1,,3PonyCakeBirthdaysmall.mp4,,c11,001,2022-03-30_22h03.24.834,ASLTestBattery1,2021.2.3,Win32,144.0714594,,,,,,,space,4.0502,"[-0.7592592573276272,-0.046296283740688254,-0.7268518494373118]","[0.2879629598033649,0.11388888313538498,-0.2870370487648028]","[1,1,1]","[0,0,0]","[0,0,0]","[1.2730000000000246,2.1127000000477665,3.03579999995236]","[""dog"",""store"",""balloon""]",space,0.6177,0,3,3,0,1,ASLCompStim1.jpg,,,,,,,,,
,,,,,,,,,,,,,,,,,,,,5,,3PonySnackBikesmall.mp4,,c11,001,2022-03-30_22h03.24.834,ASLTestBattery1,2021.2.3,Win32,144.0714594,,,,,,,space,11.4438,"[-0.7916666652179427,-0.052777765318751335,-0.051851839379028035,0.30740742523361136]","[0.27222221882806885,0.06666666020949681,0.1074074015573219,-0.09444450981639134]","[1,1,1,1]","[0,0,0,0]","[0,0,0,0]","[3.0942000000476355,4.662499999999909,6.334999999999923,7.396799999952236]","[""dog"",""store"",""bike""]",space,0.6751,0,4,4,4,1,ASLCompStim5.jpg,,,,,,,,,
,,,,,,,,,,,,,,,,,,,,4,,3BlondHospitalFoodsmall.mp4,,c11,001,2022-03-30_22h03.24.834,ASLTestBattery1,2021.2.3,Win32,144.0714594,,,,,,,space,6.8374,"[-0.26296295363593986,0.5574074289589016,-0.006481468332586465]","[-0.08796297172429385,-0.20370371418970604,0.12037036471344807]","[1,1,1]","[0,0,0]","[0,0,0]","[1.4532000000476728,3.5492000000476764,4.853799999952344]","[""purse"",""hospital"",""store""]",space,0.5353,0,5,5,3,1,ASLCompStim4.jpg,,,,,,,,,
,,,,,,,,,,,,,,,,,,,,,,,,c11,001,2022-03-30_22h03.24.834,ASLTestBattery1,2021.2.3,Win32,144.0714594,,,,,,,,,,,,,,,,,,,,,,,,,-0.198148138,-0.132407417,1,0,0,Yes,space,2.2756
