﻿key_resp_13.keys,key_resp_13.rt,key_resp_16.keys,key_resp_16.rt,key_resp_17.keys,key_resp_17.rt,mouse_5.x,mouse_5.y,mouse_5.leftButton,mouse_5.midButton,mouse_5.rightButton,mouse_5.clicked_name,typedWord,trials_4.thisRepN,trials_4.thisTrialN,trials_4.thisN,trials_4.thisIndex,trials_4.ran,index,videoFile,itemPrompt,participant,session,date,expName,psychopyVersion,OS,frameRate,key_resp_9.keys,key_resp_9.rt,key_resp_18.keys,key_resp_18.rt,resp.x,resp.y,resp.leftButton,resp.midButton,resp.rightButton,resp.clicked_name,MatchLoop.thisRepN,MatchLoop.thisTrialN,MatchLoop.thisN,MatchLoop.thisIndex,MatchLoop.ran,imageDrawn,corrAns,plausibility,match,animacy,mouse_4.x,mouse_4.y,mouse_4.leftButton,mouse_4.midButton,mouse_4.rightButton,mouse_4.clicked_name,key_resp_12.keys,key_resp_12.rt
space,3.4011,space,0.7107,space,3.2394,0.156481497,-0.163888955,1,0,0,Submit1, pizza,0,0,0,8,1,9,FSPizza.mp4,,C11,001,2022-03-30_22h21.29.576,ASLTestBattery2,2021.2.3,Win32,143.3486239,,,,,,,,,,,,,,,,,,,,,,,,,,,,
,,,,,,0.217592609,-0.166666677,1,0,0,Submit1,algebra,0,1,1,0,1,1,FSAlgebra.mp4,,C11,001,2022-03-30_22h21.29.576,ASLTestBattery2,2021.2.3,Win32,143.3486239,,,,,,,,,,,,,,,,,,,,,,,,,,,,
,,,,,,0.207407424,-0.161111121,1,0,0,Submit1,glass,0,2,2,5,1,6,FSGlass.mp4,,C11,001,2022-03-30_22h21.29.576,ASLTestBattery2,2021.2.3,Win32,143.3486239,,,,,,,,,,,,,,,,,,,,,,,,,,,,
,,,,,,0.207407424,-0.161111121,1,0,0,Submit1,berry,0,3,3,2,1,3,FSBerry.mp4,,C11,001,2022-03-30_22h21.29.576,ASLTestBattery2,2021.2.3,Win32,143.3486239,,,,,,,,,,,,,,,,,,,,,,,,,,,,
,,,,,,0.207407424,-0.161111121,1,0,0,Submit1,android,0,4,4,1,1,2,FSAndroid.mp4,,C11,001,2022-03-30_22h21.29.576,ASLTestBattery2,2021.2.3,Win32,143.3486239,,,,,,,,,,,,,,,,,,,,,,,,,,,,
,,,,,,0.202777794,-0.159259326,1,0,0,Submit1,feet,0,5,5,4,1,5,FSFeet.mp4,,C11,001,2022-03-30_22h21.29.576,ASLTestBattery2,2021.2.3,Win32,143.3486239,,,,,,,,,,,,,,,,,,,,,,,,,,,,
,,,,,,0.167592608,-0.171296306,1,0,0,Submit1,ice,0,6,6,7,1,8,FSIce.mp4,,C11,001,2022-03-30_22h21.29.576,ASLTestBattery2,2021.2.3,Win32,143.3486239,,,,,,,,,,,,,,,,,,,,,,,,,,,,
,,,,,,0.167592608,-0.171296306,1,0,0,Submit1,vanilla,0,7,7,9,1,10,FSVanilla.mp4,,C11,001,2022-03-30_22h21.29.576,ASLTestBattery2,2021.2.3,Win32,143.3486239,,,,,,,,,,,,,,,,,,,,,,,,,,,,
,,,,,,0.167592608,-0.171296306,1,0,0,Submit1,hill,0,8,8,6,1,7,FSHill.mp4,,C11,001,2022-03-30_22h21.29.576,ASLTestBattery2,2021.2.3,Win32,143.3486239,,,,,,,,,,,,,,,,,,,,,,,,,,,,
,,,,,,0.167592608,-0.171296306,1,0,0,Submit1,books,0,9,9,3,1,4,FSBooks.mp4,,C11,001,2022-03-30_22h21.29.576,ASLTestBattery2,2021.2.3,Win32,143.3486239,,,,,,,,,,,,,,,,,,,,,,,,,,,,
,,,,space,1.3004,,,,,,,,,,,,,19,89MomCarryOrange.mp4,,C11,001,2022-03-30_22h21.29.576,ASLTestBattery2,2021.2.3,Win32,143.3486239,space,2.7348,space,1.8204,-0.148148137,-0.172222232,1,0,0,Y,0,0,0,18,1,89_mom_carry_orange.jpg,Y,canonical,match,inanimate,,,,,,,,
,,,,,,,,,,,,,,,,,,12,77DogEatBone.mp4,,C11,001,2022-03-30_22h21.29.576,ASLTestBattery2,2021.2.3,Win32,143.3486239,,,,,-0.216666657,-0.145370437,1,0,0,Y,0,1,1,11,1,77_dog_eat_bone.jpg,Y,canonical,match,inanimate,,,,,,,,
,,,,,,,,,,,,,,,,,,11,76ChocolateEatBoy.mp4,,C11,001,2022-03-30_22h21.29.576,ASLTestBattery2,2021.2.3,Win32,143.3486239,,,,,0.36111113,-0.186111121,1,0,0,N,0,2,2,10,1,76_boy_eat_chocolate.jpg,N,reversed,mismatch,inanimate,,,,,,,,
,,,,,,,,,,,,,,,,,,17,85BoyDrawTV.mp4,,C11,001,2022-03-30_22h21.29.576,ASLTestBattery2,2021.2.3,Win32,143.3486239,,,,,-0.116666655,-0.145370437,1,0,0,Y,0,3,3,16,1,85_boy_draw_tv.jpg,Y,canonical,match,inanimate,,,,,,,,
,,,,,,,,,,,,,,,,,,8,72ChairPushGirl.mp4,,C11,001,2022-03-30_22h21.29.576,ASLTestBattery2,2021.2.3,Win32,143.3486239,,,,,0.200925942,-0.160185195,1,0,0,N,0,4,4,7,1,72_girl_push_chair.jpg,N,reversed,mismatch,inanimate,,,,,,,,
,,,,,,,,,,,,,,,,,,10,74TablePushTeacher.mp4,,C11,001,2022-03-30_22h21.29.576,ASLTestBattery2,2021.2.3,Win32,143.3486239,,,,,-0.224074064,-0.174074084,1,0,0,Y,0,5,5,9,1,74_table_push_teacher.jpg,Y,reversed,match,inanimate,,,,,,,,
,,,,,,,,,,,,,,,,,,3,28AppleCarryClown.mp4,,C11,001,2022-03-30_22h21.29.576,ASLTestBattery2,2021.2.3,Win32,143.3486239,,,,,0.172222238,-0.163888955,1,0,0,N,0,6,6,2,1,28_clown_carry_apple.jpg,N,reversed,mismatch,inanimate,,,,,,,,
,,,,,,,,,,,,,,,,,,7,71ManPushTree.mp4,,C11,001,2022-03-30_22h21.29.576,ASLTestBattery2,2021.2.3,Win32,143.3486239,,,,,0.172222238,-0.163888955,1,0,0,N,0,7,7,6,1,71_tree_push_man.jpg,N,canonical,mismatch,inanimate,,,,,,,,
,,,,,,,,,,,,,,,,,,18,87MomBiteCookie.mp4,,C11,001,2022-03-30_22h21.29.576,ASLTestBattery2,2021.2.3,Win32,143.3486239,,,,,0.172222238,-0.163888955,1,0,0,N,0,8,8,17,1,87_cookie_bite_woman.jpg,N,canonical,mismatch,inanimate,,,,,,,,
,,,,,,,,,,,,,,,,,,6,32DoorKickCow.mp4,,C11,001,2022-03-30_22h21.29.576,ASLTestBattery2,2021.2.3,Win32,143.3486239,,,,,0.256481499,-0.147222232,1,0,0,N,0,9,9,5,1,32_cow_kick_door.jpg,N,reversed,mismatch,inanimate,,,,,,,,
,,,,,,,,,,,,,,,,,,20,91SheepKickApple.mp4,,C11,001,2022-03-30_22h21.29.576,ASLTestBattery2,2021.2.3,Win32,143.3486239,,,,,0.349074093,-0.126851918,1,0,0,N,0,10,10,19,1,91_apple_kick_sheep.jpg,N,canonical,mismatch,inanimate,,,,,,,,
,,,,,,,,,,,,,,,,,,14,79GirlEatCandy.mp4,,C11,001,2022-03-30_22h21.29.576,ASLTestBattery2,2021.2.3,Win32,143.3486239,,,,,0.222222239,-0.156481491,1,0,0,N,0,11,11,13,1,79_candy_eat_girl.jpg,N,canonical,mismatch,inanimate,,,,,,,,
,,,,,,,,,,,,,,,,,,2,27BoyCarryEgg.mp4,,C11,001,2022-03-30_22h21.29.576,ASLTestBattery2,2021.2.3,Win32,143.3486239,,,,,0.220370387,-0.153703713,1,0,0,N,0,12,12,1,1,27_egg_carry_boy.jpg,N,canonical,mismatch,inanimate,,,,,,,,
,,,,,,,,,,,,,,,,,,9,73ClownPushTV.mp4,,C11,001,2022-03-30_22h21.29.576,ASLTestBattery2,2021.2.3,Win32,143.3486239,,,,,-0.252777712,-0.137962972,1,0,0,Y,0,13,13,8,1,73_clown_push_tv.jpg,Y,canonical,match,inanimate,,,,,,,,
,,,,,,,,,,,,,,,,,,5,30ChairKickGirl.mp4,,C11,001,2022-03-30_22h21.29.576,ASLTestBattery2,2021.2.3,Win32,143.3486239,,,,,-0.252777712,-0.137962972,1,0,0,Y,0,14,14,4,1,30_chair_kick_girl.jpg,Y,reversed,match,inanimate,,,,,,,,
,,,,,,,,,,,,,,,,,,15,82EggDrawMom.mp4,,C11,001,2022-03-30_22h21.29.576,ASLTestBattery2,2021.2.3,Win32,143.3486239,,,,,-0.233333324,-0.142592602,1,0,0,Y,0,15,15,14,1,82_egg_draw_mom.jpg,Y,reversed,match,inanimate,,,,,,,,
,,,,,,,,,,,,,,,,,,16,40ChairPaintDad.mp4,,C11,001,2022-03-30_22h21.29.576,ASLTestBattery2,2021.2.3,Win32,143.3486239,,,,,0.20833335,-0.143518528,1,0,0,N,0,16,16,15,1,40_dad_paint_chair.jpg,N,reversed,mismatch,inanimate,,,,,,,,
,,,,,,,,,,,,,,,,,,1,26CookieCarryDad.mp4,,C11,001,2022-03-30_22h21.29.576,ASLTestBattery2,2021.2.3,Win32,143.3486239,,,,,-0.267592583,-0.167592603,1,0,0,Y,0,17,17,0,1,26_cookie_carry_dad.jpg,Y,reversed,match,inanimate,,,,,,,,
,,,,,,,,,,,,,,,,,,4,29DadKickTable.mp4,,C11,001,2022-03-30_22h21.29.576,ASLTestBattery2,2021.2.3,Win32,143.3486239,,,,,-0.267592583,-0.167592603,1,0,0,Y,0,18,18,3,1,29_dad_kick_table.jpg,Y,canonical,match,inanimate,,,,,,,,
,,,,,,,,,,,,,,,,,,13,78GrassEatRabbit.mp4,,C11,001,2022-03-30_22h21.29.576,ASLTestBattery2,2021.2.3,Win32,143.3486239,,,,,-0.149074063,-0.173148215,1,0,0,Y,0,19,19,12,1,78_grass_eat_rabbit.jpg,Y,reversed,match,inanimate,,,,,,,,
,,,,,,,,,,,,,,,,,,,,,C11,001,2022-03-30_22h21.29.576,ASLTestBattery2,2021.2.3,Win32,143.3486239,,,,,,,,,,,,,,,,,,,,,-0.149074063,-0.173148215,1,0,0,Yes,space,2.0801
