﻿key_resp_13.keys,key_resp_13.rt,key_resp_16.keys,key_resp_16.rt,key_resp_17.keys,key_resp_17.rt,mouse_5.x,mouse_5.y,mouse_5.leftButton,mouse_5.midButton,mouse_5.rightButton,mouse_5.clicked_name,typedWord,trials_4.thisRepN,trials_4.thisTrialN,trials_4.thisN,trials_4.thisIndex,trials_4.ran,index,videoFile,itemPrompt,participant,session,date,expName,psychopyVersion,OS,frameRate,key_resp_9.keys,key_resp_9.rt,key_resp_18.keys,key_resp_18.rt,resp.x,resp.y,resp.leftButton,resp.midButton,resp.rightButton,resp.clicked_name,MatchLoop.thisRepN,MatchLoop.thisTrialN,MatchLoop.thisN,MatchLoop.thisIndex,MatchLoop.ran,imageDrawn,corrAns,plausibility,match,animacy,mouse_4.x,mouse_4.y,mouse_4.leftButton,mouse_4.midButton,mouse_4.rightButton,mouse_4.clicked_name,key_resp_12.keys,key_resp_12.rt
space,3.8687,space,2.6096,space,0.6391,0.186111111,-0.185185185,1,0,0,Submit1, vine,0,0,0,8,1,9,FSPizza.mp4,,H18,001,2022-05-12_20h08.59.502,ASLTestBattery2,2021.2.3,Win32,164.3385374,,,,,,,,,,,,,,,,,,,,,,,,,,,,
,,,,,,0.186111111,-0.190740741,1,0,0,Submit1,full,0,1,1,6,1,7,FSHill.mp4,,H18,001,2022-05-12_20h08.59.502,ASLTestBattery2,2021.2.3,Win32,164.3385374,,,,,,,,,,,,,,,,,,,,,,,,,,,,
,,,,,,0.186111111,-0.190740741,0,0,0,,blind,0,2,2,1,1,2,FSAndroid.mp4,,H18,001,2022-05-12_20h08.59.502,ASLTestBattery2,2021.2.3,Win32,164.3385374,,,,,,,,,,,,,,,,,,,,,,,,,,,,
,,,,,,0.186111111,-0.190740741,0,0,0,,Kiss,0,3,3,5,1,6,FSGlass.mp4,,H18,001,2022-05-12_20h08.59.502,ASLTestBattery2,2021.2.3,Win32,164.3385374,,,,,,,,,,,,,,,,,,,,,,,,,,,,
,,,,,,0.186111111,-0.190740741,0,0,0,,fax,0,4,4,4,1,5,FSFeet.mp4,,H18,001,2022-05-12_20h08.59.502,ASLTestBattery2,2021.2.3,Win32,164.3385374,,,,,,,,,,,,,,,,,,,,,,,,,,,,
,,,,,,0.186111111,-0.190740741,0,0,0,,vile,0,5,5,9,1,10,FSVanilla.mp4,,H18,001,2022-05-12_20h08.59.502,ASLTestBattery2,2021.2.3,Win32,164.3385374,,,,,,,,,,,,,,,,,,,,,,,,,,,,
,,,,,,0.187962963,-0.190740741,1,0,0,Submit1,uy,0,6,6,2,1,3,FSBerry.mp4,,H18,001,2022-05-12_20h08.59.502,ASLTestBattery2,2021.2.3,Win32,164.3385374,,,,,,,,,,,,,,,,,,,,,,,,,,,,
,,,,,,0.187962963,-0.190740741,0,0,0,,gas,0,7,7,3,1,4,FSBooks.mp4,,H18,001,2022-05-12_20h08.59.502,ASLTestBattery2,2021.2.3,Win32,164.3385374,,,,,,,,,,,,,,,,,,,,,,,,,,,,
,,,,,,0.187962963,-0.190740741,1,0,0,Submit1,idk,0,8,8,7,1,8,FSIce.mp4,,H18,001,2022-05-12_20h08.59.502,ASLTestBattery2,2021.2.3,Win32,164.3385374,,,,,,,,,,,,,,,,,,,,,,,,,,,,
,,,,,,0.188888889,-0.190740741,0,0,0,,lava,0,9,9,0,1,1,FSAlgebra.mp4,,H18,001,2022-05-12_20h08.59.502,ASLTestBattery2,2021.2.3,Win32,164.3385374,,,,,,,,,,,,,,,,,,,,,,,,,,,,
,,,,space,0.4486,,,,,,,,,,,,,10,74TablePushTeacher.mp4,,H18,001,2022-05-12_20h08.59.502,ASLTestBattery2,2021.2.3,Win32,164.3385374,space,0.6147,space,5.5752,-0.12037037,-0.180555556,1,0,0,Y,0,0,0,9,1,74_table_push_teacher.jpg,Y,reversed,match,inanimate,,,,,,,,
,,,,,,,,,,,,,,,,,,8,72ChairPushGirl.mp4,,H18,001,2022-05-12_20h08.59.502,ASLTestBattery2,2021.2.3,Win32,164.3385374,,,,,0.243518519,-0.152777778,1,0,0,N,0,1,1,7,1,72_girl_push_chair.jpg,N,reversed,mismatch,inanimate,,,,,,,,
,,,,,,,,,,,,,,,,,,4,29DadKickTable.mp4,,H18,001,2022-05-12_20h08.59.502,ASLTestBattery2,2021.2.3,Win32,164.3385374,,,,,-0.126851852,-0.201851852,1,0,0,Y,0,2,2,3,1,29_dad_kick_table.jpg,Y,canonical,match,inanimate,,,,,,,,
,,,,,,,,,,,,,,,,,,7,71ManPushTree.mp4,,H18,001,2022-05-12_20h08.59.502,ASLTestBattery2,2021.2.3,Win32,164.3385374,,,,,-0.160185185,-0.181481481,1,0,0,Y,0,3,3,6,1,71_tree_push_man.jpg,N,canonical,mismatch,inanimate,,,,,,,,
,,,,,,,,,,,,,,,,,,9,73ClownPushTV.mp4,,H18,001,2022-05-12_20h08.59.502,ASLTestBattery2,2021.2.3,Win32,164.3385374,,,,,0.125,-0.15462963,1,0,0,N,0,4,4,8,1,73_clown_push_tv.jpg,Y,canonical,match,inanimate,,,,,,,,
,,,,,,,,,,,,,,,,,,5,30ChairKickGirl.mp4,,H18,001,2022-05-12_20h08.59.502,ASLTestBattery2,2021.2.3,Win32,164.3385374,,,,,-0.162962963,-0.172222222,1,0,0,Y,0,5,5,4,1,30_chair_kick_girl.jpg,Y,reversed,match,inanimate,,,,,,,,
,,,,,,,,,,,,,,,,,,18,87MomBiteCookie.mp4,,H18,001,2022-05-12_20h08.59.502,ASLTestBattery2,2021.2.3,Win32,164.3385374,,,,,-0.140740741,-0.126851852,1,0,0,Y,0,6,6,17,1,87_cookie_bite_woman.jpg,N,canonical,mismatch,inanimate,,,,,,,,
,,,,,,,,,,,,,,,,,,13,78GrassEatRabbit.mp4,,H18,001,2022-05-12_20h08.59.502,ASLTestBattery2,2021.2.3,Win32,164.3385374,,,,,0.19537037,-0.101851852,1,0,0,N,0,7,7,12,1,78_grass_eat_rabbit.jpg,Y,reversed,match,inanimate,,,,,,,,
,,,,,,,,,,,,,,,,,,3,28AppleCarryClown.mp4,,H18,001,2022-05-12_20h08.59.502,ASLTestBattery2,2021.2.3,Win32,164.3385374,,,,,-0.153703704,-0.188888889,1,0,0,Y,0,8,8,2,1,28_clown_carry_apple.jpg,N,reversed,mismatch,inanimate,,,,,,,,
,,,,,,,,,,,,,,,,,,12,77DogEatBone.mp4,,H18,001,2022-05-12_20h08.59.502,ASLTestBattery2,2021.2.3,Win32,164.3385374,,,,,-0.287037037,-0.187962963,1,0,0,Y,0,9,9,11,1,77_dog_eat_bone.jpg,Y,canonical,match,inanimate,,,,,,,,
,,,,,,,,,,,,,,,,,,17,85BoyDrawTV.mp4,,H18,001,2022-05-12_20h08.59.502,ASLTestBattery2,2021.2.3,Win32,164.3385374,,,,,0.090740741,-0.112037037,1,0,0,N,0,10,10,16,1,85_boy_draw_tv.jpg,Y,canonical,match,inanimate,,,,,,,,
,,,,,,,,,,,,,,,,,,15,82EggDrawMom.mp4,,H18,001,2022-05-12_20h08.59.502,ASLTestBattery2,2021.2.3,Win32,164.3385374,,,,,-0.365740741,-0.215740741,1,0,0,Y,0,11,11,14,1,82_egg_draw_mom.jpg,Y,reversed,match,inanimate,,,,,,,,
,,,,,,,,,,,,,,,,,,2,27BoyCarryEgg.mp4,,H18,001,2022-05-12_20h08.59.502,ASLTestBattery2,2021.2.3,Win32,164.3385374,,,,,0.366666667,-0.143518519,1,0,0,N,0,12,12,1,1,27_egg_carry_boy.jpg,N,canonical,mismatch,inanimate,,,,,,,,
,,,,,,,,,,,,,,,,,,14,79GirlEatCandy.mp4,,H18,001,2022-05-12_20h08.59.502,ASLTestBattery2,2021.2.3,Win32,164.3385374,,,,,0.239814815,-0.133333333,1,0,0,N,0,13,13,13,1,79_candy_eat_girl.jpg,N,canonical,mismatch,inanimate,,,,,,,,
,,,,,,,,,,,,,,,,,,6,32DoorKickCow.mp4,,H18,001,2022-05-12_20h08.59.502,ASLTestBattery2,2021.2.3,Win32,164.3385374,,,,,-0.27962963,-0.213888889,1,0,0,Y,0,14,14,5,1,32_cow_kick_door.jpg,N,reversed,mismatch,inanimate,,,,,,,,
,,,,,,,,,,,,,,,,,,20,91SheepKickApple.mp4,,H18,001,2022-05-12_20h08.59.502,ASLTestBattery2,2021.2.3,Win32,164.3385374,,,,,0.275925926,-0.159259259,1,0,0,N,0,15,15,19,1,91_apple_kick_sheep.jpg,N,canonical,mismatch,inanimate,,,,,,,,
,,,,,,,,,,,,,,,,,,16,40ChairPaintDad.mp4,,H18,001,2022-05-12_20h08.59.502,ASLTestBattery2,2021.2.3,Win32,164.3385374,,,,,-0.216666667,-0.194444444,1,0,0,Y,0,16,16,15,1,40_dad_paint_chair.jpg,N,reversed,mismatch,inanimate,,,,,,,,
,,,,,,,,,,,,,,,,,,19,89MomCarryOrange.mp4,,H18,001,2022-05-12_20h08.59.502,ASLTestBattery2,2021.2.3,Win32,164.3385374,,,,,0.335185185,-0.146296296,1,0,0,N,0,17,17,18,1,89_mom_carry_orange.jpg,Y,canonical,match,inanimate,,,,,,,,
,,,,,,,,,,,,,,,,,,1,26CookieCarryDad.mp4,,H18,001,2022-05-12_20h08.59.502,ASLTestBattery2,2021.2.3,Win32,164.3385374,,,,,-0.12037037,-0.221296296,1,0,0,Y,0,18,18,0,1,26_cookie_carry_dad.jpg,Y,reversed,match,inanimate,,,,,,,,
,,,,,,,,,,,,,,,,,,11,76ChocolateEatBoy.mp4,,H18,001,2022-05-12_20h08.59.502,ASLTestBattery2,2021.2.3,Win32,164.3385374,,,,,0.380555556,-0.162962963,1,0,0,N,0,19,19,10,1,76_boy_eat_chocolate.jpg,N,reversed,mismatch,inanimate,,,,,,,,
,,,,,,,,,,,,,,,,,,,,,H18,001,2022-05-12_20h08.59.502,ASLTestBattery2,2021.2.3,Win32,164.3385374,,,,,,,,,,,,,,,,,,,,,-0.397222222,-0.144444444,1,0,0,Yes,space,2.3288
