﻿key_resp_15.keys,key_resp_15.rt,key_resp_4.keys,key_resp_4.rt,key_resp_17.keys,key_resp_17.rt,key_resp_2.keys,key_resp_2.rt,typedWord,mouse.x,mouse.y,mouse.leftButton,mouse.midButton,mouse.rightButton,mouse.clicked_name,trials.thisRepN,trials.thisTrialN,trials.thisN,trials.thisIndex,trials.ran,index,itemText,videoFile,itemPrompt,participant,session,date,expName,psychopyVersion,OS,frameRate,key_resp.keys,key_resp.rt,key_resp_3.keys,key_resp_3.rt,key_resp_5.keys,key_resp_5.rt,key_resp_7.keys,key_resp_7.rt,mouse_2.x,mouse_2.y,mouse_2.leftButton,mouse_2.midButton,mouse_2.rightButton,mouse_2.time,mouse_2.clicked_name,key_resp_8.keys,key_resp_8.rt,trials_2.thisRepN,trials_2.thisTrialN,trials_2.thisN,trials_2.thisIndex,trials_2.ran,imageFile,corrAns,mouse_4.x,mouse_4.y,mouse_4.leftButton,mouse_4.midButton,mouse_4.rightButton,mouse_4.clicked_name,key_resp_12.keys,key_resp_12.rt
space,46.4999,space,48.9663,space,1.8072,space,7.674, a friend,-0.14537037,-0.12962963,1,0,0,Submit,0,0,0,0,1,1,"The next 2 sections are parts of a story told by Missy Keast. 
After each section you will be asked questions. 
Respond as best as you can. 
Press the space bar to continue.",MakingNoisePart1small.mp4,"Who did Missy go to the mall with? Please type your response below. If you are not sure, make your best guess.",H18,001,2022-05-12_19h37.36.387,ASLTestBattery1,2021.2.3,Win32,166.4724488,,,,,,,,,,,,,,,,,,,,,,,,,,,,,,,,
,,,,,,space,1.3146, Because it tells about a time when a separate party assumed that both people using sign could not hear and caused a scenee which made the main people in the story feel like they needed to stand up for themselves.,-0.122222222,-0.112037037,1,0,0,Submit,0,1,1,1,1,2,Press spacebar to continue,MakingNoisePart2small.mp4,"The title of this short story is - Making Noise. In 1-2 sentences, please explain why this title was chosen below. If you are not sure, make your best guess.",H18,001,2022-05-12_19h37.36.387,ASLTestBattery1,2021.2.3,Win32,166.4724488,,,,,,,,,,,,,,,,,,,,,,,,,,,,,,,,
,,,,,,space,6.6846, military,-0.067592593,-0.118518519,1,0,0,Submit,0,2,2,2,1,3,"The next few clips are parts of an interview conducted by Joel Barish and Jamil Haque. 
After each section you will be asked questions. 
Respond as best as you can. 
Press the space bar to continue.",DNInterviewBornInNYsmall.mp4,"What is Jamil's job? Please type your response below. If you are not sure, make your best guess.",H18,001,2022-05-12_19h37.36.387,ASLTestBattery1,2021.2.3,Win32,166.4724488,,,,,,,,,,,,,,,,,,,,,,,,,,,,,,,,
,,,,,,space,0.7123, long beach,-0.150925926,-0.141666667,1,0,0,Submit,0,3,3,3,1,4,Press spacebar to continue,DNInterviewSignForBangladeshsmall.mp4,"Where was Jamil born? Please type your response below. If you are not sure, make your best guess.",H18,001,2022-05-12_19h37.36.387,ASLTestBattery1,2021.2.3,Win32,166.4724488,,,,,,,,,,,,,,,,,,,,,,,,,,,,,,,,
,,,,,,space,8.0856, thailand,-0.158333333,-0.141666667,1,0,0,Submit,0,4,4,4,1,5,"The next few clips are parts of an interview conducted by Melissa Keomoungkhoun, Amanda Kline, & Jenny Cooper. 
After each section you will be asked questions.
Respond as best as you can.
Press spacebar to continue.",SweetsAndDrinksPart1.mp4,Where was Melissa Born?,H18,001,2022-05-12_19h37.36.387,ASLTestBattery1,2021.2.3,Win32,166.4724488,,,,,,,,,,,,,,,,,,,,,,,,,,,,,,,,
,,,,,,space,1.1595, vanilla swirl,-0.1,-0.186111111,1,0,0,Submit,0,5,5,5,1,6,Press spacebar to continue,SweetsAndDrinksPart2.mp4,What kind of cookie was shown in the video?,H18,001,2022-05-12_19h37.36.387,ASLTestBattery1,2021.2.3,Win32,166.4724488,,,,,,,,,,,,,,,,,,,,,,,,,,,,,,,,
,,,,,,,,,,,,,,,,,,,,2,,3BlackBlueBirthdaysmall.mp4,,H18,001,2022-05-12_19h37.36.387,ASLTestBattery1,2021.2.3,Win32,166.4724488,space,6.8666,space,23.8043,space,0.8593,space,38.9265,"[0.8203703703703704,-0.7388888888888889,-0.5861111111111111,-0.5175925925925926]","[0.27037037037037037,-0.24259259259259258,0.23333333333333334,0.27037037037037037]","[1,1,1,1]","[0,0,0,0]","[0,0,0,0]","[31.712400000095386,35.43010000002391,36.515499999999975,38.07990000009545]","[""flower"",""balloon""]",space,14.7761,0,0,0,1,1,ASLCompStim2.jpg,,,,,,,,,
,,,,,,,,,,,,,,,,,,,,3,,3BaldBirthdayHospitalsmall.mp4,,H18,001,2022-05-12_19h37.36.387,ASLTestBattery1,2021.2.3,Win32,166.4724488,,,,,,,space,27.6693,"[0.28888888888888886,0.49074074074074076,0.4935185185185185,0.2898148148148148,0.4925925925925926,-0.012037037037037037,0.7870370370370371,0.13425925925925927,0.30462962962962964,0.7185185185185186,0.7185185185185186,0.001851851851851852,0.2916666666666667,0.5064814814814815,0.575925925925926,0.008333333333333333,-0.26481481481481484,-0.027777777777777776,-0.027777777777777776,-0.2796296296296296,-0.4824074074074074,-0.7898148148148149,-0.687037037037037,-0.6861111111111111,-0.7509259259259259,-0.7324074074074074,-0.7046296296296296]","[-0.14074074074074075,-0.24351851851851852,-0.2462962962962963,-0.019444444444444445,-0.13703703703703704,-0.2537037037037037,0.2537037037037037,-0.15648148148148147,-0.03888888888888889,0.25277777777777777,0.25277777777777777,-0.2074074074074074,-0.03981481481481482,-0.15462962962962962,0.07685185185185185,0.09907407407407408,-0.04814814814814815,0.11018518518518519,0.11018518518518519,-0.03333333333333333,0.2601851851851852,0.2611111111111111,0.21203703703703702,0.20925925925925926,-0.15648148148148147,-0.17407407407407408,0.23055555555555557]","[1,1,1,1,1,1,1,1,1,1,1,1,1,1,1,1,1,1,1,1,1,1,1,1,1,1,1]","[0,0,0,0,0,0,0,0,0,0,0,0,0,0,0,0,0,0,0,0,0,0,0,0,0,0,0]","[0,0,0,0,0,0,0,0,0,0,0,0,0,0,0,0,0,0,0,0,0,0,0,0,0,0,0]","[5.657099999904631,6.815199999928382,8.270599999904562,9.119399999976167,9.543999999999869,10.13209999990454,11.515099999904578,12.539799999952265,12.891099999904554,13.370199999928445,13.4976999999285,15.110500000000002,15.462199999928316,15.753299999952333,16.65069999992852,18.93669999992835,19.779799999952274,20.27069999992841,20.404099999904474,20.7497999999523,21.113899999976184,21.999000000000024,23.30879999995227,23.440099999904533,23.840099999904623,24.007299999952238,24.479000000000042]","[""bike"",""hospital"",""hospital"",""bike"",""hospital"",""PO"",""flower"",""PO"",""bike"",""flower"",""flower"",""PO"",""bike"",""hospital"",""store"",""purse"",""store"",""store"",""purse"",""dog"",""dog"",""dog"",""balloon"",""balloon"",""dog""]",space,8.9943,0,1,1,2,1,ASLCompStim3.jpg,,,,,,,,,
,,,,,,,,,,,,,,,,,,,,1,,3PonyCakeBirthdaysmall.mp4,,H18,001,2022-05-12_19h37.36.387,ASLTestBattery1,2021.2.3,Win32,166.4724488,,,,,,,space,7.7476,"[-0.26944444444444443,-0.7240740740740741,-0.7055555555555556]","[-0.11296296296296296,-0.27685185185185185,0.25833333333333336]","[1,1,1]","[0,0,0]","[0,0,0]","[4.96060000002376,5.6701000000236945,6.367299999952365]","[""purse"",""balloon"",""dog""]",space,2.7858,0,2,2,0,1,ASLCompStim1.jpg,,,,,,,,,
,,,,,,,,,,,,,,,,,,,,4,,3BlondHospitalFoodsmall.mp4,,H18,001,2022-05-12_19h37.36.387,ASLTestBattery1,2021.2.3,Win32,166.4724488,,,,,,,space,6.1874,"[-0.2722222222222222,0.5583333333333333,-0.7925925925925926]","[-0.07962962962962963,-0.1574074074074074,0.28425925925925927]","[1,1,1]","[0,0,0]","[0,0,0]","[3.8871000000237927,4.572200000047587,5.512100000023793]","[""purse"",""hospital"",""dog""]",space,3.6727,0,3,3,3,1,ASLCompStim4.jpg,,,,,,,,,
,,,,,,,,,,,,,,,,,,,,6,,3BlackFoodBirthdaysmall.mp4,,H18,001,2022-05-12_19h37.36.387,ASLTestBattery1,2021.2.3,Win32,166.4724488,,,,,,,space,20.1285,"[0.05092592592592592,0.7555555555555555,-0.7361111111111112]","[-0.22962962962962963,0.2740740740740741,0.2462962962962963]","[1,1,1]","[0,0,0]","[0,0,0]","[15.074899999976196,17.142800000071475,19.259000000000015]","[""PO"",""flower"",""dog""]",space,4.1527,0,4,4,5,1,ASLCompStim6.jpg,,,,,,,,,
,,,,,,,,,,,,,,,,,,,,5,,3PonySnackBikesmall.mp4,,H18,001,2022-05-12_19h37.36.387,ASLTestBattery1,2021.2.3,Win32,166.4724488,,,,,,,space,8.6689,"[0.7268518518518519,-0.006481481481481481,0.30648148148148147]","[0.2675925925925926,-0.24351851851851852,-0.09537037037037037]","[1,1,1]","[0,0,0]","[0,0,0]","[6.840399999976171,7.6226999999285,8.053199999928438]","[""flower"",""PO"",""bike""]",space,4.1925,0,5,5,4,1,ASLCompStim5.jpg,,,,,,,,,
,,,,,,,,,,,,,,,,,,,,,,,,H18,001,2022-05-12_19h37.36.387,ASLTestBattery1,2021.2.3,Win32,166.4724488,,,,,,,,,,,,,,,,,,,,,,,,,-0.244444444,-0.184259259,1,0,0,Yes,space,1.8538
