﻿key_resp_15.keys,key_resp_15.rt,key_resp_4.keys,key_resp_4.rt,key_resp_17.keys,key_resp_17.rt,key_resp_2.keys,key_resp_2.rt,typedWord,mouse.x,mouse.y,mouse.leftButton,mouse.midButton,mouse.rightButton,mouse.clicked_name,trials.thisRepN,trials.thisTrialN,trials.thisN,trials.thisIndex,trials.ran,index,itemText,videoFile,itemPrompt,participant,session,date,expName,psychopyVersion,OS,frameRate,key_resp.keys,key_resp.rt,key_resp_3.keys,key_resp_3.rt,key_resp_5.keys,key_resp_5.rt,key_resp_7.keys,key_resp_7.rt,mouse_2.x,mouse_2.y,mouse_2.leftButton,mouse_2.midButton,mouse_2.rightButton,mouse_2.time,mouse_2.clicked_name,key_resp_8.keys,key_resp_8.rt,trials_2.thisRepN,trials_2.thisTrialN,trials_2.thisN,trials_2.thisIndex,trials_2.ran,imageFile,corrAns,mouse_4.x,mouse_4.y,mouse_4.leftButton,mouse_4.midButton,mouse_4.rightButton,mouse_4.clicked_name,key_resp_12.keys,key_resp_12.rt
space,4.6995,space,18.1915,space,1.6829,space,5.8005, ,-0.283944024,-0.168350288,1,0,0,Submit,0,0,0,0,1,1,"The next 2 sections are parts of a story told by Missy Keast. 
After each section you will be asked questions. 
Respond as best as you can. 
Press the space bar to continue.",MakingNoisePart1small.mp4,"Who did Missy go to the mall with? Please type your response below. If you are not sure, make your best guess.",Bordin Endinjok,001,2022-04-26_15h36.14.739,ASLTestBattery1,2021.2.3,MacIntel,59.99160118,,,,,,,,,,,,,,,,,,,,,,,,,,,,,,,,
,,,,,,space,1.1116, ,-0.321290215,-0.156093275,1,0,0,Submit,0,1,1,1,1,2,Press spacebar to continue,MakingNoisePart2small.mp4,"The title of this short story is - Making Noise. In 1-2 sentences, please explain why this title was chosen below. If you are not sure, make your best guess.",Bordin Endinjok,001,2022-04-26_15h36.14.739,ASLTestBattery1,2021.2.3,MacIntel,59.99160118,,,,,,,,,,,,,,,,,,,,,,,,,,,,,,,,
,,,,,,space,18.2874,I would think that Jamils job is a journalist or columnist. ,-0.25759908,-0.139696994,1,0,0,Submit,0,2,2,2,1,3,"The next few clips are parts of an interview conducted by Joel Barish and Jamil Haque. 
After each section you will be asked questions. 
Respond as best as you can. 
Press the space bar to continue.",DNInterviewBornInNYsmall.mp4,"What is Jamil's job? Please type your response below. If you are not sure, make your best guess.",Bordin Endinjok,001,2022-04-26_15h36.14.739,ASLTestBattery1,2021.2.3,MacIntel,59.99160118,,,,,,,,,,,,,,,,,,,,,,,,,,,,,,,,
,,,,,,space,1.1145, I think he was born in the United Kingdom. ,-0.277785238,-0.144974094,1,0,0,Submit,0,3,3,3,1,4,Press spacebar to continue,DNInterviewSignForBangladeshsmall.mp4,"Where was Jamil born? Please type your response below. If you are not sure, make your best guess.",Bordin Endinjok,001,2022-04-26_15h36.14.739,ASLTestBattery1,2021.2.3,MacIntel,59.99160118,,,,,,,,,,,,,,,,,,,,,,,,,,,,,,,,
,,,,,,space,7.3867, Melissa was born in the United States.,-0.259200812,-0.129196099,1,0,0,Submit,0,4,4,4,1,5,"The next few clips are parts of an interview conducted by Melissa Keomoungkhoun, Amanda Kline, & Jenny Cooper. 
After each section you will be asked questions.
Respond as best as you can.
Press spacebar to continue.",SweetsAndDrinksPart1.mp4,Where was Melissa Born?,Bordin Endinjok,001,2022-04-26_15h36.14.739,ASLTestBattery1,2021.2.3,MacIntel,59.99160118,,,,,,,,,,,,,,,,,,,,,,,,,,,,,,,,
,,,,,,space,1.0219, A cinnamon swirl cookie.,-0.220211385,-0.177758925,1,0,0,Submit,0,5,5,5,1,6,Press spacebar to continue,SweetsAndDrinksPart2.mp4,What kind of cookie was shown in the video?,Bordin Endinjok,001,2022-04-26_15h36.14.739,ASLTestBattery1,2021.2.3,MacIntel,59.99160118,,,,,,,,,,,,,,,,,,,,,,,,,,,,,,,,
,,,,,,,,,,,,,,,,,,,,1,,3PonyCakeBirthdaysmall.mp4,,Bordin Endinjok,001,2022-04-26_15h36.14.739,ASLTestBattery1,2021.2.3,MacIntel,59.99160118,space,12.7215,space,1.1623,space,1.0188,space,12.5865,"[-0.2699607340494792,-0.001902194552951389,0.08189168294270834]","[-0.11374403211805556,0.08762647840711806,-0.20281263563368054]","[1,1,1]","[0,0,0]","[0,0,0]","[7.230199999995534,7.870899999998528,12.11369999999556]","[""purse"",""store"",""PO""]",space,6.5777,0,0,0,0,1,ASLCompStim1.jpg,,,,,,,,,
,,,,,,,,,,,,,,,,,,,,6,,3BlackFoodBirthdaysmall.mp4,,Bordin Endinjok,001,2022-04-26_15h36.14.739,ASLTestBattery1,2021.2.3,MacIntel,59.99160118,,,,,,,space,5.6963,"[0.7653240288628472,0.049686143663194446,0.3447079806857639]","[0.23396809895833334,-0.2264688449435764,-0.08592936197916666]","[1,1,1]","[0,0,0]","[0,0,0]","[2.786700000002952,4.170499999999947,4.727700000002983]","[""flower"",""PO"",""bike""]",space,2.8981,0,1,1,5,1,ASLCompStim6.jpg,,,,,,,,,
,,,,,,,,,,,,,,,,,,,,5,,3PonySnackBikesmall.mp4,,Bordin Endinjok,001,2022-04-26_15h36.14.739,ASLTestBattery1,2021.2.3,MacIntel,59.99160118,,,,,,,space,4.6112,"[0.2873175726996528,-0.7447638278537326,0.0545123291015625]","[-0.06454616970486111,-0.2569742160373264,0.09634043375651041]","[1,1,1]","[0,0,0]","[0,0,0]","[1.5651999999955706,2.4137999999970816,4.34889999999848]","[""bike"",""balloon"",""store""]",space,2.9291,0,2,2,4,1,ASLCompStim5.jpg,,,,,,,,,
,,,,,,,,,,,,,,,,,,,,4,,3BlondHospitalFoodsmall.mp4,,Bordin Endinjok,001,2022-04-26_15h36.14.739,ASLTestBattery1,2021.2.3,MacIntel,59.99160118,,,,,,,space,5.2191,"[-0.3252352227105035,-0.7235543823242188,0.05139519585503472]","[-0.12846089680989584,0.24720543755425348,0.12887661404079861]","[1,1,1]","[0,0,0]","[0,0,0]","[1.7025999999940495,3.9372999999969807,4.619699999995532]","[""purse"",""dog"",""store""]",space,2.9711,0,3,3,3,1,ASLCompStim4.jpg,,,,,,,,,
,,,,,,,,,,,,,,,,,,,,2,,3BlackBlueBirthdaysmall.mp4,,Bordin Endinjok,001,2022-04-26_15h36.14.739,ASLTestBattery1,2021.2.3,MacIntel,59.99160118,,,,,,,space,11.4244,"[0.05262552897135417,0.5696370442708333,0.2802986653645833,0.2802986653645833,0.34223036024305553,0.2607770453559028,0.7542138671875,0.7216509331597222,0.31376620822482637,0.31376620822482637]","[-0.20092034233940972,-0.22781026204427082,-0.13409735785590277,-0.1338406032986111,-0.01668365478515625,-0.14583462185329862,0.2630630154079861,0.2265991719563802,-0.07286851671006944,-0.07286851671006944]","[1,1,1,1,1,1,1,1,1,1]","[0,0,0,0,0,0,0,0,0,0]","[0,0,0,0,0,0,0,0,0,0]","[1.7991999999956079,2.741799999997056,3.970899999998551,4.541000000000054,5.600999999999999,6.37229999999704,9.364899999998556,10.18639999999857,10.66029999999705,10.883699999995542]","[""PO"",""hospital"",""bike"",""bike"",""bike"",""bike"",""flower"",""flower"",""bike"",""bike""]",space,3.482,0,4,4,1,1,ASLCompStim2.jpg,,,,,,,,,
,,,,,,,,,,,,,,,,,,,,3,,3BaldBirthdayHospitalsmall.mp4,,Bordin Endinjok,001,2022-04-26_15h36.14.739,ASLTestBattery1,2021.2.3,MacIntel,59.99160118,,,,,,,space,4.2986,"[0.31376620822482637,0.5529808213975694,-0.025295884874131945]","[-0.07286851671006944,-0.2148086208767361,-0.2815740966796875]","[1,1,1]","[0,0,0]","[0,0,0]","[0.9316999999955442,1.5475999999940768,4.042399999998565]","[""bike"",""hospital"",""PO""]",space,3.5651,0,5,5,2,1,ASLCompStim3.jpg,,,,,,,,,
,,,,,,,,,,,,,,,,,,,,,,,,Bordin Endinjok,001,2022-04-26_15h36.14.739,ASLTestBattery1,2021.2.3,MacIntel,59.99160118,,,,,,,,,,,,,,,,,,,,,,,,,-0.155795288,-0.153916694,1,0,0,Yes,space,1.7793
