﻿key_resp_13.keys,key_resp_13.rt,key_resp_16.keys,key_resp_16.rt,key_resp_17.keys,key_resp_17.rt,mouse_5.x,mouse_5.y,mouse_5.leftButton,mouse_5.midButton,mouse_5.rightButton,mouse_5.clicked_name,typedWord,trials_4.thisRepN,trials_4.thisTrialN,trials_4.thisN,trials_4.thisIndex,trials_4.ran,index,videoFile,itemPrompt,participant,session,date,expName,psychopyVersion,OS,frameRate,key_resp_9.keys,key_resp_9.rt,key_resp_18.keys,key_resp_18.rt,resp.x,resp.y,resp.leftButton,resp.midButton,resp.rightButton,resp.clicked_name,MatchLoop.thisRepN,MatchLoop.thisTrialN,MatchLoop.thisN,MatchLoop.thisIndex,MatchLoop.ran,imageDrawn,corrAns,plausibility,match,animacy,mouse_4.x,mouse_4.y,mouse_4.leftButton,mouse_4.midButton,mouse_4.rightButton,mouse_4.clicked_name,key_resp_12.keys,key_resp_12.rt
space,3.6537,space,2.49,space,1.058,-0.116897176,-0.134242147,1,0,0,Submit1, you,0,0,0,5,1,6,FSGlass.mp4,,Bordin Endinjok,001,2022-04-26_15h53.13.478,ASLTestBattery2,2021.2.3,MacIntel,59.99160118,,,,,,,,,,,,,,,,,,,,,,,,,,,,
,,,,,,0.3086478,0.078217706,0,0,0,,move,0,1,1,7,1,8,FSIce.mp4,,Bordin Endinjok,001,2022-04-26_15h53.13.478,ASLTestBattery2,2021.2.3,MacIntel,59.99160118,,,,,,,,,,,,,,,,,,,,,,,,,,,,
,,,,,,0.3086478,0.078217706,0,0,0,,far,0,2,2,9,1,10,FSVanilla.mp4,,Bordin Endinjok,001,2022-04-26_15h53.13.478,ASLTestBattery2,2021.2.3,MacIntel,59.99160118,,,,,,,,,,,,,,,,,,,,,,,,,,,,
,,,,,,0.3086478,0.078217706,0,0,0,,long,0,3,3,4,1,5,FSFeet.mp4,,Bordin Endinjok,001,2022-04-26_15h53.13.478,ASLTestBattery2,2021.2.3,MacIntel,59.99160118,,,,,,,,,,,,,,,,,,,,,,,,,,,,
,,,,,,0.3086478,0.078217706,0,0,0,,look,0,4,4,2,1,3,FSBerry.mp4,,Bordin Endinjok,001,2022-04-26_15h53.13.478,ASLTestBattery2,2021.2.3,MacIntel,59.99160118,,,,,,,,,,,,,,,,,,,,,,,,,,,,
,,,,,,0.3086478,0.078217706,0,0,0,,walk,0,5,5,3,1,4,FSBooks.mp4,,Bordin Endinjok,001,2022-04-26_15h53.13.478,ASLTestBattery2,2021.2.3,MacIntel,59.99160118,,,,,,,,,,,,,,,,,,,,,,,,,,,,
,,,,,,0.3086478,0.078217706,0,0,0,,quite,0,6,6,6,1,7,FSHill.mp4,,Bordin Endinjok,001,2022-04-26_15h53.13.478,ASLTestBattery2,2021.2.3,MacIntel,59.99160118,,,,,,,,,,,,,,,,,,,,,,,,,,,,
,,,,,,0.3086478,0.078217706,0,0,0,,still,0,7,7,0,1,1,FSAlgebra.mp4,,Bordin Endinjok,001,2022-04-26_15h53.13.478,ASLTestBattery2,2021.2.3,MacIntel,59.99160118,,,,,,,,,,,,,,,,,,,,,,,,,,,,
,,,,,,0.3086478,0.078217706,0,0,0,,food,0,8,8,1,1,2,FSAndroid.mp4,,Bordin Endinjok,001,2022-04-26_15h53.13.478,ASLTestBattery2,2021.2.3,MacIntel,59.99160118,,,,,,,,,,,,,,,,,,,,,,,,,,,,
,,,,,,0.3086478,0.078217706,0,0,0,,water,0,9,9,8,1,9,FSPizza.mp4,,Bordin Endinjok,001,2022-04-26_15h53.13.478,ASLTestBattery2,2021.2.3,MacIntel,59.99160118,,,,,,,,,,,,,,,,,,,,,,,,,,,,
,,,,space,0.7942,,,,,,,,,,,,,20,91SheepKickApple.mp4,,Bordin Endinjok,001,2022-04-26_15h53.13.478,ASLTestBattery2,2021.2.3,MacIntel,59.99160118,space,2.6397,space,3.9823,0.265074666,-0.091459961,1,0,0,N,0,0,0,19,1,91_apple_kick_sheep.jpg,N,canonical,mismatch,inanimate,,,,,,,,
,,,,,,,,,,,,,,,,,,12,77DogEatBone.mp4,,Bordin Endinjok,001,2022-04-26_15h53.13.478,ASLTestBattery2,2021.2.3,MacIntel,59.99160118,,,,,-0.194627007,-0.177224867,1,0,0,Y,0,1,1,11,1,77_dog_eat_bone.jpg,Y,canonical,match,inanimate,,,,,,,,
,,,,,,,,,,,,,,,,,,19,89MomCarryOrange.mp4,,Bordin Endinjok,001,2022-04-26_15h53.13.478,ASLTestBattery2,2021.2.3,MacIntel,59.99160118,,,,,0.194512804,-0.135295953,1,0,0,N,0,2,2,18,1,89_mom_carry_orange.jpg,Y,canonical,match,inanimate,,,,,,,,
,,,,,,,,,,,,,,,,,,1,26CookieCarryDad.mp4,,Bordin Endinjok,001,2022-04-26_15h53.13.478,ASLTestBattery2,2021.2.3,MacIntel,59.99160118,,,,,-0.190452949,-0.117086317,1,0,0,Y,0,3,3,0,1,26_cookie_carry_dad.jpg,Y,reversed,match,inanimate,,,,,,,,
,,,,,,,,,,,,,,,,,,10,74TablePushTeacher.mp4,,Bordin Endinjok,001,2022-04-26_15h53.13.478,ASLTestBattery2,2021.2.3,MacIntel,59.99160118,,,,,-0.121299235,-0.156641846,1,0,0,Y,0,4,4,9,1,74_table_push_teacher.jpg,Y,reversed,match,inanimate,,,,,,,,
,,,,,,,,,,,,,,,,,,18,87MomBiteCookie.mp4,,Bordin Endinjok,001,2022-04-26_15h53.13.478,ASLTestBattery2,2021.2.3,MacIntel,59.99160118,,,,,0.337102254,-0.202239787,1,0,0,N,0,5,5,17,1,87_cookie_bite_woman.jpg,N,canonical,mismatch,inanimate,,,,,,,,
,,,,,,,,,,,,,,,,,,13,78GrassEatRabbit.mp4,,Bordin Endinjok,001,2022-04-26_15h53.13.478,ASLTestBattery2,2021.2.3,MacIntel,59.99160118,,,,,0.290836114,-0.183316108,1,0,0,N,0,6,6,12,1,78_grass_eat_rabbit.jpg,Y,reversed,match,inanimate,,,,,,,,
,,,,,,,,,,,,,,,,,,5,30ChairKickGirl.mp4,,Bordin Endinjok,001,2022-04-26_15h53.13.478,ASLTestBattery2,2021.2.3,MacIntel,59.99160118,,,,,-0.270193515,-0.180826959,1,0,0,Y,0,7,7,4,1,30_chair_kick_girl.jpg,Y,reversed,match,inanimate,,,,,,,,
,,,,,,,,,,,,,,,,,,8,72ChairPushGirl.mp4,,Bordin Endinjok,001,2022-04-26_15h53.13.478,ASLTestBattery2,2021.2.3,MacIntel,59.99160118,,,,,-0.181888767,-0.145604384,1,0,0,Y,0,8,8,7,1,72_girl_push_chair.jpg,N,reversed,mismatch,inanimate,,,,,,,,
,,,,,,,,,,,,,,,,,,11,76ChocolateEatBoy.mp4,,Bordin Endinjok,001,2022-04-26_15h53.13.478,ASLTestBattery2,2021.2.3,MacIntel,59.99160118,,,,,-0.356848416,-0.174218682,1,0,0,Y,0,9,9,10,1,76_boy_eat_chocolate.jpg,N,reversed,mismatch,inanimate,,,,,,,,
,,,,,,,,,,,,,,,,,,15,82EggDrawMom.mp4,,Bordin Endinjok,001,2022-04-26_15h53.13.478,ASLTestBattery2,2021.2.3,MacIntel,59.99160118,,,,,-0.127079536,-0.136910333,1,0,0,Y,0,10,10,14,1,82_egg_draw_mom.jpg,Y,reversed,match,inanimate,,,,,,,,
,,,,,,,,,,,,,,,,,,3,28AppleCarryClown.mp4,,Bordin Endinjok,001,2022-04-26_15h53.13.478,ASLTestBattery2,2021.2.3,MacIntel,59.99160118,,,,,-0.257743869,-0.150115696,1,0,0,Y,0,11,11,2,1,28_clown_carry_apple.jpg,N,reversed,mismatch,inanimate,,,,,,,,
,,,,,,,,,,,,,,,,,,14,79GirlEatCandy.mp4,,Bordin Endinjok,001,2022-04-26_15h53.13.478,ASLTestBattery2,2021.2.3,MacIntel,59.99160118,,,,,0.294297553,-0.146505195,1,0,0,N,0,12,12,13,1,79_candy_eat_girl.jpg,N,canonical,mismatch,inanimate,,,,,,,,
,,,,,,,,,,,,,,,,,,2,27BoyCarryEgg.mp4,,Bordin Endinjok,001,2022-04-26_15h53.13.478,ASLTestBattery2,2021.2.3,MacIntel,59.99160118,,,,,-0.261989916,-0.193585748,1,0,0,Y,0,13,13,1,1,27_egg_carry_boy.jpg,N,canonical,mismatch,inanimate,,,,,,,,
,,,,,,,,,,,,,,,,,,6,32DoorKickCow.mp4,,Bordin Endinjok,001,2022-04-26_15h53.13.478,ASLTestBattery2,2021.2.3,MacIntel,59.99160118,,,,,-0.272748684,-0.18492391,1,0,0,Y,0,14,14,5,1,32_cow_kick_door.jpg,N,reversed,mismatch,inanimate,,,,,,,,
,,,,,,,,,,,,,,,,,,7,71ManPushTree.mp4,,Bordin Endinjok,001,2022-04-26_15h53.13.478,ASLTestBattery2,2021.2.3,MacIntel,59.99160118,,,,,-0.205116984,-0.127990316,1,0,0,Y,0,15,15,6,1,71_tree_push_man.jpg,N,canonical,mismatch,inanimate,,,,,,,,
,,,,,,,,,,,,,,,,,,17,85BoyDrawTV.mp4,,Bordin Endinjok,001,2022-04-26_15h53.13.478,ASLTestBattery2,2021.2.3,MacIntel,59.99160118,,,,,0.442768012,-0.170722656,1,0,0,N,0,16,16,16,1,85_boy_draw_tv.jpg,Y,canonical,match,inanimate,,,,,,,,
,,,,,,,,,,,,,,,,,,16,40ChairPaintDad.mp4,,Bordin Endinjok,001,2022-04-26_15h53.13.478,ASLTestBattery2,2021.2.3,MacIntel,59.99160118,,,,,-0.214555393,-0.165949164,1,0,0,Y,0,17,17,15,1,40_dad_paint_chair.jpg,N,reversed,mismatch,inanimate,,,,,,,,
,,,,,,,,,,,,,,,,,,9,73ClownPushTV.mp4,,Bordin Endinjok,001,2022-04-26_15h53.13.478,ASLTestBattery2,2021.2.3,MacIntel,59.99160118,,,,,-0.283496941,-0.207003174,1,0,0,Y,0,18,18,8,1,73_clown_push_tv.jpg,Y,canonical,match,inanimate,,,,,,,,
,,,,,,,,,,,,,,,,,,4,29DadKickTable.mp4,,Bordin Endinjok,001,2022-04-26_15h53.13.478,ASLTestBattery2,2021.2.3,MacIntel,59.99160118,,,,,-0.209240994,-0.175161268,1,0,0,Y,0,19,19,3,1,29_dad_kick_table.jpg,Y,canonical,match,inanimate,,,,,,,,
,,,,,,,,,,,,,,,,,,,,,Bordin Endinjok,001,2022-04-26_15h53.13.478,ASLTestBattery2,2021.2.3,MacIntel,59.99160118,,,,,,,,,,,,,,,,,,,,,-0.131500448,-0.145834283,1,0,0,Yes,space,1.9515
