﻿key_resp_13.keys,key_resp_13.rt,key_resp_16.keys,key_resp_16.rt,key_resp_17.keys,key_resp_17.rt,mouse_5.x,mouse_5.y,mouse_5.leftButton,mouse_5.midButton,mouse_5.rightButton,mouse_5.clicked_name,typedWord,trials_4.thisRepN,trials_4.thisTrialN,trials_4.thisN,trials_4.thisIndex,trials_4.ran,index,videoFile,itemPrompt,participant,session,date,expName,psychopyVersion,OS,frameRate,key_resp_9.keys,key_resp_9.rt,key_resp_18.keys,key_resp_18.rt,resp.x,resp.y,resp.leftButton,resp.midButton,resp.rightButton,resp.clicked_name,MatchLoop.thisRepN,MatchLoop.thisTrialN,MatchLoop.thisN,MatchLoop.thisIndex,MatchLoop.ran,imageDrawn,corrAns,plausibility,match,animacy,mouse_4.x,mouse_4.y,mouse_4.leftButton,mouse_4.midButton,mouse_4.rightButton,mouse_4.clicked_name,key_resp_12.keys,key_resp_12.rt
space,14.1086,space,10.9474,space,4.6082,0.112963019,-0.175,1,0,0,Submit1, gas,0,0,0,5,1,6,FSGlass.mp4,,D06,001,2023-05-18_21h28.56.791,ASLTestBattery2,2021.2.3,Win32,59.26979611,,,,,,,,,,,,,,,,,,,,,,,,,,,,
,,,,,,0.112963019,-0.175,1,0,0,Submit1,hill ,0,1,1,6,1,7,FSHill.mp4,,D06,001,2023-05-18_21h28.56.791,ASLTestBattery2,2021.2.3,Win32,59.26979611,,,,,,,,,,,,,,,,,,,,,,,,,,,,
,,,,,,0.112963019,-0.175,1,0,0,Submit1,ics,0,2,2,7,1,8,FSIce.mp4,,D06,001,2023-05-18_21h28.56.791,ASLTestBattery2,2021.2.3,Win32,59.26979611,,,,,,,,,,,,,,,,,,,,,,,,,,,,
,,,,,,0.112963019,-0.175,1,0,0,Submit1,book,0,3,3,3,1,4,FSBooks.mp4,,D06,001,2023-05-18_21h28.56.791,ASLTestBattery2,2021.2.3,Win32,59.26979611,,,,,,,,,,,,,,,,,,,,,,,,,,,,
,,,,,,0.112963019,-0.175,1,0,0,Submit1,,0,4,4,1,1,2,FSAndroid.mp4,,D06,001,2023-05-18_21h28.56.791,ASLTestBattery2,2021.2.3,Win32,59.26979611,,,,,,,,,,,,,,,,,,,,,,,,,,,,
,,,,,,0.111111111,-0.173148176,1,0,0,Submit1,,0,5,5,2,1,3,FSBerry.mp4,,D06,001,2023-05-18_21h28.56.791,ASLTestBattery2,2021.2.3,Win32,59.26979611,,,,,,,,,,,,,,,,,,,,,,,,,,,,
,,,,,,0.111111111,-0.173148176,1,0,0,Submit1,vall,0,6,6,9,1,10,FSVanilla.mp4,,D06,001,2023-05-18_21h28.56.791,ASLTestBattery2,2021.2.3,Win32,59.26979611,,,,,,,,,,,,,,,,,,,,,,,,,,,,
,,,,,,0.111111111,-0.173148176,1,0,0,Submit1,pizza,0,7,7,8,1,9,FSPizza.mp4,,D06,001,2023-05-18_21h28.56.791,ASLTestBattery2,2021.2.3,Win32,59.26979611,,,,,,,,,,,,,,,,,,,,,,,,,,,,
,,,,,,0.111111111,-0.173148176,1,0,0,Submit1,3fut,0,8,8,4,1,5,FSFeet.mp4,,D06,001,2023-05-18_21h28.56.791,ASLTestBattery2,2021.2.3,Win32,59.26979611,,,,,,,,,,,,,,,,,,,,,,,,,,,,
,,,,,,0.111111111,-0.173148176,1,0,0,Submit1,,0,9,9,0,1,1,FSAlgebra.mp4,,D06,001,2023-05-18_21h28.56.791,ASLTestBattery2,2021.2.3,Win32,59.26979611,,,,,,,,,,,,,,,,,,,,,,,,,,,,
,,,,space,6.2882,,,,,,,,,,,,,6,32DoorKickCow.mp4,,D06,001,2023-05-18_21h28.56.791,ASLTestBattery2,2021.2.3,Win32,59.26979611,space,17.9201,space,19.6598,-0.35,-0.167592621,1,0,0,Y,0,0,0,5,1,32_cow_kick_door.jpg,N,reversed,mismatch,inanimate,,,,,,,,
,,,,,,,,,,,,,,,,,,4,29DadKickTable.mp4,,D06,001,2023-05-18_21h28.56.791,ASLTestBattery2,2021.2.3,Win32,59.26979611,,,,,-0.27870369,-0.175925954,1,0,0,Y,0,1,1,3,1,29_dad_kick_table.jpg,Y,canonical,match,inanimate,,,,,,,,
,,,,,,,,,,,,,,,,,,11,76ChocolateEatBoy.mp4,,D06,001,2023-05-18_21h28.56.791,ASLTestBattery2,2021.2.3,Win32,59.26979611,,,,,0.23148151,-0.179629644,1,0,0,N,0,2,2,10,1,76_boy_eat_chocolate.jpg,N,reversed,mismatch,inanimate,,,,,,,,
,,,,,,,,,,,,,,,,,,3,28AppleCarryClown.mp4,,D06,001,2023-05-18_21h28.56.791,ASLTestBattery2,2021.2.3,Win32,59.26979611,,,,,0.186111111,-0.159259288,1,0,0,N,0,3,3,2,1,28_clown_carry_apple.jpg,N,reversed,mismatch,inanimate,,,,,,,,
,,,,,,,,,,,,,,,,,,15,82EggDrawMom.mp4,,D06,001,2023-05-18_21h28.56.791,ASLTestBattery2,2021.2.3,Win32,59.26979611,,,,,0.233333333,-0.20648151,1,0,0,N,0,4,4,14,1,82_egg_draw_mom.jpg,Y,reversed,match,inanimate,,,,,,,,
,,,,,,,,,,,,,,,,,,14,79GirlEatCandy.mp4,,D06,001,2023-05-18_21h28.56.791,ASLTestBattery2,2021.2.3,Win32,59.26979611,,,,,0.241666667,-0.170370399,1,0,0,N,0,5,5,13,1,79_candy_eat_girl.jpg,N,canonical,mismatch,inanimate,,,,,,,,
,,,,,,,,,,,,,,,,,,17,85BoyDrawTV.mp4,,D06,001,2023-05-18_21h28.56.791,ASLTestBattery2,2021.2.3,Win32,59.26979611,,,,,-0.332407379,-0.167592621,1,0,0,Y,0,6,6,16,1,85_boy_draw_tv.jpg,Y,canonical,match,inanimate,,,,,,,,
,,,,,,,,,,,,,,,,,,7,71ManPushTree.mp4,,D06,001,2023-05-18_21h28.56.791,ASLTestBattery2,2021.2.3,Win32,59.26979611,,,,,0.263888889,-0.157407422,1,0,0,N,0,7,7,6,1,71_tree_push_man.jpg,N,canonical,mismatch,inanimate,,,,,,,,
,,,,,,,,,,,,,,,,,,5,30ChairKickGirl.mp4,,D06,001,2023-05-18_21h28.56.791,ASLTestBattery2,2021.2.3,Win32,59.26979611,,,,,0.252777778,-0.168518533,1,0,0,N,0,8,8,4,1,30_chair_kick_girl.jpg,Y,reversed,match,inanimate,,,,,,,,
,,,,,,,,,,,,,,,,,,2,27BoyCarryEgg.mp4,,D06,001,2023-05-18_21h28.56.791,ASLTestBattery2,2021.2.3,Win32,59.26979611,,,,,0.226851908,-0.162962977,1,0,0,N,0,9,9,1,1,27_egg_carry_boy.jpg,N,canonical,mismatch,inanimate,,,,,,,,
,,,,,,,,,,,,,,,,,,16,40ChairPaintDad.mp4,,D06,001,2023-05-18_21h28.56.791,ASLTestBattery2,2021.2.3,Win32,59.26979611,,,,,-0.294444444,-0.173148176,1,0,0,Y,0,10,10,15,1,40_dad_paint_chair.jpg,N,reversed,mismatch,inanimate,,,,,,,,
,,,,,,,,,,,,,,,,,,1,26CookieCarryDad.mp4,,D06,001,2023-05-18_21h28.56.791,ASLTestBattery2,2021.2.3,Win32,59.26979611,,,,,0.261111111,-0.166666667,1,0,0,N,0,11,11,0,1,26_cookie_carry_dad.jpg,Y,reversed,match,inanimate,,,,,,,,
,,,,,,,,,,,,,,,,,,12,77DogEatBone.mp4,,D06,001,2023-05-18_21h28.56.791,ASLTestBattery2,2021.2.3,Win32,59.26979611,,,,,-0.282407379,-0.133333333,1,0,0,Y,0,12,12,11,1,77_dog_eat_bone.jpg,Y,canonical,match,inanimate,,,,,,,,
,,,,,,,,,,,,,,,,,,10,74TablePushTeacher.mp4,,D06,001,2023-05-18_21h28.56.791,ASLTestBattery2,2021.2.3,Win32,59.26979611,,,,,0.239814843,-0.15648151,1,0,0,N,0,13,13,9,1,74_table_push_teacher.jpg,Y,reversed,match,inanimate,,,,,,,,
,,,,,,,,,,,,,,,,,,18,87MomBiteCookie.mp4,,D06,001,2023-05-18_21h28.56.791,ASLTestBattery2,2021.2.3,Win32,59.26979611,,,,,0.251851908,-0.170370399,1,0,0,N,0,14,14,17,1,87_cookie_bite_woman.jpg,N,canonical,mismatch,inanimate,,,,,,,,
,,,,,,,,,,,,,,,,,,13,78GrassEatRabbit.mp4,,D06,001,2023-05-18_21h28.56.791,ASLTestBattery2,2021.2.3,Win32,59.26979611,,,,,0.312963019,-0.185185199,1,0,0,N,0,15,15,12,1,78_grass_eat_rabbit.jpg,Y,reversed,match,inanimate,,,,,,,,
,,,,,,,,,,,,,,,,,,19,89MomCarryOrange.mp4,,D06,001,2023-05-18_21h28.56.791,ASLTestBattery2,2021.2.3,Win32,59.26979611,,,,,-0.288888889,-0.166666667,1,0,0,Y,0,16,16,18,1,89_mom_carry_orange.jpg,Y,canonical,match,inanimate,,,,,,,,
,,,,,,,,,,,,,,,,,,8,72ChairPushGirl.mp4,,D06,001,2023-05-18_21h28.56.791,ASLTestBattery2,2021.2.3,Win32,59.26979611,,,,,-0.261111111,-0.180555556,1,0,0,Y,0,17,17,7,1,72_girl_push_chair.jpg,N,reversed,mismatch,inanimate,,,,,,,,
,,,,,,,,,,,,,,,,,,20,91SheepKickApple.mp4,,D06,001,2023-05-18_21h28.56.791,ASLTestBattery2,2021.2.3,Win32,59.26979611,,,,,0.232407464,-0.155555556,1,0,0,N,0,18,18,19,1,91_apple_kick_sheep.jpg,N,canonical,mismatch,inanimate,,,,,,,,
,,,,,,,,,,,,,,,,,,9,73ClownPushTV.mp4,,D06,001,2023-05-18_21h28.56.791,ASLTestBattery2,2021.2.3,Win32,59.26979611,,,,,0.221296353,-0.17129631,1,0,0,N,0,19,19,8,1,73_clown_push_tv.jpg,Y,canonical,match,inanimate,,,,,,,,
,,,,,,,,,,,,,,,,,,,,,D06,001,2023-05-18_21h28.56.791,ASLTestBattery2,2021.2.3,Win32,59.26979611,,,,,,,,,,,,,,,,,,,,,-0.349074046,-0.168518533,1,0,0,Yes,space,7.4073
