﻿key_resp_13.keys,key_resp_13.rt,key_resp_16.keys,key_resp_16.rt,key_resp_17.keys,key_resp_17.rt,mouse_5.x,mouse_5.y,mouse_5.leftButton,mouse_5.midButton,mouse_5.rightButton,typedWord,trials_4.thisRepN,trials_4.thisTrialN,trials_4.thisN,trials_4.thisIndex,trials_4.ran,index,videoFile,itemPrompt,participant,session,date,expName,psychopyVersion,OS,frameRate,key_resp_9.keys,key_resp_9.rt,key_resp_18.keys,key_resp_18.rt,resp.x,resp.y,resp.leftButton,resp.midButton,resp.rightButton,resp.clicked_name,MatchLoop.thisRepN,MatchLoop.thisTrialN,MatchLoop.thisN,MatchLoop.thisIndex,MatchLoop.ran,imageDrawn,corrAns,plausibility,match,animacy,mouse_4.x,mouse_4.y,mouse_4.leftButton,mouse_4.midButton,mouse_4.rightButton,mouse_4.clicked_name,key_resp_12.keys,key_resp_12.rt
space,21.9861,space,1.9671,space,0.9807,0.112083359,-0.144166718,0,0,0, pizza,0,0,0,8,1,9,FSPizza.mp4,,S04,001,03-01-2023_16h12.47.507,ASLTestBattery2,2021.2.3,Win32,60.0060006,,,,,,,,,,,,,,,,,,,,,,,,,,,,
,,,,,,0.112083359,-0.144166718,0,0,0,  ,0,1,1,7,1,8,FSIce.mp4,,S04,001,03-01-2023_16h12.47.507,ASLTestBattery2,2021.2.3,Win32,60.0060006,,,,,,,,,,,,,,,,,,,,,,,,,,,,
,,,,,,0.112083359,-0.144166718,0,0,0,asl,0,2,2,0,1,1,FSAlgebra.mp4,,S04,001,03-01-2023_16h12.47.507,ASLTestBattery2,2021.2.3,Win32,60.0060006,,,,,,,,,,,,,,,,,,,,,,,,,,,,
,,,,,,0.112083359,-0.144166718,0,0,0,vacae,0,3,3,4,1,5,FSFeet.mp4,,S04,001,03-01-2023_16h12.47.507,ASLTestBattery2,2021.2.3,Win32,60.0060006,,,,,,,,,,,,,,,,,,,,,,,,,,,,
,,,,,,0.112083359,-0.144166718,0,0,0,id,0,4,4,1,1,2,FSAndroid.mp4,,S04,001,03-01-2023_16h12.47.507,ASLTestBattery2,2021.2.3,Win32,60.0060006,,,,,,,,,,,,,,,,,,,,,,,,,,,,
,,,,,,0.112083359,-0.144166718,0,0,0,hall,0,5,5,6,1,7,FSHill.mp4,,S04,001,03-01-2023_16h12.47.507,ASLTestBattery2,2021.2.3,Win32,60.0060006,,,,,,,,,,,,,,,,,,,,,,,,,,,,
,,,,,,0.112083359,-0.144166718,0,0,0,valid,0,6,6,9,1,10,FSVanilla.mp4,,S04,001,03-01-2023_16h12.47.507,ASLTestBattery2,2021.2.3,Win32,60.0060006,,,,,,,,,,,,,,,,,,,,,,,,,,,,
,,,,,,0.112083359,-0.144166718,0,0,0,buy,0,7,7,2,1,3,FSBerry.mp4,,S04,001,03-01-2023_16h12.47.507,ASLTestBattery2,2021.2.3,Win32,60.0060006,,,,,,,,,,,,,,,,,,,,,,,,,,,,
,,,,,,0.112083359,-0.144166718,0,0,0,gass,0,8,8,5,1,6,FSGlass.mp4,,S04,001,03-01-2023_16h12.47.507,ASLTestBattery2,2021.2.3,Win32,60.0060006,,,,,,,,,,,,,,,,,,,,,,,,,,,,
,,,,,,0.179583359,-0.212916718,0,0,0,bus,0,9,9,3,1,4,FSBooks.mp4,,S04,001,03-01-2023_16h12.47.507,ASLTestBattery2,2021.2.3,Win32,60.0060006,,,,,,,,,,,,,,,,,,,,,,,,,,,,
,,,,space,0.9346,,,,,,,,,,,,6,32DoorKickCow.mp4,,S04,001,03-01-2023_16h12.47.507,ASLTestBattery2,2021.2.3,Win32,60.0060006,space,36.6726,space,7.8842,-0.133333282,-0.132083359,1,0,0,Y,0,0,0,5,1,32_cow_kick_door.jpg,N,reversed,mismatch,inanimate,,,,,,,,
,,,,,,,,,,,,,,,,,5,30ChairKickGirl.mp4,,S04,001,03-01-2023_16h12.47.507,ASLTestBattery2,2021.2.3,Win32,60.0060006,,,,,0.14375,-0.160833359,1,0,0,N,0,1,1,4,1,30_chair_kick_girl.jpg,Y,reversed,match,inanimate,,,,,,,,
,,,,,,,,,,,,,,,,,14,79GirlEatCandy.mp4,,S04,001,03-01-2023_16h12.47.507,ASLTestBattery2,2021.2.3,Win32,60.0060006,,,,,0.105416718,-0.185416718,1,0,0,N,0,2,2,13,1,79_candy_eat_girl.jpg,N,canonical,mismatch,inanimate,,,,,,,,
,,,,,,,,,,,,,,,,,20,91SheepKickApple.mp4,,S04,001,03-01-2023_16h12.47.507,ASLTestBattery2,2021.2.3,Win32,60.0060006,,,,,0.0875,-0.170416718,1,0,0,N,0,3,3,19,1,91_apple_kick_sheep.jpg,N,canonical,mismatch,inanimate,,,,,,,,
,,,,,,,,,,,,,,,,,11,76ChocolateEatBoy.mp4,,S04,001,03-01-2023_16h12.47.507,ASLTestBattery2,2021.2.3,Win32,60.0060006,,,,,-0.20125,-0.128333359,1,0,0,Y,0,4,4,10,1,76_boy_eat_chocolate.jpg,N,reversed,mismatch,inanimate,,,,,,,,
,,,,,,,,,,,,,,,,,1,26CookieCarryDad.mp4,,S04,001,03-01-2023_16h12.47.507,ASLTestBattery2,2021.2.3,Win32,60.0060006,,,,,-0.185833321,-0.164166718,1,0,0,Y,0,5,5,0,1,26_cookie_carry_dad.jpg,Y,reversed,match,inanimate,,,,,,,,
,,,,,,,,,,,,,,,,,8,72ChairPushGirl.mp4,,S04,001,03-01-2023_16h12.47.507,ASLTestBattery2,2021.2.3,Win32,60.0060006,,,,,-0.1275,-0.19375,1,0,0,Y,0,6,6,7,1,72_girl_push_chair.jpg,N,reversed,mismatch,inanimate,,,,,,,,
,,,,,,,,,,,,,,,,,12,77DogEatBone.mp4,,S04,001,03-01-2023_16h12.47.507,ASLTestBattery2,2021.2.3,Win32,60.0060006,,,,,-0.215833321,-0.145833359,1,0,0,Y,0,7,7,11,1,77_dog_eat_bone.jpg,Y,canonical,match,inanimate,,,,,,,,
,,,,,,,,,,,,,,,,,17,85BoyDrawTV.mp4,,S04,001,03-01-2023_16h12.47.507,ASLTestBattery2,2021.2.3,Win32,60.0060006,,,,,-0.14375,-0.1575,1,0,0,Y,0,8,8,16,1,85_boy_draw_tv.jpg,Y,canonical,match,inanimate,,,,,,,,
,,,,,,,,,,,,,,,,,16,40ChairPaintDad.mp4,,S04,001,03-01-2023_16h12.47.507,ASLTestBattery2,2021.2.3,Win32,60.0060006,,,,,0.125416718,-0.202916718,1,0,0,N,0,9,9,15,1,40_dad_paint_chair.jpg,N,reversed,mismatch,inanimate,,,,,,,,
,,,,,,,,,,,,,,,,,2,27BoyCarryEgg.mp4,,S04,001,03-01-2023_16h12.47.507,ASLTestBattery2,2021.2.3,Win32,60.0060006,,,,,0.125833359,-0.152916718,1,0,0,N,0,10,10,1,1,27_egg_carry_boy.jpg,N,canonical,mismatch,inanimate,,,,,,,,
,,,,,,,,,,,,,,,,,15,82EggDrawMom.mp4,,S04,001,03-01-2023_16h12.47.507,ASLTestBattery2,2021.2.3,Win32,60.0060006,,,,,-0.140416641,-0.123333359,1,0,0,Y,0,11,11,14,1,82_egg_draw_mom.jpg,Y,reversed,match,inanimate,,,,,,,,
,,,,,,,,,,,,,,,,,7,71ManPushTree.mp4,,S04,001,03-01-2023_16h12.47.507,ASLTestBattery2,2021.2.3,Win32,60.0060006,,,,,0.134166718,-0.165,1,0,0,N,0,12,12,6,1,71_tree_push_man.jpg,N,canonical,mismatch,inanimate,,,,,,,,
,,,,,,,,,,,,,,,,,19,89MomCarryOrange.mp4,,S04,001,03-01-2023_16h12.47.507,ASLTestBattery2,2021.2.3,Win32,60.0060006,,,,,-0.110833282,-0.165416718,1,0,0,Y,0,13,13,18,1,89_mom_carry_orange.jpg,Y,canonical,match,inanimate,,,,,,,,
,,,,,,,,,,,,,,,,,3,28AppleCarryClown.mp4,,S04,001,03-01-2023_16h12.47.507,ASLTestBattery2,2021.2.3,Win32,60.0060006,,,,,0.121666718,-0.135416679,1,0,0,N,0,14,14,2,1,28_clown_carry_apple.jpg,N,reversed,mismatch,inanimate,,,,,,,,
,,,,,,,,,,,,,,,,,9,73ClownPushTV.mp4,,S04,001,03-01-2023_16h12.47.507,ASLTestBattery2,2021.2.3,Win32,60.0060006,,,,,-0.280833321,-0.11,1,0,0,Y,0,15,15,8,1,73_clown_push_tv.jpg,Y,canonical,match,inanimate,,,,,,,,
,,,,,,,,,,,,,,,,,4,29DadKickTable.mp4,,S04,001,03-01-2023_16h12.47.507,ASLTestBattery2,2021.2.3,Win32,60.0060006,,,,,0.176666718,-0.162083359,1,0,0,N,0,16,16,3,1,29_dad_kick_table.jpg,Y,canonical,match,inanimate,,,,,,,,
,,,,,,,,,,,,,,,,,18,87MomBiteCookie.mp4,,S04,001,03-01-2023_16h12.47.507,ASLTestBattery2,2021.2.3,Win32,60.0060006,,,,,-0.1525,-0.20375,1,0,0,Y,0,17,17,17,1,87_cookie_bite_woman.jpg,N,canonical,mismatch,inanimate,,,,,,,,
,,,,,,,,,,,,,,,,,13,78GrassEatRabbit.mp4,,S04,001,03-01-2023_16h12.47.507,ASLTestBattery2,2021.2.3,Win32,60.0060006,,,,,-0.162916641,-0.155833359,1,0,0,Y,0,18,18,12,1,78_grass_eat_rabbit.jpg,Y,reversed,match,inanimate,,,,,,,,
,,,,,,,,,,,,,,,,,10,74TablePushTeacher.mp4,,S04,001,03-01-2023_16h12.47.507,ASLTestBattery2,2021.2.3,Win32,60.0060006,,,,,-0.350416641,-0.200833359,1,0,0,Y,0,19,19,9,1,74_table_push_teacher.jpg,Y,reversed,match,inanimate,,,,,,,,
,,,,,,,,,,,,,,,,,,,,S04,001,03-01-2023_16h12.47.507,ASLTestBattery2,2021.2.3,Win32,60.0060006,,,,,,,,,,,,,,,,,,,,,-0.147083282,-0.169166718,1,0,0,Yes,space,1.5997
