﻿key_resp_13.keys,key_resp_13.rt,key_resp_16.keys,key_resp_16.rt,key_resp_17.keys,key_resp_17.rt,mouse_5.x,mouse_5.y,mouse_5.leftButton,mouse_5.midButton,mouse_5.rightButton,mouse_5.clicked_name,typedWord,trials_4.thisRepN,trials_4.thisTrialN,trials_4.thisN,trials_4.thisIndex,trials_4.ran,index,videoFile,itemPrompt,participant,session,date,expName,psychopyVersion,OS,frameRate,key_resp_9.keys,key_resp_9.rt,key_resp_18.keys,key_resp_18.rt,resp.x,resp.y,resp.leftButton,resp.midButton,resp.rightButton,resp.clicked_name,MatchLoop.thisRepN,MatchLoop.thisTrialN,MatchLoop.thisN,MatchLoop.thisIndex,MatchLoop.ran,imageDrawn,corrAns,plausibility,match,animacy,mouse_4.x,mouse_4.y,mouse_4.leftButton,mouse_4.midButton,mouse_4.rightButton,mouse_4.clicked_name,key_resp_12.keys,key_resp_12.rt
space,3.3931,space,1.867,space,4.304,0.147834066,-0.152867025,1,0,0,Submit1, board,0,0,0,3,1,4,FSBooks.mp4,,S03,001,03-01-2023_21h07.41.509,ASLTestBattery2,2021.2.3,MacIntel,60.0024001,,,,,,,,,,,,,,,,,,,,,,,,,,,,
,,,,,,0.147834066,-0.152867025,1,0,0,Submit1,ice,0,1,1,7,1,8,FSIce.mp4,,S03,001,03-01-2023_21h07.41.509,ASLTestBattery2,2021.2.3,MacIntel,60.0024001,,,,,,,,,,,,,,,,,,,,,,,,,,,,
,,,,,,0.147834066,-0.152867025,1,0,0,Submit1,bay,0,2,2,2,1,3,FSBerry.mp4,,S03,001,03-01-2023_21h07.41.509,ASLTestBattery2,2021.2.3,MacIntel,60.0024001,,,,,,,,,,,,,,,,,,,,,,,,,,,,
,,,,,,0.147834066,-0.152867025,1,0,0,Submit1,pizza,0,3,3,8,1,9,FSPizza.mp4,,S03,001,03-01-2023_21h07.41.509,ASLTestBattery2,2021.2.3,MacIntel,60.0024001,,,,,,,,,,,,,,,,,,,,,,,,,,,,
,,,,,,0.147834066,-0.152867025,1,0,0,Submit1,loss,0,4,4,5,1,6,FSGlass.mp4,,S03,001,03-01-2023_21h07.41.509,ASLTestBattery2,2021.2.3,MacIntel,60.0024001,,,,,,,,,,,,,,,,,,,,,,,,,,,,
,,,,,,0.147834066,-0.152867025,1,0,0,Submit1,android,0,5,5,1,1,2,FSAndroid.mp4,,S03,001,03-01-2023_21h07.41.509,ASLTestBattery2,2021.2.3,MacIntel,60.0024001,,,,,,,,,,,,,,,,,,,,,,,,,,,,
,,,,,,0.147834066,-0.152867025,1,0,0,Submit1,vanilla,0,6,6,9,1,10,FSVanilla.mp4,,S03,001,03-01-2023_21h07.41.509,ASLTestBattery2,2021.2.3,MacIntel,60.0024001,,,,,,,,,,,,,,,,,,,,,,,,,,,,
,,,,,,0.147834066,-0.152867025,1,0,0,Submit1,feet,0,7,7,4,1,5,FSFeet.mp4,,S03,001,03-01-2023_21h07.41.509,ASLTestBattery2,2021.2.3,MacIntel,60.0024001,,,,,,,,,,,,,,,,,,,,,,,,,,,,
,,,,,,0.147834066,-0.152867025,1,0,0,Submit1,hill,0,8,8,6,1,7,FSHill.mp4,,S03,001,03-01-2023_21h07.41.509,ASLTestBattery2,2021.2.3,MacIntel,60.0024001,,,,,,,,,,,,,,,,,,,,,,,,,,,,
,,,,,,0.145046522,-0.153689711,1,0,0,Submit1,,0,9,9,0,1,1,FSAlgebra.mp4,,S03,001,03-01-2023_21h07.41.509,ASLTestBattery2,2021.2.3,MacIntel,60.0024001,,,,,,,,,,,,,,,,,,,,,,,,,,,,
,,,,space,1.5519,,,,,,,,,,,,,5,30ChairKickGirl.mp4,,S03,001,03-01-2023_21h07.41.509,ASLTestBattery2,2021.2.3,MacIntel,60.0024001,space,0.5007,space,3.8193,-0.292366536,-0.149830526,1,0,0,Y,0,0,0,4,1,30_chair_kick_girl.jpg,Y,reversed,match,inanimate,,,,,,,,
,,,,,,,,,,,,,,,,,,10,74TablePushTeacher.mp4,,S03,001,03-01-2023_21h07.41.509,ASLTestBattery2,2021.2.3,MacIntel,60.0024001,,,,,-0.108160265,-0.144385512,1,0,0,Y,0,1,1,9,1,74_table_push_teacher.jpg,Y,reversed,match,inanimate,,,,,,,,
,,,,,,,,,,,,,,,,,,20,91SheepKickApple.mp4,,S03,001,03-01-2023_21h07.41.509,ASLTestBattery2,2021.2.3,MacIntel,60.0024001,,,,,0.36142863,-0.140619371,1,0,0,N,0,2,2,19,1,91_apple_kick_sheep.jpg,N,canonical,mismatch,inanimate,,,,,,,,
,,,,,,,,,,,,,,,,,,6,32DoorKickCow.mp4,,S03,001,03-01-2023_21h07.41.509,ASLTestBattery2,2021.2.3,MacIntel,60.0024001,,,,,0.234183485,-0.14992079,1,0,0,N,0,3,3,5,1,32_cow_kick_door.jpg,N,reversed,mismatch,inanimate,,,,,,,,
,,,,,,,,,,,,,,,,,,13,78GrassEatRabbit.mp4,,S03,001,03-01-2023_21h07.41.509,ASLTestBattery2,2021.2.3,MacIntel,60.0024001,,,,,-0.12716824,-0.191653985,1,0,0,Y,0,4,4,12,1,78_grass_eat_rabbit.jpg,Y,reversed,match,inanimate,,,,,,,,
,,,,,,,,,,,,,,,,,,4,29DadKickTable.mp4,,S03,001,03-01-2023_21h07.41.509,ASLTestBattery2,2021.2.3,MacIntel,60.0024001,,,,,-0.135286323,-0.158146294,1,0,0,Y,0,5,5,3,1,29_dad_kick_table.jpg,Y,canonical,match,inanimate,,,,,,,,
,,,,,,,,,,,,,,,,,,18,87MomBiteCookie.mp4,,S03,001,03-01-2023_21h07.41.509,ASLTestBattery2,2021.2.3,MacIntel,60.0024001,,,,,0.204167684,-0.17785475,1,0,0,N,0,6,6,17,1,87_cookie_bite_woman.jpg,N,canonical,mismatch,inanimate,,,,,,,,
,,,,,,,,,,,,,,,,,,11,76ChocolateEatBoy.mp4,,S03,001,03-01-2023_21h07.41.509,ASLTestBattery2,2021.2.3,MacIntel,60.0024001,,,,,0.220990397,-0.154421658,1,0,0,N,0,7,7,10,1,76_boy_eat_chocolate.jpg,N,reversed,mismatch,inanimate,,,,,,,,
,,,,,,,,,,,,,,,,,,1,26CookieCarryDad.mp4,,S03,001,03-01-2023_21h07.41.509,ASLTestBattery2,2021.2.3,MacIntel,60.0024001,,,,,-0.105720486,-0.135446303,1,0,0,Y,0,8,8,0,1,26_cookie_carry_dad.jpg,Y,reversed,match,inanimate,,,,,,,,
,,,,,,,,,,,,,,,,,,9,73ClownPushTV.mp4,,S03,001,03-01-2023_21h07.41.509,ASLTestBattery2,2021.2.3,MacIntel,60.0024001,,,,,-0.167065633,-0.186320123,1,0,0,Y,0,9,9,8,1,73_clown_push_tv.jpg,Y,canonical,match,inanimate,,,,,,,,
,,,,,,,,,,,,,,,,,,19,89MomCarryOrange.mp4,,S03,001,03-01-2023_21h07.41.509,ASLTestBattery2,2021.2.3,MacIntel,60.0024001,,,,,-0.189857313,-0.175760973,1,0,0,Y,0,10,10,18,1,89_mom_carry_orange.jpg,Y,canonical,match,inanimate,,,,,,,,
,,,,,,,,,,,,,,,,,,7,71ManPushTree.mp4,,S03,001,03-01-2023_21h07.41.509,ASLTestBattery2,2021.2.3,MacIntel,60.0024001,,,,,0.153903605,-0.177220323,1,0,0,N,0,11,11,6,1,71_tree_push_man.jpg,N,canonical,mismatch,inanimate,,,,,,,,
,,,,,,,,,,,,,,,,,,17,85BoyDrawTV.mp4,,S03,001,03-01-2023_21h07.41.509,ASLTestBattery2,2021.2.3,MacIntel,60.0024001,,,,,-0.097136163,-0.174431356,1,0,0,Y,0,12,12,16,1,85_boy_draw_tv.jpg,Y,canonical,match,inanimate,,,,,,,,
,,,,,,,,,,,,,,,,,,2,27BoyCarryEgg.mp4,,S03,001,03-01-2023_21h07.41.509,ASLTestBattery2,2021.2.3,MacIntel,60.0024001,,,,,0.228008016,-0.194747721,1,0,0,N,0,13,13,1,1,27_egg_carry_boy.jpg,N,canonical,mismatch,inanimate,,,,,,,,
,,,,,,,,,,,,,,,,,,12,77DogEatBone.mp4,,S03,001,03-01-2023_21h07.41.509,ASLTestBattery2,2021.2.3,MacIntel,60.0024001,,,,,-0.179509549,-0.180699056,1,0,0,Y,0,14,14,11,1,77_dog_eat_bone.jpg,Y,canonical,match,inanimate,,,,,,,,
,,,,,,,,,,,,,,,,,,14,79GirlEatCandy.mp4,,S03,001,03-01-2023_21h07.41.509,ASLTestBattery2,2021.2.3,MacIntel,60.0024001,,,,,0.199983046,-0.187736681,1,0,0,N,0,15,15,13,1,79_candy_eat_girl.jpg,N,canonical,mismatch,inanimate,,,,,,,,
,,,,,,,,,,,,,,,,,,8,72ChairPushGirl.mp4,,S03,001,03-01-2023_21h07.41.509,ASLTestBattery2,2021.2.3,MacIntel,60.0024001,,,,,0.161416423,-0.2229383,1,0,0,N,0,16,16,7,1,72_girl_push_chair.jpg,N,reversed,mismatch,inanimate,,,,,,,,
,,,,,,,,,,,,,,,,,,16,40ChairPaintDad.mp4,,S03,001,03-01-2023_21h07.41.509,ASLTestBattery2,2021.2.3,MacIntel,60.0024001,,,,,0.245162286,-0.222715522,1,0,0,N,0,17,17,15,1,40_dad_paint_chair.jpg,N,reversed,mismatch,inanimate,,,,,,,,
,,,,,,,,,,,,,,,,,,3,28AppleCarryClown.mp4,,S03,001,03-01-2023_21h07.41.509,ASLTestBattery2,2021.2.3,MacIntel,60.0024001,,,,,0.230340034,-0.179077081,1,0,0,N,0,18,18,2,1,28_clown_carry_apple.jpg,N,reversed,mismatch,inanimate,,,,,,,,
,,,,,,,,,,,,,,,,,,15,82EggDrawMom.mp4,,S03,001,03-01-2023_21h07.41.509,ASLTestBattery2,2021.2.3,MacIntel,60.0024001,,,,,-0.132282308,-0.201673381,1,0,0,Y,0,19,19,14,1,82_egg_draw_mom.jpg,Y,reversed,match,inanimate,,,,,,,,
,,,,,,,,,,,,,,,,,,,,,S03,001,03-01-2023_21h07.41.509,ASLTestBattery2,2021.2.3,MacIntel,60.0024001,,,,,,,,,,,,,,,,,,,,,-0.214138997,-0.135089518,1,0,0,Yes,space,2.2501
