﻿key_resp_15.keys,key_resp_15.rt,key_resp_4.keys,key_resp_4.rt,key_resp_17.keys,key_resp_17.rt,key_resp_2.keys,key_resp_2.rt,typedWord,mouse.x,mouse.y,mouse.leftButton,mouse.midButton,mouse.rightButton,mouse.clicked_name,trials.thisRepN,trials.thisTrialN,trials.thisN,trials.thisIndex,trials.ran,index,itemText,videoFile,itemPrompt,participant,session,date,expName,psychopyVersion,OS,frameRate,key_resp.keys,key_resp.rt,key_resp_3.keys,key_resp_3.rt,key_resp_5.keys,key_resp_5.rt,key_resp_7.keys,key_resp_7.rt,mouse_2.x,mouse_2.y,mouse_2.leftButton,mouse_2.midButton,mouse_2.rightButton,mouse_2.time,mouse_2.clicked_name,key_resp_8.keys,key_resp_8.rt,trials_2.thisRepN,trials_2.thisTrialN,trials_2.thisN,trials_2.thisIndex,trials_2.ran,imageFile,corrAns,mouse_4.x,mouse_4.y,mouse_4.leftButton,mouse_4.midButton,mouse_4.rightButton,mouse_4.clicked_name,key_resp_12.keys,key_resp_12.rt
space,17.0518,space,25.864,space,1.9364,space,4.9393, her sister,-0.161413167,-0.137707994,1,0,0,Submit,0,0,0,0,1,1,"The next 2 sections are parts of a story told by Missy Keast. 
After each section you will be asked questions. 
Respond as best as you can. 
Press the space bar to continue.",MakingNoisePart1small.mp4,"Who did Missy go to the mall with? Please type your response below. If you are not sure, make your best guess.",Samantha Adornetto,001,03-01-2023_15h12.03.349,ASLTestBattery1,2021.2.3,MacIntel,60.0024001,,,,,,,,,,,,,,,,,,,,,,,,,,,,,,,,
,,,,,,space,0.9299, This title was chosen because its about the noise you make when you go to the bathroom. It was about her experience and the first time she learned that. ,-0.197806396,-0.164695231,1,0,0,Submit,0,1,1,1,1,2,Press spacebar to continue,MakingNoisePart2small.mp4,"The title of this short story is - Making Noise. In 1-2 sentences, please explain why this title was chosen below. If you are not sure, make your best guess.",Samantha Adornetto,001,03-01-2023_15h12.03.349,ASLTestBattery1,2021.2.3,MacIntel,60.0024001,,,,,,,,,,,,,,,,,,,,,,,,,,,,,,,,
,,,,,,space,3.9198, He is an ASL teacher,-0.234369473,-0.173172336,1,0,0,Submit,0,2,2,2,1,3,"The next few clips are parts of an interview conducted by Joel Barish and Jamil Haque. 
After each section you will be asked questions. 
Respond as best as you can. 
Press the space bar to continue.",DNInterviewBornInNYsmall.mp4,"What is Jamil's job? Please type your response below. If you are not sure, make your best guess.",Samantha Adornetto,001,03-01-2023_15h12.03.349,ASLTestBattery1,2021.2.3,MacIntel,60.0024001,,,,,,,,,,,,,,,,,,,,,,,,,,,,,,,,
,,,,,,space,1.4468, Born in India Bangladesh,-0.335557963,-0.152382406,1,0,0,Submit,0,3,3,3,1,4,Press spacebar to continue,DNInterviewSignForBangladeshsmall.mp4,"Where was Jamil born? Please type your response below. If you are not sure, make your best guess.",Samantha Adornetto,001,03-01-2023_15h12.03.349,ASLTestBattery1,2021.2.3,MacIntel,60.0024001,,,,,,,,,,,,,,,,,,,,,,,,,,,,,,,,
,,,,,,space,3.417, Australia,-0.211229723,-0.164431763,1,0,0,Submit,0,4,4,4,1,5,"The next few clips are parts of an interview conducted by Melissa Keomoungkhoun, Amanda Kline, & Jenny Cooper. 
After each section you will be asked questions.
Respond as best as you can.
Press spacebar to continue.",SweetsAndDrinksPart1.mp4,Where was Melissa Born?,Samantha Adornetto,001,03-01-2023_15h12.03.349,ASLTestBattery1,2021.2.3,MacIntel,60.0024001,,,,,,,,,,,,,,,,,,,,,,,,,,,,,,,,
,,,,,,space,0.8508, not sure of name,-0.23737915,-0.171565009,1,0,0,Submit,0,5,5,5,1,6,Press spacebar to continue,SweetsAndDrinksPart2.mp4,What kind of cookie was shown in the video?,Samantha Adornetto,001,03-01-2023_15h12.03.349,ASLTestBattery1,2021.2.3,MacIntel,60.0024001,,,,,,,,,,,,,,,,,,,,,,,,,,,,,,,,
,,,,,,,,,,,,,,,,,,,,1,,3PonyCakeBirthdaysmall.mp4,,Samantha Adornetto,001,03-01-2023_15h12.03.349,ASLTestBattery1,2021.2.3,MacIntel,60.0024001,space,4.3839,space,7.5813,space,4.5151,space,9.6027,"[-0.7279222615559896,-0.07481621636284722,-0.7183518473307292]","[0.24958543565538194,0.131932373046875,-0.23256395128038193]","[1,1,1]","[0,0,0]","[0,0,0]","[4.214299999952345,5.681399999976065,7.197100000023738]","[""dog"",""store"",""balloon""]",space,1.0651,0,0,0,0,1,ASLCompStim1.jpg,,,,,,,,,
,,,,,,,,,,,,,,,,,,,,6,,3BlackFoodBirthdaysmall.mp4,,Samantha Adornetto,001,03-01-2023_15h12.03.349,ASLTestBattery1,2021.2.3,MacIntel,60.0024001,,,,,,,space,21.8185,"[0.7349947102864584,-0.021347452799479166,-0.698014899359809]","[0.28522793240017363,-0.27964925130208335,-0.3046805148654514]","[1,1,1]","[0,0,0]","[0,0,0]","[8.763899999976047,19.946399999975938,21.196600000023636]","[""flower"",""PO"",""balloon""]",space,6.8209,0,1,1,5,1,ASLCompStim6.jpg,,,,,,,,,
,,,,,,,,,,,,,,,,,,,,2,,3BlackBlueBirthdaysmall.mp4,,Samantha Adornetto,001,03-01-2023_15h12.03.349,ASLTestBattery1,2021.2.3,MacIntel,60.0024001,,,,,,,space,5.8408,"[0.72102783203125,-0.7290052964952257,-0.7268376837836371]","[0.24979588826497395,0.2688653225368924,-0.24025851779513888]","[1,1,1]","[0,0,0]","[0,0,0]","[2.4671000000239474,4.150399999976344,5.051100000024007]","[""flower"",""dog"",""balloon""]",space,0.7525,0,2,2,1,1,ASLCompStim2.jpg,,,,,,,,,
,,,,,,,,,,,,,,,,,,,,3,,3BaldBirthdayHospitalsmall.mp4,,Samantha Adornetto,001,03-01-2023_15h12.03.349,ASLTestBattery1,2021.2.3,MacIntel,60.0024001,,,,,,,space,4.5385,"[0.2649428982204861,-0.7092318047417535,0.5237828233506945]","[-0.13640719943576388,-0.3066702609592014,-0.20393310546875]","[1,1,1]","[0,0,0]","[0,0,0]","[1.7216000000239546,2.6367000000477674,3.8544999999999163]","[""bike"",""balloon"",""hospital""]",space,0.6822,0,3,3,2,1,ASLCompStim3.jpg,,,,,,,,,
,,,,,,,,,,,,,,,,,,,,5,,3PonySnackBikesmall.mp4,,Samantha Adornetto,001,03-01-2023_15h12.03.349,ASLTestBattery1,2021.2.3,MacIntel,60.0024001,,,,,,,space,5.5837,"[-0.23786376953125,0.05279527452256944,0.24926310221354167]","[-0.08065056694878472,0.08460550944010417,-0.06858072916666667]","[1,1,1]","[0,0,0]","[0,0,0]","[4.049299999952382,4.5650999999045325,5.0815000000000055]","[""purse"",""store"",""bike""]",space,1.8381,0,4,4,4,1,ASLCompStim5.jpg,,,,,,,,,
,,,,,,,,,,,,,,,,,,,,4,,3BlondHospitalFoodsmall.mp4,,Samantha Adornetto,001,03-01-2023_15h12.03.349,ASLTestBattery1,2021.2.3,MacIntel,60.0024001,,,,,,,space,4.6047,"[-0.24320583767361112,0.51991455078125,0.058428005642361114]","[-0.10437893337673611,-0.222283935546875,0.12246161566840277]","[1,1,1]","[0,0,0]","[0,0,0]","[1.9841000000237727,2.767100000023902,3.8171000000238564]","[""purse"",""hospital"",""store""]",space,1.0885,0,5,5,3,1,ASLCompStim4.jpg,,,,,,,,,
,,,,,,,,,,,,,,,,,,,,,,,,Samantha Adornetto,001,03-01-2023_15h12.03.349,ASLTestBattery1,2021.2.3,MacIntel,60.0024001,,,,,,,,,,,,,,,,,,,,,,,,,-0.245948758,-0.105275811,1,0,0,Yes,space,1.4618
