typedWord,itemPrompt,imageFile,mouse_2.clicked_name,typedWord2,videoFile,matchResponse,imageDrawn,matchCorrAns,CorrRespST,CorrRespMaze,MatchCorrect
 Sister in law,"Who did Missy go to the mall with? Please type your response below. If you are not sure, make your best guess.",ASLCompStim2.jpg,"[""flower"",""dog"",""balloon"",""flower"",""flower"",""flower"",""flower""]", glass,FSGlass.mp4,Y,87_cookie_bite_woman.jpg,Y,brother and wife (sister in law),"[""flower"",""dog"",""balloon""]",1
 This short story is entitled Making Noise because the deaf woman telling the story finds out that hearing folks in neighboring stalls can hear her while she relieves herself in the restroom. Her sister in law told her that she could hear her urinating...as loud as Niagra Falls.,"The title of this short story is - Making Noise. In 1-2 sentences, please explain why this title was chosen below. If you are not sure, make your best guess.",ASLCompStim1.jpg,"[""dog"",""store"",""balloon""]",android,FSAndroid.mp4,N,71_tree_push_man.jpg,N,using the restroom makes noise,"[""purse"",""store"",""balloon""]",1
 ASL Teacher,"What is Jamil's job? Please type your response below. If you are not sure, make your best guess.",ASLCompStim6.jpg,"[""flower"",""store"",""balloon""]",algebra,FSAlgebra.mp4,Y,91_apple_kick_sheep.jpg,Y,ASL instructor,"[""flower"",""store"",""balloon""]",1
Bangladesh,"Where was Jamil born? Please type your response below. If you are not sure, make your best guess.",ASLCompStim5.jpg,"[""dog"",""store"",""bike""]",books,FSBooks.mp4,N,79_candy_eat_girl.jpg,N,Bangladesh,"[""dog"",""store"",""bike""]",1
 Australia,Where was Melissa Born?,ASLCompStim3.jpg,"[""dog"",""balloon"",""hospital""]",pizza,FSPizza.mp4,N,40_dad_paint_chair.jpg,Y,Australia,"[""bike"",""balloon"",""hospital""]",0
 Date swirl cookiel,What kind of cookie was shown in the video?,ASLCompStim4.jpg,"[""purse"",""hospital"",""store""]",vanilla,FSVanilla.mp4,N,74_table_push_teacher.jpg,N,Date cookie,"[""purse"",""hospital"",""store""]",1
,,,,ice,FSIce.mp4,N,77_dog_eat_bone.jpg,N,,,1
,,,,berry,FSBerry.mp4,N,32_cow_kick_door.jpg,N,,,1
,,,,hill,FSHill.mp4,Y,26_cookie_carry_dad.jpg,Y,,,1
,,,,feet,FSFeet.mp4,N,27_egg_carry_boy.jpg,N,,,1
,,,,,,Y,29_dad_kick_table.jpg,Y,,,1
,,,,,,N,85_boy_draw_tv.jpg,N,,,1
,,,,,,Y,30_chair_kick_girl.jpg,Y,,,1
,,,,,,Y,28_clown_carry_apple.jpg,Y,,,1
,,,,,,Y,89_mom_carry_orange.jpg,Y,,,1
,,,,,,Y,78_grass_eat_rabbit.jpg,Y,,,1
,,,,,,N,82_egg_draw_mom.jpg,N,,,1
,,,,,,N,76_boy_eat_chocolate.jpg,N,,,1
,,,,,,Y,72_girl_push_chair.jpg,Y,,,1
,,,,,,N,73_clown_push_tv.jpg,N,,,1
