typedWord,STSCorrect,itemPrompt,imageFile,mouse_2.clicked_name,typedWord2,videoFile,FSCorrect,matchResponse,imageDrawn,matchCorrAns,CorrRespST,CorrRespMaze,MazeScore,MatchCorrect,MatchScore,STScore,MazeScore,FSScore,ASLCT
 brother and brothers wife,1,"Who did Missy go to the mall with? Please type your response below. If you are not sure, make your best guess.",ASLCompStim1.jpg,"[""dog"",""store"",""balloon""]", berry,FSBerry.mp4,1,Y,87_cookie_bite_woman.jpg,Y,brother and wife (sister in law),"[""purse"",""store"",""balloon""]",4,1,20,6,33,10,19
 The person signing was not aware of the noises she made while going to the bathroom. Once awarecomma she reflected on all the time she spent going to the bathroom at her college ASU.,1,"The title of this short story is - Making Noise. In 1-2 sentences, please explain why this title was chosen below. If you are not sure, make your best guess.",ASLCompStim4.jpg,"[""purse"",""hospital"",""store""]",vanilla,FSVanilla.mp4,1,N,71_tree_push_man.jpg,N,using the restroom makes noise,"[""purse"",""hospital"",""store""]",6,1,,,,,
 Teaches ASL,1,"What is Jamil's job? Please type your response below. If you are not sure, make your best guess.",ASLCompStim6.jpg,"[""flower"",""PO"",""store"",""balloon""]",algebra,FSAlgebra.mp4,1,Y,91_apple_kick_sheep.jpg,Y,ASL instructor,"[""flower"",""store"",""balloon""]",5,1,,,,,
 Bangladesh,1,"Where was Jamil born? Please type your response below. If you are not sure, make your best guess.",ASLCompStim5.jpg,"[""dog"",""store"",""bike""]",hill,FSHill.mp4,1,Y,79_candy_eat_girl.jpg,Y,Bangladesh,"[""dog"",""store"",""bike""]",6,1,,,,,
 Australia,1,Where was Melissa Born?,ASLCompStim2.jpg,"[""flower"",""dog"",""balloon""]",feet,FSFeet.mp4,1,N,40_dad_paint_chair.jpg,N,Australia,"[""flower"",""dog"",""balloon""]",6,1,,,,,
 date swirl cookie,1,What kind of cookie was shown in the video?,ASLCompStim3.jpg,"[""bike"",""balloon"",""hospital""]",books,FSBooks.mp4,1,N,74_table_push_teacher.jpg,N,Date cookie,"[""bike"",""balloon"",""hospital""]",6,1,,,,,
,,,,,pizza,FSPizza.mp4,1,N,77_dog_eat_bone.jpg,N,,,,1,,,,,
,,,,,android,FSAndroid.mp4,1,N,32_cow_kick_door.jpg,N,,,,1,,,,,
,,,,,ice,FSIce.mp4,1,Y,26_cookie_carry_dad.jpg,Y,,,,1,,,,,
,,,,,glass,FSGlass.mp4,1,Y,27_egg_carry_boy.jpg,Y,,,,1,,,,,
,,,,,,,,N,29_dad_kick_table.jpg,N,,,,1,,,,,
,,,,,,,,Y,85_boy_draw_tv.jpg,Y,,,,1,,,,,
,,,,,,,,N,30_chair_kick_girl.jpg,N,,,,1,,,,,
,,,,,,,,Y,28_clown_carry_apple.jpg,Y,,,,1,,,,,
,,,,,,,,Y,89_mom_carry_orange.jpg,Y,,,,1,,,,,
,,,,,,,,N,78_grass_eat_rabbit.jpg,N,,,,1,,,,,
,,,,,,,,N,82_egg_draw_mom.jpg,N,,,,1,,,,,
,,,,,,,,Y,76_boy_eat_chocolate.jpg,Y,,,,1,,,,,
,,,,,,,,N,72_girl_push_chair.jpg,N,,,,1,,,,,
,,,,,,,,Y,73_clown_push_tv.jpg,Y,,,,1,,,,,
