typedWord,STScore,itemPrompt,imageFile,mouse_2.clicked_name,typedWord2,videoFile,FSCorrect,matchResponse,imageDrawn,matchCorrAns,CorrRespST,CorrRespMaze,MazeScore,MatchCorrect,MatchScore,STScore,MazeScore,FSScore,ASLCT
 ,0,"Who did Missy go to the mall with? Please type your response below. If you are not sure, make your best guess.",ASLCompStim6.jpg,"[""flower"",""store"",""balloon""]", ski,FSIce.mp4,0,Y,87_cookie_bite_woman.jpg,Y,brother and wife (sister in law),"[""flower"",""store"",""balloon""]",6,1,18,4,34,9,
 ,0,"The title of this short story is - Making Noise. In 1-2 sentences, please explain why this title was chosen below. If you are not sure, make your best guess.",ASLCompStim2.jpg,"[""flower"",""dog"",""balloon""]",algebra,FSAlgebra.mp4,1,Y,71_tree_push_man.jpg,N,using the restroom makes noise,"[""flower"",""dog"",""balloon""]",6,0,,,,,
 Teaches ASL,1,"What is Jamil's job? Please type your response below. If you are not sure, make your best guess.",ASLCompStim4.jpg,"[""flower"",""hospital"",""store""]",books,FSBooks.mp4,1,N,91_apple_kick_sheep.jpg,N,ASL instructor,"[""purse"",""hospital"",""store""]",4,1,,,,,
 Bangledash,1,"Where was Jamil born? Please type your response below. If you are not sure, make your best guess.",ASLCompStim5.jpg,"[""dog"",""store"",""bike""]",android,FSAndroid.mp4,1,Y,79_candy_eat_girl.jpg,Y,Bangladesh,"[""dog"",""store"",""bike""]",6,1,,,,,
 Australia,1,Where was Melissa Born?,ASLCompStim1.jpg,"[""purse"",""store"",""balloon""]",hill,FSHill.mp4,1,Y,40_dad_paint_chair.jpg,N,Australia,"[""purse"",""store"",""balloon""]",6,0,,,,,
 Danish swirl,1,What kind of cookie was shown in the video?,ASLCompStim3.jpg,"[""bike"",""balloon"",""hospital""]",feet,FSFeet.mp4,1,Y,74_table_push_teacher.jpg,Y,Date cookie,"[""bike"",""balloon"",""hospital""]",6,1,,,,,
,,,,,pizza,FSPizza.mp4,1,Y,77_dog_eat_bone.jpg,Y,,,,1,,,,,
,,,,,glass,FSGlass.mp4,1,N,32_cow_kick_door.jpg,N,,,,1,,,,,
,,,,,vanilla,FSVanilla.mp4,1,N,26_cookie_carry_dad.jpg,N,,,,1,,,,,
,,,,,berry,FSBerry.mp4,1,N,27_egg_carry_boy.jpg,N,,,,1,,,,,
,,,,,,,,Y,29_dad_kick_table.jpg,Y,,,,1,,,,,
,,,,,,,,Y,85_boy_draw_tv.jpg,Y,,,,1,,,,,
,,,,,,,,Y,30_chair_kick_girl.jpg,Y,,,,1,,,,,
,,,,,,,,N,28_clown_carry_apple.jpg,N,,,,1,,,,,
,,,,,,,,Y,89_mom_carry_orange.jpg,Y,,,,1,,,,,
,,,,,,,,N,78_grass_eat_rabbit.jpg,N,,,,1,,,,,
,,,,,,,,Y,82_egg_draw_mom.jpg,Y,,,,1,,,,,
,,,,,,,,N,76_boy_eat_chocolate.jpg,N,,,,1,,,,,
,,,,,,,,Y,72_girl_push_chair.jpg,Y,,,,1,,,,,
,,,,,,,,N,73_clown_push_tv.jpg,N,,,,1,,,,,
