typedWord,STScore,itemPrompt,imageFile,mouse_2.clicked_name,typedWord2,videoFile,FSCorrect,matchResponse,imageDrawn,matchCorrAns,CorrRespST,CorrRespMaze,MazeScore,MatchCorrect,MatchScore,STScore,MazeScore,FSScore,ASLCT
 linda her sister in law,1,"Who did Missy go to the mall with? Please type your response below. If you are not sure, make your best guess.",ASLCompStim1.jpg,"[""purse"",""store"",""balloon""]", android,FSAndroid.mp4,1,Y,87_cookie_bite_woman.jpg,N,brother and wife (sister in law),"[""purse"",""store"",""balloon""]",6,0,11,6,36,10,27
 because she did not know that when she urinated that it made a sound. So she learned that she was making noise even when she did not want to. ,1,"The title of this short story is - Making Noise. In 1-2 sentences, please explain why this title was chosen below. If you are not sure, make your best guess.",ASLCompStim3.jpg,"[""bike"",""balloon"",""hospital""]",ice,FSIce.mp4,1,Y,71_tree_push_man.jpg,Y,using the restroom makes noise,"[""bike"",""balloon"",""hospital""]",6,1,,,,,
 ASL teacher,1,"What is Jamil's job? Please type your response below. If you are not sure, make your best guess.",ASLCompStim4.jpg,"[""purse"",""hospital"",""store""]",hill,FSHill.mp4,1,N,91_apple_kick_sheep.jpg,N,ASL instructor,"[""purse"",""hospital"",""store""]",6,1,,,,,
 bangladesh,1,"Where was Jamil born? Please type your response below. If you are not sure, make your best guess.",ASLCompStim5.jpg,"[""dog"",""store"",""bike""]",pizza,FSPizza.mp4,1,N,79_candy_eat_girl.jpg,N,Bangladesh,"[""dog"",""store"",""bike""]",6,1,,,,,
 Australia,1,Where was Melissa Born?,ASLCompStim2.jpg,"[""flower"",""dog"",""balloon""]",glass,FSGlass.mp4,1,Y,40_dad_paint_chair.jpg,Y,Australia,"[""flower"",""dog"",""balloon""]",6,1,,,,,
 Date swirl,1,What kind of cookie was shown in the video?,ASLCompStim6.jpg,"[""flower"",""store"",""balloon""]",algebra,FSAlgebra.mp4,1,Y,74_table_push_teacher.jpg,N,Date cookie,"[""flower"",""store"",""balloon""]",6,0,,,,,
,,,,,berry,FSBerry.mp4,1,Y,77_dog_eat_bone.jpg,N,,,,0,,,,,
,,,,,vanilla,FSVanilla.mp4,1,N,32_cow_kick_door.jpg,Y,,,,0,,,,,
,,,,,books,FSBooks.mp4,1,N,26_cookie_carry_dad.jpg,N,,,,1,,,,,
,,,,,feet,FSFeet.mp4,1,Y,27_egg_carry_boy.jpg,Y,,,,1,,,,,
,,,,,,,,Y,29_dad_kick_table.jpg,N,,,,0,,,,,
,,,,,,,,N,85_boy_draw_tv.jpg,Y,,,,0,,,,,
,,,,,,,,Y,30_chair_kick_girl.jpg,Y,,,,1,,,,,
,,,,,,,,Y,28_clown_carry_apple.jpg,Y,,,,1,,,,,
,,,,,,,,Y,89_mom_carry_orange.jpg,Y,,,,1,,,,,
,,,,,,,,Y,78_grass_eat_rabbit.jpg,N,,,,0,,,,,
,,,,,,,,Y,82_egg_draw_mom.jpg,Y,,,,1,,,,,
,,,,,,,,Y,76_boy_eat_chocolate.jpg,N,,,,0,,,,,
,,,,,,,,N,72_girl_push_chair.jpg,N,,,,1,,,,,
,,,,,,,,N,73_clown_push_tv.jpg,Y,,,,0,,,,,
