typedWord,STScore,itemPrompt,imageFile,mouse_2.clicked_name,typedWord2,videoFile,FSCorrect,matchResponse,imageDrawn,matchCorrAns,CorrRespST,CorrRespMaze,MazeScore,MatchCorrect,MatchScore,STScore,MazeScore,FSScore,ASLCT
 Sister in law Linda,1,"Who did Missy go to the mall with? Please type your response below. If you are not sure, make your best guess.",ASLCompStim2.jpg,"[""flower"",""dog"",""balloon""]", feet,FSFeet.mp4,1,Y,87_cookie_bite_woman.jpg,Y,brother and wife (sister in law),"[""flower"",""dog"",""balloon""]",6,1,19,6,34,10,21
 Hearing people can hear everything in the bathroom while Deaf can not. The signer made so much noise while going to the bathroom that it sounded like Niagra Falls.,1,"The title of this short story is - Making Noise. In 1-2 sentences, please explain why this title was chosen below. If you are not sure, make your best guess.",ASLCompStim6.jpg,"[""flower"",""store"",""balloon""]",android,FSAndroid.mp4,1,Y,71_tree_push_man.jpg,Y,using the restroom makes noise,"[""flower"",""store"",""balloon""]",6,1,,,,,
 He has been teaching ASl for 2 years but also works for another company.,1,"What is Jamil's job? Please type your response below. If you are not sure, make your best guess.",ASLCompStim4.jpg,"[""purse"",""hospital"",""store""]",ice,FSIce.mp4,1,N,91_apple_kick_sheep.jpg,N,ASL instructor,"[""purse"",""hospital"",""store""]",6,1,,,,,
 Bangladesh,1,"Where was Jamil born? Please type your response below. If you are not sure, make your best guess.",ASLCompStim3.jpg,"[""bike"",""balloon"",""hospital""]",pizza,FSPizza.mp4,1,N,79_candy_eat_girl.jpg,N,Bangladesh,"[""bike"",""balloon"",""hospital""]",6,1,,,,,
 Australia,1,Where was Melissa Born?,ASLCompStim5.jpg,"[""dog"",""store"",""bike""]",algebra,FSAlgebra.mp4,1,N,40_dad_paint_chair.jpg,N,Australia,"[""dog"",""store"",""bike""]",6,1,,,,,
 Date swirl cookie,1,What kind of cookie was shown in the video?,ASLCompStim1.jpg,"[""dog"",""store"",""balloon""]",vanilla,FSVanilla.mp4,1,Y,74_table_push_teacher.jpg,Y,Date cookie,"[""purse"",""store"",""balloon""]",4,1,,,,,
,,,,,glass,FSGlass.mp4,1,Y,77_dog_eat_bone.jpg,Y,,,,1,,,,,
,,,,,hill,FSHill.mp4,1,Y,32_cow_kick_door.jpg,Y,,,,1,,,,,
,,,,,books,FSBooks.mp4,1,N,26_cookie_carry_dad.jpg,N,,,,1,,,,,
,,,,,berry,FSBerry.mp4,1,N,27_egg_carry_boy.jpg,N,,,,1,,,,,
,,,,,,,,N,29_dad_kick_table.jpg,N,,,,1,,,,,
,,,,,,,,Y,85_boy_draw_tv.jpg,Y,,,,1,,,,,
,,,,,,,,Y,30_chair_kick_girl.jpg,Y,,,,1,,,,,
,,,,,,,,Y,28_clown_carry_apple.jpg,Y,,,,1,,,,,
,,,,,,,,Y,89_mom_carry_orange.jpg,N,,,,0,,,,,
,,,,,,,,Y,78_grass_eat_rabbit.jpg,Y,,,,1,,,,,
,,,,,,,,N,82_egg_draw_mom.jpg,N,,,,1,,,,,
,,,,,,,,N,76_boy_eat_chocolate.jpg,N,,,,1,,,,,
,,,,,,,,Y,72_girl_push_chair.jpg,Y,,,,1,,,,,
,,,,,,,,N,73_clown_push_tv.jpg,N,,,,1,,,,,
