typedWord,STScore,itemPrompt,imageFile,mouse_2.clicked_name,typedWord2,videoFile,FSCorrect,matchResponse,imageDrawn,matchCorrAns,CorrRespST,CorrRespMaze,MazeScore,MatchCorrect,MatchScore,STScore,MazeScore,FSScore,ASLCT
 brother and his wife,1,"Who did Missy go to the mall with? Please type your response below. If you are not sure, make your best guess.",ASLCompStim4.jpg,"[""purse"",""store"",""PO""]", ice,FSIce.mp4,1,Y,87_cookie_bite_woman.jpg,Y,brother and wife (sister in law),"[""purse"",""hospital"",""store""]",3,1,20,5,19,9,16
 her sister in law told her when she pees it is like hearing niagara falls,1,"The title of this short story is - Making Noise. In 1-2 sentences, please explain why this title was chosen below. If you are not sure, make your best guess.",ASLCompStim5.jpg,"[""purse"",""bike"",""store""]",pizza,FSPizza.mp4,1,N,71_tree_push_man.jpg,N,using the restroom makes noise,"[""dog"",""store"",""bike""]",2,1,,,,,
 he is a ASL teacher,1,"What is Jamil's job? Please type your response below. If you are not sure, make your best guess.",ASLCompStim3.jpg,"[""bike"",""balloon"",""hospital""]",algebra,FSAlgebra.mp4,1,Y,91_apple_kick_sheep.jpg,Y,ASL instructor,"[""bike"",""balloon"",""hospital""]",6,1,,,,,
 Bangladesh,1,"Where was Jamil born? Please type your response below. If you are not sure, make your best guess.",ASLCompStim2.jpg,"[""purse"",""dog"",""flower""]",vanilla,FSVanilla.mp4,1,Y,79_candy_eat_girl.jpg,Y,Bangladesh,"[""flower"",""dog"",""balloon""]",2,1,,,,,
 Australia,1,Where was Melissa Born?,ASLCompStim6.jpg,"[""purse"",""PO"",""balloon""]",books,FSBooks.mp4,1,N,40_dad_paint_chair.jpg,N,Australia,"[""flower"",""store"",""balloon""]",2,1,,,,,
 not sure,0,What kind of cookie was shown in the video?,ASLCompStim1.jpg,"[""dog"",""store"",""balloon""]",glasses,FSGlass.mp4,1,Y,74_table_push_teacher.jpg,Y,Date cookie,"[""purse"",""store"",""balloon""]",4,1,,,,,
,,,,,feet,FSFeet.mp4,1,N,77_dog_eat_bone.jpg,N,,,,1,,,,,
,,,,,blackberry,FSBerry.mp4,1,N,32_cow_kick_door.jpg,N,,,,1,,,,,
,,,,,hill,FSHill.mp4,1,N,26_cookie_carry_dad.jpg,N,,,,1,,,,,
,,,,,,FSAndroid.mp4,0,N,27_egg_carry_boy.jpg,N,,,,1,,,,,
,,,,,,,,Y,29_dad_kick_table.jpg,Y,,,,1,,,,,
,,,,,,,,Y,85_boy_draw_tv.jpg,Y,,,,1,,,,,
,,,,,,,,N,30_chair_kick_girl.jpg,N,,,,1,,,,,
,,,,,,,,Y,28_clown_carry_apple.jpg,Y,,,,1,,,,,
,,,,,,,,N,89_mom_carry_orange.jpg,N,,,,1,,,,,
,,,,,,,,Y,78_grass_eat_rabbit.jpg,Y,,,,1,,,,,
,,,,,,,,N,82_egg_draw_mom.jpg,N,,,,1,,,,,
,,,,,,,,Y,76_boy_eat_chocolate.jpg,Y,,,,1,,,,,
,,,,,,,,Y,72_girl_push_chair.jpg,Y,,,,1,,,,,
,,,,,,,,N,73_clown_push_tv.jpg,N,,,,1,,,,,
