typedWord,STScore,itemPrompt,imageFile,mouse_2.clicked_name,typedWord2,videoFile,FSCorrect,matchResponse,imageDrawn,matchCorrAns,CorrRespST,CorrRespMaze,MazeScore,MatchCorrect,MatchScore,STScore,MazeScore,FSScore,ASLCT
 ,0,"Who did Missy go to the mall with? Please type your response below. If you are not sure, make your best guess.",ASLCompStim6.jpg,"[""flower"",""store"",""balloon""]", pizza,FSPizza.mp4,1,Y,87_cookie_bite_woman.jpg,Y,brother and wife (sister in law),"[""flower"",""store"",""balloon""]",6,1,20,5,34,10,25
 Because she was told that she made noise using the bathroom for the first time in her life after she attended college in Arizona. She never knew that going to the bathroom made noise where others could hear her.,1,"The title of this short story is - Making Noise. In 1-2 sentences, please explain why this title was chosen below. If you are not sure, make your best guess.",ASLCompStim2.jpg,"[""flower"",""dog"",""balloon""]",algebra,FSAlgebra.mp4,1,Y,71_tree_push_man.jpg,Y,using the restroom makes noise,"[""flower"",""dog"",""balloon""]",6,1,,,,,
 Asl Instructor for 2 years,1,"What is Jamil's job? Please type your response below. If you are not sure, make your best guess.",ASLCompStim3.jpg,"[""bike"",""balloon"",""hospital""]",glass,FSGlass.mp4,1,N,91_apple_kick_sheep.jpg,N,ASL instructor,"[""bike"",""balloon"",""hospital""]",6,1,,,,,
 Bangladesh,1,"Where was Jamil born? Please type your response below. If you are not sure, make your best guess.",ASLCompStim1.jpg,"[""dog"",""store"",""balloon""]",berry,FSBerry.mp4,1,Y,79_candy_eat_girl.jpg,Y,Bangladesh,"[""purse"",""store"",""balloon""]",4,1,,,,,
 Australia,1,Where was Melissa Born?,ASLCompStim5.jpg,"[""dog"",""store"",""bike""]",android,FSAndroid.mp4,1,N,40_dad_paint_chair.jpg,N,Australia,"[""dog"",""store"",""bike""]",6,1,,,,,
 Date Swirl Cookies,1,What kind of cookie was shown in the video?,ASLCompStim4.jpg,"[""purse"",""hospital"",""store""]",feet,FSFeet.mp4,1,Y,74_table_push_teacher.jpg,Y,Date cookie,"[""purse"",""hospital"",""store""]",6,1,,,,,
,,,,,ice,FSIce.mp4,1,N,77_dog_eat_bone.jpg,N,,,,1,,,,,
,,,,,vanilla,FSVanilla.mp4,1,N,32_cow_kick_door.jpg,N,,,,1,,,,,
,,,,,hill,FSHill.mp4,1,N,26_cookie_carry_dad.jpg,N,,,,1,,,,,
,,,,,books,FSBooks.mp4,1,N,27_egg_carry_boy.jpg,N,,,,1,,,,,
,,,,,,,,N,29_dad_kick_table.jpg,N,,,,1,,,,,
,,,,,,,,N,85_boy_draw_tv.jpg,N,,,,1,,,,,
,,,,,,,,N,30_chair_kick_girl.jpg,N,,,,1,,,,,
,,,,,,,,Y,28_clown_carry_apple.jpg,Y,,,,1,,,,,
,,,,,,,,Y,89_mom_carry_orange.jpg,Y,,,,1,,,,,
,,,,,,,,Y,78_grass_eat_rabbit.jpg,Y,,,,1,,,,,
,,,,,,,,N,82_egg_draw_mom.jpg,N,,,,1,,,,,
,,,,,,,,Y,76_boy_eat_chocolate.jpg,Y,,,,1,,,,,
,,,,,,,,Y,72_girl_push_chair.jpg,Y,,,,1,,,,,
,,,,,,,,Y,73_clown_push_tv.jpg,Y,,,,1,,,,,
