typedWord,STScore,itemPrompt,imageFile,mouse_2.clicked_name,typedWord2,videoFile,FSCorrect,matchResponse,imageDrawn,matchCorrAns,CorrRespST,CorrRespMaze,MazeScore,MatchCorrect,MatchScore,STScore,MazeScore,FSScore,ASLCT
 her sister in law,1,"Who did Missy go to the mall with? Please type your response below. If you are not sure, make your best guess.",ASLCompStim6.jpg,"[""purse"",""store"",""balloon""]", berry,FSBerry.mp4,1,Y,87_cookie_bite_woman.jpg,N,brother and wife (sister in law),"[""flower"",""store"",""balloon""]",4,0,18,6,31,10,
 She did not know that when you use the toilet that other people can hear. she was embarassed and was careful to try to pee quieter til she realized who cares,1,"The title of this short story is - Making Noise. In 1-2 sentences, please explain why this title was chosen below. If you are not sure, make your best guess.",ASLCompStim1.jpg,"[""dog"",""store"",""balloon"",""purse""]", vanilla,FSVanilla.mp4,1,N,71_tree_push_man.jpg,Y,using the restroom makes noise,"[""purse"",""store"",""balloon""]",3,0,,,,,
 teaching assl at the sign language center,1,"What is Jamil's job? Please type your response below. If you are not sure, make your best guess.",ASLCompStim3.jpg,"[""bike"",""balloon"",""hospital""]",pizza,FSPizza.mp4,1,Y,91_apple_kick_sheep.jpg,Y,ASL instructor,"[""bike"",""balloon"",""hospital""]",6,1,,,,,
bangladesh,1,"Where was Jamil born? Please type your response below. If you are not sure, make your best guess.",ASLCompStim5.jpg,"[""dog"",""store"",""bike""]",books,FSBooks.mp4,1,Y,79_candy_eat_girl.jpg,Y,Bangladesh,"[""dog"",""store"",""bike""]",6,1,,,,,
dont know that sign,1,Where was Melissa Born?,ASLCompStim2.jpg,"[""flower"",""dog"",""balloon""]",hill,FSHill.mp4,1,Y,40_dad_paint_chair.jpg,Y,Australia,"[""flower"",""dog"",""balloon""]",6,1,,,,,
 date swirl,1,What kind of cookie was shown in the video?,ASLCompStim4.jpg,"[""purse"",""hospital"",""store""]",glass,FSGlass.mp4,1,N,74_table_push_teacher.jpg,N,Date cookie,"[""purse"",""hospital"",""store""]",6,1,,,,,
,,,,,algebra,FSAlgebra.mp4,1,Y,77_dog_eat_bone.jpg,Y,,,,1,,,,,
,,,,,ice,FSIce.mp4,1,Y,32_cow_kick_door.jpg,Y,,,,1,,,,,
,,,,,feet,FSFeet.mp4,1,N,26_cookie_carry_dad.jpg,N,,,,1,,,,,
,,,,,apricot,FSAndroid.mp4,1,N,27_egg_carry_boy.jpg,N,,,,1,,,,,
,,,,,,,,N,29_dad_kick_table.jpg,N,,,,1,,,,,
,,,,,,,,N,85_boy_draw_tv.jpg,N,,,,1,,,,,
,,,,,,,,N,30_chair_kick_girl.jpg,N,,,,1,,,,,
,,,,,,,,N,28_clown_carry_apple.jpg,N,,,,1,,,,,
,,,,,,,,N,89_mom_carry_orange.jpg,N,,,,1,,,,,
,,,,,,,,Y,78_grass_eat_rabbit.jpg,Y,,,,1,,,,,
,,,,,,,,N,82_egg_draw_mom.jpg,N,,,,1,,,,,
,,,,,,,,Y,76_boy_eat_chocolate.jpg,Y,,,,1,,,,,
,,,,,,,,Y,72_girl_push_chair.jpg,Y,,,,1,,,,,
,,,,,,,,Y,73_clown_push_tv.jpg,Y,,,,1,,,,,
