typedWord,STScore,itemPrompt,imageFile,mouse_2.clicked_name,typedWord2,videoFile,FSCorrect,matchResponse,imageDrawn,matchCorrAns,CorrRespST,CorrRespMaze,MazeScore,MatchCorrect,MatchScore,STScore,MazeScore,FSScore,ASLCT
 sister in law and roomate,1,"Who did Missy go to the mall with? Please type your response below. If you are not sure, make your best guess.",ASLCompStim5.jpg,"[""dog"",""store"",""bike""]", android,FSAndroid.mp4,1,N,87_cookie_bite_woman.jpg,Y,brother and wife (sister in law),"[""dog"",""store"",""bike""]",6,0,19,5,32,10,22
 ,0,"The title of this short story is - Making Noise. In 1-2 sentences, please explain why this title was chosen below. If you are not sure, make your best guess.",ASLCompStim4.jpg,"[""purse"",""hospital"",""store""]",ice,FSIce.mp4,1,Y,71_tree_push_man.jpg,Y,using the restroom makes noise,"[""purse"",""hospital"",""store""]",6,1,,,,,
 asl teacher at scl,1,"What is Jamil's job? Please type your response below. If you are not sure, make your best guess.",ASLCompStim6.jpg,"[""flower"",""PO"",""balloon""]",feet,FSFeet.mp4,1,Y,91_apple_kick_sheep.jpg,Y,ASL instructor,"[""flower"",""store"",""balloon""]",4,1,,,,,
 bangalash,1,"Where was Jamil born? Please type your response below. If you are not sure, make your best guess.",ASLCompStim2.jpg,"[""flower"",""dog"",""balloon""]",vanilla,FSVanilla.mp4,1,N,79_candy_eat_girl.jpg,N,Bangladesh,"[""flower"",""dog"",""balloon""]",6,1,,,,,
 australia,1,Where was Melissa Born?,ASLCompStim3.jpg,"[""bike"",""balloon"",""hospital""]",pizza,FSPizza.mp4,1,N,40_dad_paint_chair.jpg,N,Australia,"[""bike"",""balloon"",""hospital""]",6,1,,,,,
 danish cookie,1,What kind of cookie was shown in the video?,ASLCompStim1.jpg,"[""dog"",""store"",""balloon""]",alegbra,FSAlgebra.mp4,1,Y,74_table_push_teacher.jpg,Y,Date cookie,"[""purse"",""store"",""balloon""]",4,1,,,,,
,,,,,berry,FSBerry.mp4,1,N,77_dog_eat_bone.jpg,N,,,,1,,,,,
,,,,,books,FSBooks.mp4,1,N,32_cow_kick_door.jpg,N,,,,1,,,,,
,,,,,glass,FSGlass.mp4,1,Y,26_cookie_carry_dad.jpg,Y,,,,1,,,,,
,,,,,hill,FSHill.mp4,1,N,27_egg_carry_boy.jpg,N,,,,1,,,,,
,,,,,,,,Y,29_dad_kick_table.jpg,Y,,,,1,,,,,
,,,,,,,,N,85_boy_draw_tv.jpg,N,,,,1,,,,,
,,,,,,,,N,30_chair_kick_girl.jpg,N,,,,1,,,,,
,,,,,,,,N,28_clown_carry_apple.jpg,N,,,,1,,,,,
,,,,,,,,N,89_mom_carry_orange.jpg,N,,,,1,,,,,
,,,,,,,,N,78_grass_eat_rabbit.jpg,N,,,,1,,,,,
,,,,,,,,Y,82_egg_draw_mom.jpg,Y,,,,1,,,,,
,,,,,,,,Y,76_boy_eat_chocolate.jpg,Y,,,,1,,,,,
,,,,,,,,Y,72_girl_push_chair.jpg,Y,,,,1,,,,,
,,,,,,,,Y,73_clown_push_tv.jpg,Y,,,,1,,,,,
