typedWord,STScore,itemPrompt,imageFile,mouse_2.clicked_name,typedWord2,videoFile,FSCorrect,matchResponse,imageDrawn,matchCorrAns,CorrRespST,CorrRespMaze,MazeScore,MatchCorrect,MatchScore,STScore,MazeScore,FSScore,ASLCT
 brother and Sister in law Linda,1,"Who did Missy go to the mall with? Please type your response below. If you are not sure, make your best guess.",ASLCompStim3.jpg,"[""bike"",""balloon"",""hospital""]", algebra,FSAlgebra.mp4,1,Y,87_cookie_bite_woman.jpg,Y,brother and wife (sister in law),"[""bike"",""balloon"",""hospital""]",6,1,20,6,33,10,29
Misty make noise when she peed like Niargra falls but she didnt know until her sister in law Linda told her that.  She was so embarrased but after that she didnt care because she dont want to be careful when she go to the rest room. ,1,"The title of this short story is - Making Noise. In 1-2 sentences, please explain why this title was chosen below. If you are not sure, make your best guess.",ASLCompStim4.jpg,"[""purse"",""hospital"",""store"",""PO""]",pizza,FSPizza.mp4,1,N,71_tree_push_man.jpg,N,using the restroom makes noise,"[""purse"",""hospital"",""store""]",5,1,,,,,
 He is ASL Teacher at Sign language Center in NYC,1,"What is Jamil's job? Please type your response below. If you are not sure, make your best guess.",ASLCompStim5.jpg,"[""dog"",""store"",""bike""]",berry,FSBerry.mp4,1,N,91_apple_kick_sheep.jpg,N,ASL instructor,"[""dog"",""store"",""bike""]",6,1,,,,,
 Bangladesh India,1,"Where was Jamil born? Please type your response below. If you are not sure, make your best guess.",ASLCompStim2.jpg,"[""flower"",""dog"",""balloon""]",hill,FSHill.mp4,1,Y,79_candy_eat_girl.jpg,Y,Bangladesh,"[""flower"",""dog"",""balloon""]",6,1,,,,,
 Australia,1,Where was Melissa Born?,ASLCompStim1.jpg,"[""dog"",""store"",""balloon""]",3 feet,FSFeet.mp4,1,N,40_dad_paint_chair.jpg,N,Australia,"[""purse"",""store"",""balloon""]",4,1,,,,,
 Date Swirl,1,What kind of cookie was shown in the video?,ASLCompStim6.jpg,"[""flower"",""store"",""balloon""]",Vanilla,FSVanilla.mp4,1,Y,74_table_push_teacher.jpg,Y,Date cookie,"[""flower"",""store"",""balloon""]",6,1,,,,,
,,,,,Glass,FSGlass.mp4,1,Y,77_dog_eat_bone.jpg,Y,,,,1,,,,,
,,,,,books,FSBooks.mp4,1,Y,32_cow_kick_door.jpg,Y,,,,1,,,,,
,,,,,ice,FSIce.mp4,1,Y,26_cookie_carry_dad.jpg,Y,,,,1,,,,,
,,,,,andriod,FSAndroid.mp4,1,N,27_egg_carry_boy.jpg,N,,,,1,,,,,
,,,,,,,,Y,29_dad_kick_table.jpg,Y,,,,1,,,,,
,,,,,,,,Y,85_boy_draw_tv.jpg,Y,,,,1,,,,,
,,,,,,,,Y,30_chair_kick_girl.jpg,Y,,,,1,,,,,
,,,,,,,,N,28_clown_carry_apple.jpg,N,,,,1,,,,,
,,,,,,,,N,89_mom_carry_orange.jpg,N,,,,1,,,,,
,,,,,,,,N,78_grass_eat_rabbit.jpg,N,,,,1,,,,,
,,,,,,,,N,82_egg_draw_mom.jpg,N,,,,1,,,,,
,,,,,,,,N,76_boy_eat_chocolate.jpg,N,,,,1,,,,,
,,,,,,,,N,72_girl_push_chair.jpg,N,,,,1,,,,,
,,,,,,,,Y,73_clown_push_tv.jpg,Y,,,,1,,,,,
