typedWord,STScore,itemPrompt,imageFile,mouse_2.clicked_name,typedWord2,videoFile,FSCorrect,matchResponse,imageDrawn,matchCorrAns,CorrRespST,CorrRespMaze,MazeScore,MatchCorrect,MatchScore,STScore,MazeScore,FSScore,ASLCT
 my sister in law,1,"Who did Missy go to the mall with? Please type your response below. If you are not sure, make your best guess.",ASLCompStim1.jpg,"[""dog"",""store"",""balloon""]", hill ,FSHill.mp4,1,Y,87_cookie_bite_woman.jpg,Y,brother and wife (sister in law),"[""purse"",""store"",""balloon""]",4,1,20,4,25,9,19
 toilet noise,1,"The title of this short story is - Making Noise. In 1-2 sentences, please explain why this title was chosen below. If you are not sure, make your best guess.",ASLCompStim4.jpg,"[""purse"",""store"",""hospital""]",three feet ,FSFeet.mp4,1,N,71_tree_push_man.jpg,N,using the restroom makes noise,"[""purse"",""hospital"",""store""]",4,1,,,,,
 teacher ,1,"What is Jamil's job? Please type your response below. If you are not sure, make your best guess.",ASLCompStim2.jpg,"[""purse"",""dog"",""balloon""]",black barrey,FSBerry.mp4,1,Y,91_apple_kick_sheep.jpg,Y,ASL instructor,"[""flower"",""dog"",""balloon""]",4,1,,,,,
 Baguhbal,0,"Where was Jamil born? Please type your response below. If you are not sure, make your best guess.",ASLCompStim6.jpg,"[""flower"",""hospital"",""balloon"",""balloon""]",ice skate,FSIce.mp4,1,N,79_candy_eat_girl.jpg,N,Bangladesh,"[""flower"",""store"",""balloon""]",4,1,,,,,
 austrilian,1,Where was Melissa Born?,ASLCompStim5.jpg,"[""dog"",""bike""]",chesses pizza,FSPizza.mp4,1,N,40_dad_paint_chair.jpg,N,Australia,"[""dog"",""store"",""bike""]",3,1,,,,,
 dought inside sweet cinnamon,0,What kind of cookie was shown in the video?,ASLCompStim3.jpg,"[""bike"",""balloon"",""hospital""]",vanilla ice cream,FSVanilla.mp4,1,N,74_table_push_teacher.jpg,N,Date cookie,"[""bike"",""balloon"",""hospital""]",6,1,,,,,
,,,,,books,FSBooks.mp4,1,N,77_dog_eat_bone.jpg,N,,,,1,,,,,
,,,,,three glass cups,FSGlass.mp4,1,Y,32_cow_kick_door.jpg,Y,,,,1,,,,,
,,,,,alberga,FSAlgebra.mp4,1,Y,26_cookie_carry_dad.jpg,Y,,,,1,,,,,
,,,,,ant phone,FSAndroid.mp4,0,N,27_egg_carry_boy.jpg,N,,,,1,,,,,
,,,,,,,,Y,29_dad_kick_table.jpg,Y,,,,1,,,,,
,,,,,,,,N,85_boy_draw_tv.jpg,N,,,,1,,,,,
,,,,,,,,N,30_chair_kick_girl.jpg,N,,,,1,,,,,
,,,,,,,,Y,28_clown_carry_apple.jpg,Y,,,,1,,,,,
,,,,,,,,N,89_mom_carry_orange.jpg,N,,,,1,,,,,
,,,,,,,,N,78_grass_eat_rabbit.jpg,N,,,,1,,,,,
,,,,,,,,Y,82_egg_draw_mom.jpg,Y,,,,1,,,,,
,,,,,,,,Y,76_boy_eat_chocolate.jpg,Y,,,,1,,,,,
,,,,,,,,Y,72_girl_push_chair.jpg,Y,,,,1,,,,,
,,,,,,,,Y,73_clown_push_tv.jpg,Y,,,,1,,,,,
