typedWord,STScore,itemPrompt,imageFile,mouse_2.clicked_name,typedWord2,videoFile,FSCorrect,matchResponse,imageDrawn,matchCorrAns,CorrRespST,CorrRespMaze,MazeScore,MatchCorrect,MatchScore,STScore,MazeScore,FSScore,ASLCT
 sister in law,1,"Who did Missy go to the mall with? Please type your response below. If you are not sure, make your best guess.",ASLCompStim5.jpg,"[""bike"",""dog""]", gas,FSGlass.mp4,0,Y,87_cookie_bite_woman.jpg,N,brother and wife (sister in law),"[""dog"",""store"",""bike""]",2,0,11,1,14,5,16
 people make noise,0,"The title of this short story is - Making Noise. In 1-2 sentences, please explain why this title was chosen below. If you are not sure, make your best guess.",ASLCompStim2.jpg,"[""store"",""purse""]",hill ,FSHill.mp4,1,Y,71_tree_push_man.jpg,Y,using the restroom makes noise,"[""flower"",""dog"",""balloon""]",0,1,,,,,
 ,0,"What is Jamil's job? Please type your response below. If you are not sure, make your best guess.",ASLCompStim4.jpg,"[""flower"",""hospital"",""purse""]",ics,FSIce.mp4,1,N,91_apple_kick_sheep.jpg,N,ASL instructor,"[""purse"",""hospital"",""store""]",2,1,,,,,
 bacha,0,"Where was Jamil born? Please type your response below. If you are not sure, make your best guess.",ASLCompStim6.jpg,"[""flower"",""purse"",""balloon""]",book,FSBooks.mp4,1,N,79_candy_eat_girl.jpg,N,Bangladesh,"[""flower"",""store"",""balloon""]",4,1,,,,,
 ,0,Where was Melissa Born?,ASLCompStim3.jpg,"[""purse"",""PO"",""hospital""]",,FSAndroid.mp4,0,N,40_dad_paint_chair.jpg,Y,Australia,"[""bike"",""balloon"",""hospital""]",2,0,,,,,
 orde,0,What kind of cookie was shown in the video?,ASLCompStim1.jpg,"[""bike"",""store"",""balloon""]",,FSBerry.mp4,0,N,74_table_push_teacher.jpg,N,Date cookie,"[""purse"",""store"",""balloon""]",4,1,,,,,
,,,,,vall,FSVanilla.mp4,0,Y,77_dog_eat_bone.jpg,Y,,,,1,,,,,
,,,,,pizza,FSPizza.mp4,1,N,32_cow_kick_door.jpg,N,,,,1,,,,,
,,,,,3fut,FSFeet.mp4,1,N,26_cookie_carry_dad.jpg,Y,,,,0,,,,,
,,,,,,FSAlgebra.mp4,0,N,27_egg_carry_boy.jpg,N,,,,1,,,,,
,,,,,,,,Y,29_dad_kick_table.jpg,N,,,,0,,,,,
,,,,,,,,N,85_boy_draw_tv.jpg,Y,,,,0,,,,,
,,,,,,,,Y,30_chair_kick_girl.jpg,Y,,,,1,,,,,
,,,,,,,,N,28_clown_carry_apple.jpg,Y,,,,0,,,,,
,,,,,,,,N,89_mom_carry_orange.jpg,N,,,,1,,,,,
,,,,,,,,N,78_grass_eat_rabbit.jpg,Y,,,,0,,,,,
,,,,,,,,Y,82_egg_draw_mom.jpg,Y,,,,1,,,,,
,,,,,,,,Y,76_boy_eat_chocolate.jpg,N,,,,0,,,,,
,,,,,,,,N,72_girl_push_chair.jpg,N,,,,1,,,,,
,,,,,,,,N,73_clown_push_tv.jpg,Y,,,,0,,,,,
