typedWord,STScore,itemPrompt,imageFile,mouse_2.clicked_name,typedWord2,videoFile,FSCorrect,matchResponse,imageDrawn,matchCorrAns,CorrRespST,CorrRespMaze,MazeScore,MatchCorrect,MatchScore,STScore,MazeScore,FSScore,ASLCT
 by herself,0,"Who did Missy go to the mall with? Please type your response below. If you are not sure, make your best guess.",ASLCompStim6.jpg,"[""purse"",""store""]", unsure,FSVanilla.mp4,0,N,87_cookie_bite_woman.jpg,Y,brother and wife (sister in law),"[""flower"",""store"",""balloon""]",2,0,11,0,8,0,13
 There appereared to be something that fell and embarassed the girl going to mall.,0,"The title of this short story is - Making Noise. In 1-2 sentences, please explain why this title was chosen below. If you are not sure, make your best guess.",ASLCompStim1.jpg,"[""bike"",""hospital"",""purse"",""store"",""bike"",""hospital"",""PO"",""flower"",""bike"",""PO"",""purse"",""store"",""balloon""]",unsure ,FSIce.mp4,0,Y,71_tree_push_man.jpg,N,using the restroom makes noise,"[""purse"",""store"",""balloon""]",0,0,,,,,
i am unsure,0,"What is Jamil's job? Please type your response below. If you are not sure, make your best guess.",ASLCompStim4.jpg,"[""purse"",""store""]",easy,FSPizza.mp4,0,N,91_apple_kick_sheep.jpg,Y,ASL instructor,"[""purse"",""hospital"",""store""]",3,0,,,,,
 he wasnt bornin the usa,0,"Where was Jamil born? Please type your response below. If you are not sure, make your best guess.",ASLCompStim2.jpg,"[""PO"",""bike""]",unsure,FSBerry.mp4,0,N,79_candy_eat_girl.jpg,Y,Bangladesh,"[""flower"",""dog"",""balloon""]",0,0,,,,,
  ,0,Where was Melissa Born?,ASLCompStim5.jpg,"[""bike"",""dog""]",unsure,FSAndroid.mp4,0,N,40_dad_paint_chair.jpg,N,Australia,"[""dog"",""store"",""bike""]",2,1,,,,,
 im not sure but it may be a recipe shared between the two girls,0,What kind of cookie was shown in the video?,ASLCompStim3.jpg,"[""purse"",""hospital"",""flower""]",unsure,FSGlass.mp4,0,Y,74_table_push_teacher.jpg,Y,Date cookie,"[""bike"",""balloon"",""hospital""]",1,1,,,,,
,,,,,unsue,FSHill.mp4,0,Y,77_dog_eat_bone.jpg,Y,,,,1,,,,,
,,,,,cry,FSBooks.mp4,0,N,32_cow_kick_door.jpg,N,,,,1,,,,,
,,,,,unsure,FSAlgebra.mp4,0,N,26_cookie_carry_dad.jpg,N,,,,1,,,,,
,,,,,unsure,FSFeet.mp4,0,Y,27_egg_carry_boy.jpg,N,,,,0,,,,,
,,,,,,,,Y,29_dad_kick_table.jpg,Y,,,,1,,,,,
,,,,,,,,N,85_boy_draw_tv.jpg,N,,,,1,,,,,
,,,,,,,,Y,30_chair_kick_girl.jpg,N,,,,0,,,,,
,,,,,,,,Y,28_clown_carry_apple.jpg,N,,,,0,,,,,
,,,,,,,,Y,89_mom_carry_orange.jpg,N,,,,0,,,,,
,,,,,,,,Y,78_grass_eat_rabbit.jpg,Y,,,,1,,,,,
,,,,,,,,Y,82_egg_draw_mom.jpg,N,,,,0,,,,,
,,,,,,,,Y,76_boy_eat_chocolate.jpg,Y,,,,1,,,,,
,,,,,,,,Y,72_girl_push_chair.jpg,Y,,,,1,,,,,
,,,,,,,,Y,73_clown_push_tv.jpg,Y,,,,1,,,,,
