typedWord,STScore,itemPrompt,imageFile,mouse_2.clicked_name,typedWord2,videoFile,FSCorrect,matchResponse,imageDrawn,matchCorrAns,CorrRespST,CorrRespMaze,MazeScore,MatchCorrect,MatchScore,STScore,MazeScore,FSScore,ASLCT
no idea,0,"Who did Missy go to the mall with? Please type your response below. If you are not sure, make your best guess.",ASLCompStim2.jpg,"[""balloon"",""bike""]", snl,FSHill.mp4,0,N,87_cookie_bite_woman.jpg,N,brother and wife (sister in law),"[""flower"",""dog"",""balloon""]",1,1,13,0,8,0,8
 someone approached her at the mall in an agressive way. she defended herself without speaking,0,"The title of this short story is - Making Noise. In 1-2 sentences, please explain why this title was chosen below. If you are not sure, make your best guess.",ASLCompStim3.jpg,"[""flower"",""bike"",""purse""]",boy,FSBerry.mp4,0,Y,71_tree_push_man.jpg,N,using the restroom makes noise,"[""bike"",""balloon"",""hospital""]",1,0,,,,,
 nonprofit work,0,"What is Jamil's job? Please type your response below. If you are not sure, make your best guess.",ASLCompStim5.jpg,"[""purse"",""dog"",""bike""]",toes,FSBooks.mp4,0,Y,91_apple_kick_sheep.jpg,Y,ASL instructor,"[""dog"",""store"",""bike""]",3,1,,,,,
washington dc,0,"Where was Jamil born? Please type your response below. If you are not sure, make your best guess.",ASLCompStim4.jpg,"[""store"",""purse"",""flower""]",toss,FSGlass.mp4,0,Y,79_candy_eat_girl.jpg,N,Bangladesh,"[""purse"",""hospital"",""store""]",2,0,,,,,
santa ana california,0,Where was Melissa Born?,ASLCompStim1.jpg,"[""flower"",""bike"",""store""]",car,FSPizza.mp4,0,N,40_dad_paint_chair.jpg,N,Australia,"[""purse"",""store"",""balloon""]",1,1,,,,,
 sugar,0,What kind of cookie was shown in the video?,ASLCompStim6.jpg,"[""bike"",""PO"",""purse""]",word,FSAndroid.mp4,0,N,74_table_push_teacher.jpg,N,Date cookie,"[""flower"",""store"",""balloon""]",0,1,,,,,
,,,,,laura,FSAlgebra.mp4,0,Y,77_dog_eat_bone.jpg,Y,,,,1,,,,,
,,,,,ik,FSIce.mp4,0,N,32_cow_kick_door.jpg,N,,,,1,,,,,
,,,,,first,FSFeet.mp4,0,Y,26_cookie_carry_dad.jpg,N,,,,0,,,,,
,,,,,really,FSVanilla.mp4,0,Y,27_egg_carry_boy.jpg,Y,,,,1,,,,,
,,,,,,,,N,29_dad_kick_table.jpg,N,,,,1,,,,,
,,,,,,,,N,85_boy_draw_tv.jpg,Y,,,,0,,,,,
,,,,,,,,Y,30_chair_kick_girl.jpg,Y,,,,1,,,,,
,,,,,,,,Y,28_clown_carry_apple.jpg,Y,,,,1,,,,,
,,,,,,,,Y,89_mom_carry_orange.jpg,N,,,,0,,,,,
,,,,,,,,N,78_grass_eat_rabbit.jpg,Y,,,,0,,,,,
,,,,,,,,Y,82_egg_draw_mom.jpg,N,,,,0,,,,,
,,,,,,,,Y,76_boy_eat_chocolate.jpg,Y,,,,1,,,,,
,,,,,,,,Y,72_girl_push_chair.jpg,Y,,,,1,,,,,
,,,,,,,,Y,73_clown_push_tv.jpg,Y,,,,1,,,,,
