typedWord,STScore,itemPrompt,imageFile,mouse_2.clicked_name,typedWord2,videoFile,FSCorrect,matchResponse,imageDrawn,matchCorrAns,CorrRespST,CorrRespMaze,MazeScore,MatchCorrect,MatchScore,STScore,MazeScore,FSScore,ASLCT
 ,0,"Who did Missy go to the mall with? Please type your response below. If you are not sure, make your best guess.",ASLCompStim1.jpg,"[""purse"",""store"",""PO""]", you,FSGlass.mp4,0,N,87_cookie_bite_woman.jpg,N,brother and wife (sister in law),"[""purse"",""store"",""balloon""]",4,1,10,0,15,0,11
 ,0,"The title of this short story is - Making Noise. In 1-2 sentences, please explain why this title was chosen below. If you are not sure, make your best guess.",ASLCompStim6.jpg,"[""flower"",""PO"",""bike""]",move,FSIce.mp4,0,Y,71_tree_push_man.jpg,Y,using the restroom makes noise,"[""flower"",""store"",""balloon""]",2,1,,,,,
I would think that Jamils job is a journalist or columnist. ,0,"What is Jamil's job? Please type your response below. If you are not sure, make your best guess.",ASLCompStim5.jpg,"[""bike"",""balloon"",""store""]",far,FSVanilla.mp4,0,N,91_apple_kick_sheep.jpg,Y,ASL instructor,"[""dog"",""store"",""bike""]",2,0,,,,,
 I think he was born in the United Kingdom. ,0,"Where was Jamil born? Please type your response below. If you are not sure, make your best guess.",ASLCompStim4.jpg,"[""purse"",""dog"",""store""]",long,FSFeet.mp4,0,Y,79_candy_eat_girl.jpg,Y,Bangladesh,"[""purse"",""hospital"",""store""]",4,1,,,,,
 Melissa was born in the United States.,0,Where was Melissa Born?,ASLCompStim2.jpg,"[""PO"",""hospital"",""bike"",""bike"",""bike"",""bike"",""flower"",""flower"",""bike"",""bike""]",look,FSBerry.mp4,0,Y,40_dad_paint_chair.jpg,Y,Australia,"[""flower"",""dog"",""balloon""]",0,1,,,,,
 A cinnamon swirl cookie.,0,What kind of cookie was shown in the video?,ASLCompStim3.jpg,"[""bike"",""hospital"",""PO""]",walk,FSBooks.mp4,0,N,74_table_push_teacher.jpg,N,Date cookie,"[""bike"",""balloon"",""hospital""]",3,1,,,,,
,,,,,quite,FSHill.mp4,0,N,77_dog_eat_bone.jpg,Y,,,,0,,,,,
,,,,,still,FSAlgebra.mp4,0,Y,32_cow_kick_door.jpg,Y,,,,1,,,,,
,,,,,food,FSAndroid.mp4,0,Y,26_cookie_carry_dad.jpg,N,,,,0,,,,,
,,,,,water,FSPizza.mp4,0,Y,27_egg_carry_boy.jpg,N,,,,0,,,,,
,,,,,,,,Y,29_dad_kick_table.jpg,Y,,,,1,,,,,
,,,,,,,,Y,85_boy_draw_tv.jpg,N,,,,0,,,,,
,,,,,,,,N,30_chair_kick_girl.jpg,N,,,,1,,,,,
,,,,,,,,Y,28_clown_carry_apple.jpg,N,,,,0,,,,,
,,,,,,,,Y,89_mom_carry_orange.jpg,N,,,,0,,,,,
,,,,,,,,Y,78_grass_eat_rabbit.jpg,N,,,,0,,,,,
,,,,,,,,N,82_egg_draw_mom.jpg,Y,,,,0,,,,,
,,,,,,,,Y,76_boy_eat_chocolate.jpg,N,,,,0,,,,,
,,,,,,,,Y,72_girl_push_chair.jpg,Y,,,,1,,,,,
,,,,,,,,Y,73_clown_push_tv.jpg,Y,,,,1,,,,,
