typedWord,STScore,itemPrompt,imageFile,mouse_2.clicked_name,typedWord2,videoFile,FSCorrect,matchResponse,imageDrawn,matchCorrAns,CorrRespST,CorrRespMaze,MazeScore,MatchCorrect,MatchScore,STScore,MazeScore,FSScore,ASLCT
 Friends,0,"Who did Missy go to the mall with? Please type your response below. If you are not sure, make your best guess.",ASLCompStim1.jpg,"[""flower"",""balloon""]", Oat,FSHill.mp4,0,N,87_cookie_bite_woman.jpg,N,brother and wife (sister in law),"[""purse"",""store"",""balloon""]",1,1,13,0,9,0,8
 The feelings conveyed by the lady seemed related to surprise or shock. ,0,"The title of this short story is - Making Noise. In 1-2 sentences, please explain why this title was chosen below. If you are not sure, make your best guess.",ASLCompStim2.jpg,"[""flower"",""dog"",""PO"",""PO""]",Car,FSPizza.mp4,0,Y,71_tree_push_man.jpg,N,using the restroom makes noise,"[""flower"",""dog"",""balloon""]",4,0,,,,,
 Something related to computers,0,"What is Jamil's job? Please type your response below. If you are not sure, make your best guess.",ASLCompStim6.jpg,"[""purse"",""dog""]",watch,FSAlgebra.mp4,0,Y,91_apple_kick_sheep.jpg,Y,ASL instructor,"[""flower"",""store"",""balloon""]",0,1,,,,,
 North Africa,0,"Where was Jamil born? Please type your response below. If you are not sure, make your best guess.",ASLCompStim3.jpg,"[""balloon"",""bike"",""PO""]",apple,FSAndroid.mp4,0,Y,79_candy_eat_girl.jpg,N,Bangladesh,"[""bike"",""balloon"",""hospital""]",2,0,,,,,
 Vietnam,0,Where was Melissa Born?,ASLCompStim5.jpg,"[""balloon"",""purse"",""bike""]",  ,FSVanilla.mp4,0,N,40_dad_paint_chair.jpg,Y,Australia,"[""dog"",""store"",""bike""]",2,0,,,,,
 Cinamon roll,0,What kind of cookie was shown in the video?,ASLCompStim4.jpg,"[""purse"",""flower"",""store"",""store"",""flower"",""flower""]",mayo,FSBooks.mp4,0,N,74_table_push_teacher.jpg,N,Date cookie,"[""purse"",""hospital"",""store""]",0,1,,,,,
,,,,,table,FSGlass.mp4,0,N,77_dog_eat_bone.jpg,N,,,,1,,,,,
,,,,,ends with thcomma myth,FSIce.mp4,0,Y,32_cow_kick_door.jpg,N,,,,0,,,,,
,,,,,boat,FSFeet.mp4,0,Y,26_cookie_carry_dad.jpg,Y,,,,1,,,,,
,,,,,drink,FSBerry.mp4,0,N,27_egg_carry_boy.jpg,N,,,,1,,,,,
,,,,,,,,Y,29_dad_kick_table.jpg,Y,,,,1,,,,,
,,,,,,,,Y,85_boy_draw_tv.jpg,Y,,,,1,,,,,
,,,,,,,,Y,30_chair_kick_girl.jpg,Y,,,,1,,,,,
,,,,,,,,Y,28_clown_carry_apple.jpg,Y,,,,1,,,,,
,,,,,,,,Y,89_mom_carry_orange.jpg,Y,,,,1,,,,,
,,,,,,,,Y,78_grass_eat_rabbit.jpg,Y,,,,1,,,,,
,,,,,,,,Y,82_egg_draw_mom.jpg,N,,,,0,,,,,
,,,,,,,,Y,76_boy_eat_chocolate.jpg,Y,,,,1,,,,,
,,,,,,,,Y,72_girl_push_chair.jpg,N,,,,0,,,,,
,,,,,,,,Y,73_clown_push_tv.jpg,N,,,,0,,,,,
