typedWord,STScore,itemPrompt,imageFile,mouse_2.clicked_name,typedWord2,videoFile,FSCorrect,matchResponse,imageDrawn,matchCorrAns,CorrRespST,CorrRespMaze,MazeScore,MatchCorrect,MatchScore,STScore,MazeScore,FSScore,ASLCT
 i believe she went to the mall with a friend that was bothering her,0,"Who did Missy go to the mall with? Please type your response below. If you are not sure, make your best guess.",ASLCompStim4.jpg,"[""purse"",""PO""]", love,FSGlass.mp4,0,Y,87_cookie_bite_woman.jpg,Y,brother and wife (sister in law),"[""purse"",""hospital"",""store""]",2,1,10,0,15,0,12
 This title may have been chosen because the environment the characters were in was noisy. There were crowds of people.,0,"The title of this short story is - Making Noise. In 1-2 sentences, please explain why this title was chosen below. If you are not sure, make your best guess.",ASLCompStim1.jpg,"[""flower"",""dog"",""store""]",alert,FSAlgebra.mp4,0,N,71_tree_push_man.jpg,Y,using the restroom makes noise,"[""purse"",""store"",""balloon""]",1,0,,,,,
 He is a musician,0,"What is Jamil's job? Please type your response below. If you are not sure, make your best guess.",ASLCompStim6.jpg,"[""flower"",""store"",""purse""]",vaccuum,FSVanilla.mp4,0,Y,91_apple_kick_sheep.jpg,Y,ASL instructor,"[""flower"",""store"",""balloon""]",4,1,,,,,
 Somewhere in the United States,0,"Where was Jamil born? Please type your response below. If you are not sure, make your best guess.",ASLCompStim3.jpg,"[""bike"",""PO"",""dog""]",hand,FSAndroid.mp4,0,Y,79_candy_eat_girl.jpg,N,Bangladesh,"[""bike"",""balloon"",""hospital""]",2,0,,,,,
 Vietnam,0,Where was Melissa Born?,ASLCompStim5.jpg,"[""purse"",""store"",""bike""]",car,FSIce.mp4,0,N,40_dad_paint_chair.jpg,N,Australia,"[""dog"",""store"",""bike""]",4,1,,,,,
 cinnamon swirl cookie,0,What kind of cookie was shown in the video?,ASLCompStim2.jpg,"[""dog"",""balloon"",""hospital""]",toy,FSBerry.mp4,0,N,74_table_push_teacher.jpg,N,Date cookie,"[""flower"",""dog"",""balloon""]",2,1,,,,,
,,,,,house,FSFeet.mp4,0,N,77_dog_eat_bone.jpg,N,,,,1,,,,,
,,,,,door,FSHill.mp4,0,N,32_cow_kick_door.jpg,Y,,,,0,,,,,
,,,,,now,FSPizza.mp4,0,Y,26_cookie_carry_dad.jpg,Y,,,,1,,,,,
,,,,,low,FSBooks.mp4,0,N,27_egg_carry_boy.jpg,Y,,,,0,,,,,
,,,,,,,,N,29_dad_kick_table.jpg,Y,,,,0,,,,,
,,,,,,,,Y,85_boy_draw_tv.jpg,N,,,,0,,,,,
,,,,,,,,Y,30_chair_kick_girl.jpg,Y,,,,1,,,,,
,,,,,,,,Y,28_clown_carry_apple.jpg,Y,,,,1,,,,,
,,,,,,,,Y,89_mom_carry_orange.jpg,N,,,,0,,,,,
,,,,,,,,Y,78_grass_eat_rabbit.jpg,N,,,,0,,,,,
,,,,,,,,N,82_egg_draw_mom.jpg,N,,,,1,,,,,
,,,,,,,,Y,76_boy_eat_chocolate.jpg,Y,,,,1,,,,,
,,,,,,,,Y,72_girl_push_chair.jpg,N,,,,0,,,,,
,,,,,,,,Y,73_clown_push_tv.jpg,N,,,,0,,,,,
