typedWord,STScore,itemPrompt,imageFile,mouse_2.clicked_name,typedWord2,videoFile,FSCorrect,matchResponse,imageDrawn,matchCorrAns,CorrRespST,CorrRespMaze,MazeScore,MatchCorrect,MatchScore,STScore,MazeScore,FSScore,ASLCT
not sure,0,"Who did Missy go to the mall with? Please type your response below. If you are not sure, make your best guess.",ASLCompStim3.jpg,"[""bike"",""balloon"",""PO""]", why,FSPizza.mp4,0,N,87_cookie_bite_woman.jpg,Y,brother and wife (sister in law),"[""bike"",""balloon"",""hospital""]",4,0,7,0,12,0,10
 seems like someone got into an argument,0,"The title of this short story is - Making Noise. In 1-2 sentences, please explain why this title was chosen below. If you are not sure, make your best guess.",ASLCompStim4.jpg,[],,FSGlass.mp4,0,N,71_tree_push_man.jpg,Y,using the restroom makes noise,"[""purse"",""hospital"",""store""]",0,0,,,,,
 something with planes,0,"What is Jamil's job? Please type your response below. If you are not sure, make your best guess.",ASLCompStim2.jpg,"[""balloon"",""hospital"",""store"",""PO""]",,FSFeet.mp4,0,Y,91_apple_kick_sheep.jpg,N,ASL instructor,"[""flower"",""dog"",""balloon""]",1,0,,,,,
,0,"Where was Jamil born? Please type your response below. If you are not sure, make your best guess.",ASLCompStim1.jpg,"[""purse"",""PO"",""hospital"",""store""]",,FSAlgebra.mp4,0,N,79_candy_eat_girl.jpg,N,Bangladesh,"[""purse"",""store"",""balloon""]",2,1,,,,,
 dont know,0,Where was Melissa Born?,ASLCompStim6.jpg,"[""balloon"",""store"",""hospital""]",,FSIce.mp4,0,Y,40_dad_paint_chair.jpg,N,Australia,"[""flower"",""store"",""balloon""]",3,0,,,,,
 ginger,0,What kind of cookie was shown in the video?,ASLCompStim5.jpg,"[""flower"",""PO"",""bike""]",viola,FSVanilla.mp4,0,Y,74_table_push_teacher.jpg,N,Date cookie,"[""dog"",""store"",""bike""]",2,0,,,,,
,,,,,vowel,FSAndroid.mp4,0,Y,77_dog_eat_bone.jpg,N,,,,0,,,,,
,,,,,,FSBooks.mp4,0,Y,32_cow_kick_door.jpg,N,,,,0,,,,,
,,,,,cool,FSHill.mp4,0,Y,26_cookie_carry_dad.jpg,Y,,,,1,,,,,
,,,,,key,FSBerry.mp4,0,Y,27_egg_carry_boy.jpg,N,,,,0,,,,,
,,,,,,,,N,29_dad_kick_table.jpg,Y,,,,0,,,,,
,,,,,,,,Y,85_boy_draw_tv.jpg,Y,,,,1,,,,,
,,,,,,,,N,30_chair_kick_girl.jpg,Y,,,,0,,,,,
,,,,,,,,Y,28_clown_carry_apple.jpg,N,,,,0,,,,,
,,,,,,,,Y,89_mom_carry_orange.jpg,N,,,,0,,,,,
,,,,,,,,Y,78_grass_eat_rabbit.jpg,Y,,,,1,,,,,
,,,,,,,,Y,82_egg_draw_mom.jpg,Y,,,,1,,,,,
,,,,,,,,Y,76_boy_eat_chocolate.jpg,Y,,,,1,,,,,
,,,,,,,,Y,72_girl_push_chair.jpg,Y,,,,1,,,,,
,,,,,,,,Y,73_clown_push_tv.jpg,N,,,,0,,,,,
