typedWord,STScore,itemPrompt,imageFile,mouse_2.clicked_name,typedWord2,videoFile,FSCorrect,matchResponse,imageDrawn,matchCorrAns,CorrRespST,CorrRespMaze,MazeScore,MatchCorrect,MatchScore,STScore,MazeScore,FSScore,ASLCT
 ,0,"Who did Missy go to the mall with? Please type your response below. If you are not sure, make your best guess.",ASLCompStim4.jpg,"[""purse"",""store"",""flower""]", Lab ,FSAlgebra.mp4,0,Y,87_cookie_bite_woman.jpg,N,brother and wife (sister in law),"[""purse"",""hospital"",""store""]",3,0,10,0,17,0,7
 Maybe because someone was complaining about a situation. I am not sure because I do not know ASL,0,"The title of this short story is - Making Noise. In 1-2 sentences, please explain why this title was chosen below. If you are not sure, make your best guess.",ASLCompStim2.jpg,"[""flower"",""dog"",""balloon""]",box,FSPizza.mp4,0,N,71_tree_push_man.jpg,N,using the restroom makes noise,"[""flower"",""dog"",""balloon""]",6,1,,,,,
 Maybe something in politics,0,"What is Jamil's job? Please type your response below. If you are not sure, make your best guess.",ASLCompStim3.jpg,"[""bike"",""store"",""hospital""]",log,FSHill.mp4,0,Y,91_apple_kick_sheep.jpg,N,ASL instructor,"[""bike"",""balloon"",""hospital""]",4,0,,,,,
 No idea. America,0,"Where was Jamil born? Please type your response below. If you are not sure, make your best guess.",ASLCompStim6.jpg,"[""purse"",""hospital"",""store""]",pull,FSIce.mp4,0,Y,79_candy_eat_girl.jpg,Y,Bangladesh,"[""flower"",""store"",""balloon""]",1,1,,,,,
 I do not know ASL. Maybe America,0,Where was Melissa Born?,ASLCompStim5.jpg,"[""flower"",""balloon"",""bike""]",took,FSBooks.mp4,0,N,40_dad_paint_chair.jpg,N,Australia,"[""dog"",""store"",""bike""]",2,1,,,,,
 Some sort of spiral cinnamon cookie,0,What kind of cookie was shown in the video?,ASLCompStim1.jpg,"[""flower"",""dog"",""store""]",mom,FSGlass.mp4,0,Y,74_table_push_teacher.jpg,N,Date cookie,"[""purse"",""store"",""balloon""]",1,0,,,,,
,,,,,boy,FSBerry.mp4,0,N,77_dog_eat_bone.jpg,Y,,,,0,,,,,
,,,,,pot,FSFeet.mp4,0,N,32_cow_kick_door.jpg,Y,,,,0,,,,,
,,,,,mine,FSAndroid.mp4,0,N,26_cookie_carry_dad.jpg,N,,,,1,,,,,
,,,,,no idea.,FSVanilla.mp4,0,Y,27_egg_carry_boy.jpg,Y,,,,1,,,,,
,,,,,,,,Y,29_dad_kick_table.jpg,N,,,,0,,,,,
,,,,,,,,Y,85_boy_draw_tv.jpg,Y,,,,1,,,,,
,,,,,,,,Y,30_chair_kick_girl.jpg,Y,,,,1,,,,,
,,,,,,,,Y,28_clown_carry_apple.jpg,Y,,,,1,,,,,
,,,,,,,,Y,89_mom_carry_orange.jpg,N,,,,0,,,,,
,,,,,,,,Y,78_grass_eat_rabbit.jpg,N,,,,0,,,,,
,,,,,,,,N,82_egg_draw_mom.jpg,Y,,,,0,,,,,
,,,,,,,,Y,76_boy_eat_chocolate.jpg,Y,,,,1,,,,,
,,,,,,,,N,72_girl_push_chair.jpg,Y,,,,0,,,,,
,,,,,,,,N,73_clown_push_tv.jpg,N,,,,1,,,,,
