typedWord,STScore,itemPrompt,imageFile,mouse_2.clicked_name,typedWord2,videoFile,FSCorrect,matchResponse,imageDrawn,matchCorrAns,CorrRespST,CorrRespMaze,MazeScore,MatchCorrect,MatchScore,STScore,MazeScore,FSScore,ASLCT
 I have no idea. Maybe a friend,0,"Who did Missy go to the mall with? Please type your response below. If you are not sure, make your best guess.",ASLCompStim3.jpg,"[""bike""]", vo ,FSGlass.mp4,0,Y,87_cookie_bite_woman.jpg,N,brother and wife (sister in law),"[""bike"",""balloon"",""hospital""]",2,0,11,0,5,0,14
 it looked like the signer heard an explosion andwas trying to figureout what it was,0,"The title of this short story is - Making Noise. In 1-2 sentences, please explain why this title was chosen below. If you are not sure, make your best guess.",ASLCompStim2.jpg,"[""bike"",""balloon"",""balloon"",""store"",""store"",""PO""]",ilwa,FSAndroid.mp4,0,Y,71_tree_push_man.jpg,Y,using the restroom makes noise,"[""flower"",""dog"",""balloon""]",0,1,,,,,
 absolutely no clue,0,"What is Jamil's job? Please type your response below. If you are not sure, make your best guess.",ASLCompStim5.jpg,"[""balloon"",""dog"",""flower"",""store"",""purse""]",no idea,FSAlgebra.mp4,0,Y,91_apple_kick_sheep.jpg,Y,ASL instructor,"[""dog"",""store"",""bike""]",0,1,,,,,
 absolutely no clue but maybe inanother country because it looked like he was describing its proximity to somewhere else,0,"Where was Jamil born? Please type your response below. If you are not sure, make your best guess.",ASLCompStim1.jpg,"[""flower"",""flower"",""store"",""purse""]",no ideacomma four lettersSLASH,FSVanilla.mp4,0,N,79_candy_eat_girl.jpg,N,Bangladesh,"[""purse"",""store"",""balloon""]",0,1,,,,,
 no idea,0,Where was Melissa Born?,ASLCompStim4.jpg,"[""dog"",""balloon"",""store""]",noSLASH,FSBerry.mp4,0,Y,40_dad_paint_chair.jpg,Y,Australia,"[""purse"",""hospital"",""store""]",2,1,,,,,
 cinnamon roll,0,What kind of cookie was shown in the video?,ASLCompStim6.jpg,"[""hospital"",""flower"",""bike""]",something with three letters,FSBooks.mp4,0,N,74_table_push_teacher.jpg,N,Date cookie,"[""flower"",""store"",""balloon""]",1,1,,,,,
,,,,,maybe,FSIce.mp4,0,N,77_dog_eat_bone.jpg,Y,,,,0,,,,,
,,,,,no idea,FSHill.mp4,0,Y,32_cow_kick_door.jpg,Y,,,,1,,,,,
,,,,,no idea,FSPizza.mp4,0,Y,26_cookie_carry_dad.jpg,N,,,,0,,,,,
,,,,,something relatedto a measurement of distance,FSFeet.mp4,0,Y,27_egg_carry_boy.jpg,N,,,,0,,,,,
,,,,,,,,Y,29_dad_kick_table.jpg,Y,,,,1,,,,,
,,,,,,,,Y,85_boy_draw_tv.jpg,N,,,,0,,,,,
,,,,,,,,N,30_chair_kick_girl.jpg,N,,,,1,,,,,
,,,,,,,,Y,28_clown_carry_apple.jpg,Y,,,,1,,,,,
,,,,,,,,N,89_mom_carry_orange.jpg,Y,,,,0,,,,,
,,,,,,,,Y,78_grass_eat_rabbit.jpg,N,,,,0,,,,,
,,,,,,,,Y,82_egg_draw_mom.jpg,Y,,,,1,,,,,
,,,,,,,,N,76_boy_eat_chocolate.jpg,Y,,,,0,,,,,
,,,,,,,,N,72_girl_push_chair.jpg,N,,,,1,,,,,
,,,,,,,,Y,73_clown_push_tv.jpg,N,,,,0,,,,,
