typedWord,STScore,itemPrompt,imageFile,mouse_2.clicked_name,typedWord2,videoFile,FSCorrect,matchResponse,imageDrawn,matchCorrAns,CorrRespST,CorrRespMaze,MazeScore,MatchCorrect,MatchScore,STScore,MazeScore,FSScore,ASLCT
 her sister,0,"Who did Missy go to the mall with? Please type your response below. If you are not sure, make your best guess.",ASLCompStim6.jpg,"[""purse"",""PO"",""bike""]", eye,FSBooks.mp4,0,N,87_cookie_bite_woman.jpg,N,brother and wife (sister in law),"[""flower"",""store"",""balloon""]",0,1,18,1,8,1,17
 I think it was chosen because Missy is deaf but can speak to some degree and someone did not believe she could not hear,0,"The title of this short story is - Making Noise. In 1-2 sentences, please explain why this title was chosen below. If you are not sure, make your best guess.",ASLCompStim2.jpg,"[""purse"",""PO"",""dog""]",robin,FSBerry.mp4,0,Y,71_tree_push_man.jpg,Y,using the restroom makes noise,"[""flower"",""dog"",""balloon""]",1,1,,,,,
 a teacher,1,"What is Jamil's job? Please type your response below. If you are not sure, make your best guess.",ASLCompStim3.jpg,"[""balloon"",""PO"",""bike""]",dog,FSFeet.mp4,0,N,91_apple_kick_sheep.jpg,Y,ASL instructor,"[""bike"",""balloon"",""hospital""]",2,0,,,,,
 philadelphia,0,"Where was Jamil born? Please type your response below. If you are not sure, make your best guess.",ASLCompStim5.jpg,"[""flower"",""bike"",""store""]",flower,FSVanilla.mp4,0,N,79_candy_eat_girl.jpg,N,Bangladesh,"[""dog"",""store"",""bike""]",2,1,,,,,
 United states,0,Where was Melissa Born?,ASLCompStim4.jpg,"[""balloon"",""dog"",""store""]",nice,FSPizza.mp4,0,Y,40_dad_paint_chair.jpg,Y,Australia,"[""purse"",""hospital"",""store""]",2,1,,,,,
 norwegian cinnamon cookie,0,What kind of cookie was shown in the video?,ASLCompStim1.jpg,"[""balloon"",""hospital"",""bike""]",olive oil,FSGlass.mp4,0,Y,74_table_push_teacher.jpg,N,Date cookie,"[""purse"",""store"",""balloon""]",1,0,,,,,
,,,,,sweater,FSAlgebra.mp4,0,Y,77_dog_eat_bone.jpg,Y,,,,1,,,,,
,,,,,water,FSIce.mp4,0,Y,32_cow_kick_door.jpg,Y,,,,1,,,,,
,,,,,hill ,FSHill.mp4,1,Y,26_cookie_carry_dad.jpg,Y,,,,1,,,,,
,,,,,apple pie,FSAndroid.mp4,0,N,27_egg_carry_boy.jpg,N,,,,1,,,,,
,,,,,,,,Y,29_dad_kick_table.jpg,Y,,,,1,,,,,
,,,,,,,,N,85_boy_draw_tv.jpg,N,,,,1,,,,,
,,,,,,,,Y,30_chair_kick_girl.jpg,Y,,,,1,,,,,
,,,,,,,,Y,28_clown_carry_apple.jpg,Y,,,,1,,,,,
,,,,,,,,N,89_mom_carry_orange.jpg,N,,,,1,,,,,
,,,,,,,,Y,78_grass_eat_rabbit.jpg,Y,,,,1,,,,,
,,,,,,,,N,82_egg_draw_mom.jpg,N,,,,1,,,,,
,,,,,,,,N,76_boy_eat_chocolate.jpg,N,,,,1,,,,,
,,,,,,,,N,72_girl_push_chair.jpg,N,,,,1,,,,,
,,,,,,,,N,73_clown_push_tv.jpg,N,,,,1,,,,,
