typedWord,STScore,itemPrompt,imageFile,mouse_2.clicked_name,typedWord2,videoFile,FSCorrect,matchResponse,imageDrawn,matchCorrAns,CorrRespST,CorrRespMaze,MazeScore,MatchCorrect,MatchScore,STScore,MazeScore,FSScore,ASLCT
 her friend,0,"Who did Missy go to the mall with? Please type your response below. If you are not sure, make your best guess.",ASLCompStim6.jpg,"[""bike"",""dog""]", apple,FSAndroid.mp4,0,N,87_cookie_bite_woman.jpg,Y,brother and wife (sister in law),"[""flower"",""store"",""balloon""]",0,0,5,0,15,0,12
 It was likely because the story was about making noise in a quiet place.,0,"The title of this short story is - Making Noise. In 1-2 sentences, please explain why this title was chosen below. If you are not sure, make your best guess.",ASLCompStim1.jpg,"[""purse"",""store"",""balloon""]",hello,FSVanilla.mp4,0,Y,71_tree_push_man.jpg,Y,using the restroom makes noise,"[""purse"",""store"",""balloon""]",6,1,,,,,
 Jamil is a Journalist,0,"What is Jamil's job? Please type your response below. If you are not sure, make your best guess.",ASLCompStim3.jpg,"[""bike"",""PO"",""flower""]",park,FSGlass.mp4,0,Y,91_apple_kick_sheep.jpg,N,ASL instructor,"[""bike"",""balloon"",""hospital""]",2,0,,,,,
 Middle east,0,"Where was Jamil born? Please type your response below. If you are not sure, make your best guess.",ASLCompStim5.jpg,"[""purse"",""balloon"",""bike""]",love,FSIce.mp4,0,Y,79_candy_eat_girl.jpg,Y,Bangladesh,"[""dog"",""store"",""bike""]",2,1,,,,,
 America,0,Where was Melissa Born?,ASLCompStim2.jpg,"[""flower"",""PO"",""dog""]",fall,FSHill.mp4,0,N,40_dad_paint_chair.jpg,Y,Australia,"[""flower"",""dog"",""balloon""]",3,0,,,,,
Cinnamon swirl,0,What kind of cookie was shown in the video?,ASLCompStim4.jpg,"[""purse"",""flower"",""PO""]",fez,FSPizza.mp4,0,Y,74_table_push_teacher.jpg,Y,Date cookie,"[""purse"",""hospital"",""store""]",2,1,,,,,
,,,,,boy,FSBerry.mp4,0,Y,77_dog_eat_bone.jpg,N,,,,0,,,,,
,,,,,bolt,FSFeet.mp4,0,N,32_cow_kick_door.jpg,Y,,,,0,,,,,
,,,,,hurt,FSBooks.mp4,0,Y,26_cookie_carry_dad.jpg,N,,,,0,,,,,
,,,,,flute,FSAlgebra.mp4,0,N,27_egg_carry_boy.jpg,Y,,,,0,,,,,
,,,,,,,,Y,29_dad_kick_table.jpg,N,,,,0,,,,,
,,,,,,,,Y,85_boy_draw_tv.jpg,N,,,,0,,,,,
,,,,,,,,Y,30_chair_kick_girl.jpg,N,,,,0,,,,,
,,,,,,,,N,28_clown_carry_apple.jpg,Y,,,,0,,,,,
,,,,,,,,Y,89_mom_carry_orange.jpg,Y,,,,1,,,,,
,,,,,,,,Y,78_grass_eat_rabbit.jpg,N,,,,0,,,,,
,,,,,,,,Y,82_egg_draw_mom.jpg,N,,,,0,,,,,
,,,,,,,,Y,76_boy_eat_chocolate.jpg,Y,,,,1,,,,,
,,,,,,,,Y,72_girl_push_chair.jpg,N,,,,0,,,,,
,,,,,,,,Y,73_clown_push_tv.jpg,N,,,,0,,,,,
