typedWord,STScore,itemPrompt,imageFile,mouse_2.clicked_name,typedWord2,videoFile,FSCorrect,matchResponse,imageDrawn,matchCorrAns,CorrRespST,CorrRespMaze,MazeScore,MatchCorrect,MatchScore,STScore,MazeScore,FSScore,ASLCT
 a friend,0,"Who did Missy go to the mall with? Please type your response below. If you are not sure, make your best guess.",ASLCompStim2.jpg,"[""flower"",""balloon""]", vine,FSPizza.mp4,0,Y,87_cookie_bite_woman.jpg,Y,brother and wife (sister in law),"[""flower"",""dog"",""balloon""]",3,1,11,0,13,0,12
 Because it tells about a time when a separate party assumed that both people using sign could not hear and caused a scenee which made the main people in the story feel like they needed to stand up for themselves.,0,"The title of this short story is - Making Noise. In 1-2 sentences, please explain why this title was chosen below. If you are not sure, make your best guess.",ASLCompStim3.jpg,"[""bike"",""hospital"",""hospital"",""bike"",""hospital"",""PO"",""flower"",""PO"",""bike"",""flower"",""flower"",""PO"",""bike"",""hospital"",""store"",""purse"",""store"",""store"",""purse"",""dog"",""dog"",""dog"",""balloon"",""balloon"",""dog""]",full,FSHill.mp4,0,N,71_tree_push_man.jpg,N,using the restroom makes noise,"[""bike"",""balloon"",""hospital""]",0,1,,,,,
 military,0,"What is Jamil's job? Please type your response below. If you are not sure, make your best guess.",ASLCompStim1.jpg,"[""purse"",""balloon"",""dog""]",blind,FSAndroid.mp4,0,Y,91_apple_kick_sheep.jpg,Y,ASL instructor,"[""purse"",""store"",""balloon""]",3,1,,,,,
 long beach,0,"Where was Jamil born? Please type your response below. If you are not sure, make your best guess.",ASLCompStim4.jpg,"[""purse"",""hospital"",""dog""]",Kiss,FSGlass.mp4,0,Y,79_candy_eat_girl.jpg,N,Bangladesh,"[""purse"",""hospital"",""store""]",4,0,,,,,
 thailand,0,Where was Melissa Born?,ASLCompStim6.jpg,"[""PO"",""flower"",""dog""]",fax,FSFeet.mp4,0,N,40_dad_paint_chair.jpg,Y,Australia,"[""flower"",""store"",""balloon""]",1,0,,,,,
 vanilla swirl,0,What kind of cookie was shown in the video?,ASLCompStim5.jpg,"[""flower"",""PO"",""bike""]",vile,FSVanilla.mp4,0,Y,74_table_push_teacher.jpg,Y,Date cookie,"[""dog"",""store"",""bike""]",2,1,,,,,
,,,,,uy,FSBerry.mp4,0,Y,77_dog_eat_bone.jpg,N,,,,0,,,,,
,,,,,gas,FSBooks.mp4,0,N,32_cow_kick_door.jpg,Y,,,,0,,,,,
,,,,,idk,FSIce.mp4,0,Y,26_cookie_carry_dad.jpg,N,,,,0,,,,,
,,,,,lava,FSAlgebra.mp4,0,Y,27_egg_carry_boy.jpg,Y,,,,1,,,,,
,,,,,,,,N,29_dad_kick_table.jpg,Y,,,,0,,,,,
,,,,,,,,Y,85_boy_draw_tv.jpg,Y,,,,1,,,,,
,,,,,,,,N,30_chair_kick_girl.jpg,N,,,,1,,,,,
,,,,,,,,N,28_clown_carry_apple.jpg,N,,,,1,,,,,
,,,,,,,,Y,89_mom_carry_orange.jpg,N,,,,0,,,,,
,,,,,,,,N,78_grass_eat_rabbit.jpg,N,,,,1,,,,,
,,,,,,,,Y,82_egg_draw_mom.jpg,N,,,,0,,,,,
,,,,,,,,N,76_boy_eat_chocolate.jpg,Y,,,,0,,,,,
,,,,,,,,Y,72_girl_push_chair.jpg,Y,,,,1,,,,,
,,,,,,,,N,73_clown_push_tv.jpg,N,,,,1,,,,,
