typedWord,STScore,itemPrompt,imageFile,mouse_2.clicked_name,typedWord2,videoFile,FSCorrect,matchResponse,imageDrawn,matchCorrAns,CorrRespST,CorrRespMaze,MazeScore,MatchCorrect,MatchScore,STScore,MazeScore,FSScore,ASLCT
 her roomates,0,"Who did Missy go to the mall with? Please type your response below. If you are not sure, make your best guess.",ASLCompStim2.jpg,"[""flower"",""balloon""]", Bread ,FSBooks.mp4,0,Y,87_cookie_bite_woman.jpg,N,brother and wife (sister in law),"[""flower"",""dog"",""balloon""]",3,0,13,1,18,2,15
 ,0,"The title of this short story is - Making Noise. In 1-2 sentences, please explain why this title was chosen below. If you are not sure, make your best guess.",ASLCompStim4.jpg,"[""purse"",""store""]",Jam,FSIce.mp4,0,Y,71_tree_push_man.jpg,N,using the restroom makes noise,"[""purse"",""hospital"",""store""]",3,0,,,,,
 ASL teacher,1,"What is Jamil's job? Please type your response below. If you are not sure, make your best guess.",ASLCompStim3.jpg,"[""bike"",""hospital""]",Alana,FSAlgebra.mp4,0,Y,91_apple_kick_sheep.jpg,Y,ASL instructor,"[""bike"",""balloon"",""hospital""]",3,1,,,,,
 Idaho,0,"Where was Jamil born? Please type your response below. If you are not sure, make your best guess.",ASLCompStim6.jpg,"[""flower"",""balloon""]",Pizza,FSPizza.mp4,1,Y,79_candy_eat_girl.jpg,Y,Bangladesh,"[""flower"",""store"",""balloon""]",3,1,,,,,
Boston,0,Where was Melissa Born?,ASLCompStim1.jpg,"[""dog"",""store"",""balloon""]",Bar,FSBerry.mp4,0,N,40_dad_paint_chair.jpg,Y,Australia,"[""purse"",""store"",""balloon""]",4,0,,,,,
It was a cookie from China ,0,What kind of cookie was shown in the video?,ASLCompStim5.jpg,"[""bike"",""store"",""flower""]",Orange,FSAndroid.mp4,0,N,74_table_push_teacher.jpg,N,Date cookie,"[""dog"",""store"",""bike""]",2,1,,,,,
,,,,,Lass,FSGlass.mp4,0,Y,77_dog_eat_bone.jpg,N,,,,0,,,,,
,,,,,Hall,FSHill.mp4,0,Y,32_cow_kick_door.jpg,Y,,,,1,,,,,
,,,,,Feet,FSFeet.mp4,1,Y,26_cookie_carry_dad.jpg,Y,,,,1,,,,,
,,,,,Vanel,FSVanilla.mp4,0,N,27_egg_carry_boy.jpg,N,,,,1,,,,,
,,,,,,,,N,29_dad_kick_table.jpg,Y,,,,0,,,,,
,,,,,,,,N,85_boy_draw_tv.jpg,N,,,,1,,,,,
,,,,,,,,Y,30_chair_kick_girl.jpg,N,,,,0,,,,,
,,,,,,,,Y,28_clown_carry_apple.jpg,Y,,,,1,,,,,
,,,,,,,,Y,89_mom_carry_orange.jpg,Y,,,,1,,,,,
,,,,,,,,Y,78_grass_eat_rabbit.jpg,N,,,,0,,,,,
,,,,,,,,Y,82_egg_draw_mom.jpg,Y,,,,1,,,,,
,,,,,,,,N,76_boy_eat_chocolate.jpg,N,,,,1,,,,,
,,,,,,,,Y,72_girl_push_chair.jpg,Y,,,,1,,,,,
,,,,,,,,N,73_clown_push_tv.jpg,N,,,,1,,,,,
