typedWord,STScore,itemPrompt,imageFile,mouse_2.clicked_name,typedWord2,videoFile,FSCorrect,matchResponse,imageDrawn,matchCorrAns,CorrRespST,CorrRespMaze,MazeScore,MatchCorrect,MatchScore,STScore,MazeScore,FSScore,ASLCT
 her sister,0,"Who did Missy go to the mall with? Please type your response below. If you are not sure, make your best guess.",ASLCompStim1.jpg,"[""dog"",""store"",""balloon""]", board,FSBooks.mp4,0,Y,87_cookie_bite_woman.jpg,Y,brother and wife (sister in law),"[""purse"",""store"",""balloon""]",4,1,20,4,30,6,17
 This title was chosen because its about the noise you make when you go to the bathroom. It was about her experience and the first time she learned that. ,1,"The title of this short story is - Making Noise. In 1-2 sentences, please explain why this title was chosen below. If you are not sure, make your best guess.",ASLCompStim6.jpg,"[""flower"",""PO"",""balloon""]",ice,FSIce.mp4,1,Y,71_tree_push_man.jpg,Y,using the restroom makes noise,"[""flower"",""store"",""balloon""]",4,1,,,,,
 He is an ASL teacher,1,"What is Jamil's job? Please type your response below. If you are not sure, make your best guess.",ASLCompStim2.jpg,"[""flower"",""dog"",""balloon""]",bay,FSBerry.mp4,0,N,91_apple_kick_sheep.jpg,N,ASL instructor,"[""flower"",""dog"",""balloon""]",6,1,,,,,
 Born in India Bangladesh,1,"Where was Jamil born? Please type your response below. If you are not sure, make your best guess.",ASLCompStim3.jpg,"[""bike"",""balloon"",""hospital""]",pizza,FSPizza.mp4,1,N,79_candy_eat_girl.jpg,N,Bangladesh,"[""bike"",""balloon"",""hospital""]",6,1,,,,,
 Australia,1,Where was Melissa Born?,ASLCompStim5.jpg,"[""purse"",""store"",""bike""]",loss,FSGlass.mp4,0,Y,40_dad_paint_chair.jpg,Y,Australia,"[""dog"",""store"",""bike""]",4,1,,,,,
 not sure of name,0,What kind of cookie was shown in the video?,ASLCompStim4.jpg,"[""purse"",""hospital"",""store""]",android,FSAndroid.mp4,1,Y,74_table_push_teacher.jpg,Y,Date cookie,"[""purse"",""hospital"",""store""]",6,1,,,,,
,,,,,vanilla,FSVanilla.mp4,1,N,77_dog_eat_bone.jpg,N,,,,1,,,,,
,,,,,feet,FSFeet.mp4,1,N,32_cow_kick_door.jpg,N,,,,1,,,,,
,,,,,hill,FSHill.mp4,1,Y,26_cookie_carry_dad.jpg,Y,,,,1,,,,,
,,,,,,FSAlgebra.mp4,0,Y,27_egg_carry_boy.jpg,Y,,,,1,,,,,
,,,,,,,,Y,29_dad_kick_table.jpg,Y,,,,1,,,,,
,,,,,,,,N,85_boy_draw_tv.jpg,N,,,,1,,,,,
,,,,,,,,Y,30_chair_kick_girl.jpg,Y,,,,1,,,,,
,,,,,,,,N,28_clown_carry_apple.jpg,N,,,,1,,,,,
,,,,,,,,Y,89_mom_carry_orange.jpg,Y,,,,1,,,,,
,,,,,,,,N,78_grass_eat_rabbit.jpg,N,,,,1,,,,,
,,,,,,,,N,82_egg_draw_mom.jpg,N,,,,1,,,,,
,,,,,,,,N,76_boy_eat_chocolate.jpg,N,,,,1,,,,,
,,,,,,,,N,72_girl_push_chair.jpg,N,,,,1,,,,,
,,,,,,,,Y,73_clown_push_tv.jpg,Y,,,,1,,,,,
