typedWord,STScore,itemPrompt,imageFile,mouse_2.clicked_name,typedWord2,videoFile,FSCorrect,matchResponse,imageDrawn,matchCorrAns,CorrRespST,CorrRespMaze,MazeScore,MatchCorrect,MatchScore,STScore,MazeScore,FSScore,ASLCT
Husband,0,"Who did Missy go to the mall with? Please type your response below. If you are not sure, make your best guess.",ASLCompStim3.jpg,"[""bike"",""purse"",""hospital""]", pizza,FSPizza.mp4,1,Y,87_cookie_bite_woman.jpg,N,brother and wife (sister in law),"[""bike"",""balloon"",""hospital""]",4,0,14,2,18,1,17
 This title was chosen because the story involves a Deaf person and their understanding of how they make noise. As well as how hearing people are able to hear noises made by a Deaf person.,0,"The title of this short story is - Making Noise. In 1-2 sentences, please explain why this title was chosen below. If you are not sure, make your best guess.",ASLCompStim6.jpg,"[""flower"",""flower"",""bike"",""bike"",""store"",""bike"",""PO"",""store"",""purse"",""dog"",""dog"",""dog"",""dog"",""hospital"",""balloon"",""dog"",""balloon"",""balloon"",""hospital""]",  ,FSIce.mp4,0,N,71_tree_push_man.jpg,Y,using the restroom makes noise,"[""flower"",""store"",""balloon""]",0,0,,,,,
 ,0,"What is Jamil's job? Please type your response below. If you are not sure, make your best guess.",ASLCompStim4.jpg,"[""purse"",""hospital"",""store""]",asl,FSAlgebra.mp4,0,N,91_apple_kick_sheep.jpg,N,ASL instructor,"[""purse"",""hospital"",""store""]",6,1,,,,,
 ,0,"Where was Jamil born? Please type your response below. If you are not sure, make your best guess.",ASLCompStim1.jpg,"[""dog"",""store"",""balloon""]",vacae,FSFeet.mp4,0,N,79_candy_eat_girl.jpg,N,Bangladesh,"[""purse"",""store"",""balloon""]",4,1,,,,,
 Australia,1,Where was Melissa Born?,ASLCompStim5.jpg,"[""flower"",""store"",""bike""]",id,FSAndroid.mp4,0,Y,40_dad_paint_chair.jpg,N,Australia,"[""dog"",""store"",""bike""]",4,0,,,,,
 date swirl cookies,1,What kind of cookie was shown in the video?,ASLCompStim2.jpg,"[""dog"",""dog"",""dog"",""flower"",""balloon""]",hall,FSHill.mp4,0,Y,74_table_push_teacher.jpg,Y,Date cookie,"[""flower"",""dog"",""balloon""]",0,1,,,,,
,,,,,valid,FSVanilla.mp4,0,Y,77_dog_eat_bone.jpg,N,,,,0,,,,,
,,,,,buy,FSBerry.mp4,0,Y,32_cow_kick_door.jpg,Y,,,,1,,,,,
,,,,,gass,FSGlass.mp4,0,Y,26_cookie_carry_dad.jpg,Y,,,,1,,,,,
,,,,,bus,FSBooks.mp4,0,N,27_egg_carry_boy.jpg,N,,,,1,,,,,
,,,,,,,,N,29_dad_kick_table.jpg,N,,,,1,,,,,
,,,,,,,,Y,85_boy_draw_tv.jpg,Y,,,,1,,,,,
,,,,,,,,N,30_chair_kick_girl.jpg,N,,,,1,,,,,
,,,,,,,,Y,28_clown_carry_apple.jpg,Y,,,,1,,,,,
,,,,,,,,N,89_mom_carry_orange.jpg,N,,,,1,,,,,
,,,,,,,,Y,78_grass_eat_rabbit.jpg,Y,,,,1,,,,,
,,,,,,,,N,82_egg_draw_mom.jpg,Y,,,,0,,,,,
,,,,,,,,Y,76_boy_eat_chocolate.jpg,N,,,,0,,,,,
,,,,,,,,Y,72_girl_push_chair.jpg,Y,,,,1,,,,,
,,,,,,,,Y,73_clown_push_tv.jpg,Y,,,,1,,,,,
