typedWord,STScore,itemPrompt,imageFile,mouse_2.clicked_name,typedWord2,videoFile,FSCorrect,matchResponse,imageDrawn,matchCorrAns,CorrRespST,CorrRespMaze,MazeScore,MatchCorrect,MatchScore,STScore,MazeScore,FSScore,ASLCT
 her mother and her friend,0,"Who did Missy go to the mall with? Please type your response below. If you are not sure, make your best guess.",ASLCompStim1.jpg,"[""store"",""balloon""]", hill,FSHill.mp4,1,Y,87_cookie_bite_woman.jpg,Y,brother and wife (sister in law),"[""purse"",""store"",""balloon""]",2,1,20,1,26,3,19
 The story describes experinces in mostly Deaf environments like Gallaudet vs mostly hearing enviornments like the mall,0,"The title of this short story is - Making Noise. In 1-2 sentences, please explain why this title was chosen below. If you are not sure, make your best guess.",ASLCompStim2.jpg,"[""flower"",""purse"",""balloon""]",bay,FSBerry.mp4,0,N,71_tree_push_man.jpg,N,using the restroom makes noise,"[""flower"",""dog"",""balloon""]",4,1,,,,,
 he is an ASL teacher ,1,"What is Jamil's job? Please type your response below. If you are not sure, make your best guess.",ASLCompStim4.jpg,"[""dog"",""hospital"",""store""]",ski,FSIce.mp4,0,Y,91_apple_kick_sheep.jpg,Y,ASL instructor,"[""purse"",""hospital"",""store""]",4,1,,,,,
 India,0,"Where was Jamil born? Please type your response below. If you are not sure, make your best guess.",ASLCompStim6.jpg,"[""flower"",""PO"",""balloon""]",bios,FSBooks.mp4,0,Y,79_candy_eat_girl.jpg,Y,Bangladesh,"[""flower"",""store"",""balloon""]",4,1,,,,,
 missed it,0,Where was Melissa Born?,ASLCompStim5.jpg,"[""dog"",""store"",""bike""]",feet,FSFeet.mp4,1,Y,40_dad_paint_chair.jpg,Y,Australia,"[""dog"",""store"",""bike""]",6,1,,,,,
 cinnomon roll cookie,0,What kind of cookie was shown in the video?,ASLCompStim3.jpg,"[""bike"",""balloon"",""hospital""]",kegs ,FSGlass.mp4,0,N,74_table_push_teacher.jpg,N,Date cookie,"[""bike"",""balloon"",""hospital""]",6,1,,,,,
,,,,,vanilla,FSVanilla.mp4,1,N,77_dog_eat_bone.jpg,N,,,,1,,,,,
,,,,,pineapple,FSAndroid.mp4,0,Y,32_cow_kick_door.jpg,Y,,,,1,,,,,
,,,,,asl lang,FSAlgebra.mp4,0,N,26_cookie_carry_dad.jpg,N,,,,1,,,,,
,,,,,zoom,FSPizza.mp4,0,N,27_egg_carry_boy.jpg,N,,,,1,,,,,
,,,,,,,,N,29_dad_kick_table.jpg,N,,,,1,,,,,
,,,,,,,,N,85_boy_draw_tv.jpg,N,,,,1,,,,,
,,,,,,,,Y,30_chair_kick_girl.jpg,Y,,,,1,,,,,
,,,,,,,,Y,28_clown_carry_apple.jpg,Y,,,,1,,,,,
,,,,,,,,N,89_mom_carry_orange.jpg,N,,,,1,,,,,
,,,,,,,,Y,78_grass_eat_rabbit.jpg,Y,,,,1,,,,,
,,,,,,,,Y,82_egg_draw_mom.jpg,Y,,,,1,,,,,
,,,,,,,,N,76_boy_eat_chocolate.jpg,N,,,,1,,,,,
,,,,,,,,N,72_girl_push_chair.jpg,N,,,,1,,,,,
,,,,,,,,Y,73_clown_push_tv.jpg,Y,,,,1,,,,,
