typedWord,STScore,itemPrompt,imageFile,mouse_2.clicked_name,typedWord2,videoFile,FSCorrect,matchResponse,imageDrawn,matchCorrAns,CorrRespST,CorrRespMaze,MazeScore,MatchCorrect,MatchScore,STScore,MazeScore,FSScore,ASLCT
 roommates,0,"Who did Missy go to the mall with? Please type your response below. If you are not sure, make your best guess.",ASLCompStim1.jpg,"[""purse"",""store"",""purse"",""dog""]", bread ,FSAndroid.mp4,0,N,87_cookie_bite_woman.jpg,Y,brother and wife (sister in law),"[""purse"",""store"",""balloon""]",4,0,16,1,31,2,13
 When at the mall she needed to go to the bathroom. The noise refers to hearing others in the rest room.,1,"The title of this short story is - Making Noise. In 1-2 sentences, please explain why this title was chosen below. If you are not sure, make your best guess.",ASLCompStim6.jpg,"[""flower"",""store"",""balloon""]",tall,FSGlass.mp4,0,Y,71_tree_push_man.jpg,Y,using the restroom makes noise,"[""flower"",""store"",""balloon""]",6,1,,,,,
 translating between 2 forms of sign language,0,"What is Jamil's job? Please type your response below. If you are not sure, make your best guess.",ASLCompStim3.jpg,"[""bike"",""balloon"",""hospital""]", ,FSIce.mp4,0,Y,91_apple_kick_sheep.jpg,Y,ASL instructor,"[""bike"",""balloon"",""hospital""]",6,1,,,,,
 an island,0,"Where was Jamil born? Please type your response below. If you are not sure, make your best guess.",ASLCompStim2.jpg,"[""flower"",""dog"",""PO"",""balloon""]",al  a,FSAlgebra.mp4,0,Y,79_candy_eat_girl.jpg,Y,Bangladesh,"[""flower"",""dog"",""balloon""]",5,1,,,,,
 ,0,Where was Melissa Born?,ASLCompStim4.jpg,"[""purse"",""hospital"",""store""]",bay,FSBerry.mp4,0,Y,40_dad_paint_chair.jpg,N,Australia,"[""purse"",""hospital"",""store""]",6,0,,,,,
 a cinnamon rolled cookie,0,What kind of cookie was shown in the video?,ASLCompStim5.jpg,"[""dog"",""PO"",""bike""]",pizza,FSPizza.mp4,1,Y,74_table_push_teacher.jpg,Y,Date cookie,"[""dog"",""store"",""bike""]",4,1,,,,,
,,,,,hill,FSHill.mp4,1,N,77_dog_eat_bone.jpg,N,,,,1,,,,,
,,,,,valley,FSVanilla.mp4,0,N,32_cow_kick_door.jpg,N,,,,1,,,,,
,,,,,b ,FSBooks.mp4,0,N,26_cookie_carry_dad.jpg,N,,,,1,,,,,
,,,,, bat ,FSFeet.mp4,0,N,27_egg_carry_boy.jpg,N,,,,1,,,,,
,,,,,,,,N,29_dad_kick_table.jpg,N,,,,1,,,,,
,,,,,,,,Y,85_boy_draw_tv.jpg,N,,,,0,,,,,
,,,,,,,,Y,30_chair_kick_girl.jpg,Y,,,,1,,,,,
,,,,,,,,Y,28_clown_carry_apple.jpg,Y,,,,1,,,,,
,,,,,,,,N,89_mom_carry_orange.jpg,N,,,,1,,,,,
,,,,,,,,Y,78_grass_eat_rabbit.jpg,Y,,,,1,,,,,
,,,,,,,,Y,82_egg_draw_mom.jpg,Y,,,,1,,,,,
,,,,,,,,N,76_boy_eat_chocolate.jpg,N,,,,1,,,,,
,,,,,,,,N,72_girl_push_chair.jpg,N,,,,1,,,,,
,,,,,,,,N,73_clown_push_tv.jpg,Y,,,,0,,,,,
