typedWord,STScore,itemPrompt,imageFile,mouse_2.clicked_name,typedWord2,videoFile,FSCorrect,matchResponse,imageDrawn,matchCorrAns,CorrRespST,CorrRespMaze,MazeScore,MatchCorrect,MatchScore,STScore,MazeScore,FSScore,ASLCT
 ,0,"Who did Missy go to the mall with? Please type your response below. If you are not sure, make your best guess.",ASLCompStim2.jpg,[], titled,FSAndroid.mp4,0,Y,87_cookie_bite_woman.jpg,N,brother and wife (sister in law),"[""flower"",""dog"",""balloon""]",0,0,15,0,0,2,10
 ,0,"The title of this short story is - Making Noise. In 1-2 sentences, please explain why this title was chosen below. If you are not sure, make your best guess.",ASLCompStim1.jpg,[],riveria,FSAlgebra.mp4,0,Y,71_tree_push_man.jpg,N,using the restroom makes noise,"[""purse"",""store"",""balloon""]",0,0,,,,,
 ,0,"What is Jamil's job? Please type your response below. If you are not sure, make your best guess.",ASLCompStim3.jpg,[],reed,FSFeet.mp4,0,N,91_apple_kick_sheep.jpg,Y,ASL instructor,"[""bike"",""balloon"",""hospital""]",0,0,,,,,
 ,0,"Where was Jamil born? Please type your response below. If you are not sure, make your best guess.",ASLCompStim6.jpg,[],ski,FSIce.mp4,0,N,79_candy_eat_girl.jpg,N,Bangladesh,"[""flower"",""store"",""balloon""]",0,1,,,,,
 ,0,Where was Melissa Born?,ASLCompStim5.jpg,[],rizz,FSPizza.mp4,0,N,40_dad_paint_chair.jpg,N,Australia,"[""dog"",""store"",""bike""]",0,1,,,,,
 ,0,What kind of cookie was shown in the video?,ASLCompStim4.jpg,[],hill,FSHill.mp4,1,N,74_table_push_teacher.jpg,N,Date cookie,"[""purse"",""hospital"",""store""]",0,1,,,,,
,,,,,books,FSBooks.mp4,1,Y,77_dog_eat_bone.jpg,N,,,,0,,,,,
,,,,,landing,FSGlass.mp4,0,Y,32_cow_kick_door.jpg,Y,,,,1,,,,,
,,,,,party,FSBerry.mp4,0,N,26_cookie_carry_dad.jpg,N,,,,1,,,,,
,,,,,village,FSVanilla.mp4,0,Y,27_egg_carry_boy.jpg,Y,,,,1,,,,,
,,,,,,,,Y,29_dad_kick_table.jpg,Y,,,,1,,,,,
,,,,,,,,Y,85_boy_draw_tv.jpg,Y,,,,1,,,,,
,,,,,,,,N,30_chair_kick_girl.jpg,N,,,,1,,,,,
,,,,,,,,Y,28_clown_carry_apple.jpg,Y,,,,1,,,,,
,,,,,,,,Y,89_mom_carry_orange.jpg,Y,,,,1,,,,,
,,,,,,,,Y,78_grass_eat_rabbit.jpg,Y,,,,1,,,,,
,,,,,,,,N,82_egg_draw_mom.jpg,Y,,,,0,,,,,
,,,,,,,,Y,76_boy_eat_chocolate.jpg,Y,,,,1,,,,,
,,,,,,,,N,72_girl_push_chair.jpg,N,,,,1,,,,,
,,,,,,,,N,73_clown_push_tv.jpg,N,,,,1,,,,,
