typedWord,STScore,itemPrompt,imageFile,mouse_2.clicked_name,typedWord2,videoFile,FSCorrect,matchResponse,imageDrawn,matchCorrAns,CorrRespST,CorrRespMaze,MazeScore,MatchCorrect,MatchScore,STScore,MazeScore,FSScore,ASLCT
 her college roommates,0,"Who did Missy go to the mall with? Please type your response below. If you are not sure, make your best guess.",ASLCompStim5.jpg,"[""dog"",""hospital""]", mode,FSBooks.mp4,0,N,87_cookie_bite_woman.jpg,N,brother and wife (sister in law),"[""dog"",""store"",""bike""]",2,1,10,1,15,1,15
 she went to the mall and someone tried to speak to her but she could not hear,0,"The title of this short story is - Making Noise. In 1-2 sentences, please explain why this title was chosen below. If you are not sure, make your best guess.",ASLCompStim4.jpg,"[""dog"",""purse"",""store""]",fit,FSFeet.mp4,0,N,71_tree_push_man.jpg,N,using the restroom makes noise,"[""purse"",""hospital"",""store""]",2,1,,,,,
 ASL teacher,1,"What is Jamil's job? Please type your response below. If you are not sure, make your best guess.",ASLCompStim3.jpg,"[""bike"",""flower"",""hospital""]",hill,FSHill.mp4,1,Y,91_apple_kick_sheep.jpg,Y,ASL instructor,"[""bike"",""balloon"",""hospital""]",4,1,,,,,
jamaica,0,"Where was Jamil born? Please type your response below. If you are not sure, make your best guess.",ASLCompStim2.jpg,"[""dog"",""balloon"",""flower""]",ref,FSIce.mp4,0,Y,79_candy_eat_girl.jpg,N,Bangladesh,"[""flower"",""dog"",""balloon""]",3,0,,,,,
 Ohio,0,Where was Melissa Born?,ASLCompStim1.jpg,"[""flower"",""store"",""PO""]",sly,FSAlgebra.mp4,0,Y,40_dad_paint_chair.jpg,N,Australia,"[""purse"",""store"",""balloon""]",2,0,,,,,
 snickerdoodle,0,What kind of cookie was shown in the video?,ASLCompStim6.jpg,"[""dog"",""PO"",""balloon""]",cryptid,FSAndroid.mp4,0,Y,74_table_push_teacher.jpg,N,Date cookie,"[""flower"",""store"",""balloon""]",2,0,,,,,
,,,,,hey,FSBerry.mp4,0,Y,77_dog_eat_bone.jpg,Y,,,,1,,,,,
,,,,,tea,FSPizza.mp4,0,N,32_cow_kick_door.jpg,N,,,,1,,,,,
,,,,,villa,FSVanilla.mp4,0,N,26_cookie_carry_dad.jpg,Y,,,,0,,,,,
,,,,,lass,FSGlass.mp4,0,Y,27_egg_carry_boy.jpg,Y,,,,1,,,,,
,,,,,,,,Y,29_dad_kick_table.jpg,Y,,,,1,,,,,
,,,,,,,,Y,85_boy_draw_tv.jpg,N,,,,0,,,,,
,,,,,,,,N,30_chair_kick_girl.jpg,Y,,,,0,,,,,
,,,,,,,,N,28_clown_carry_apple.jpg,Y,,,,0,,,,,
,,,,,,,,Y,89_mom_carry_orange.jpg,N,,,,0,,,,,
,,,,,,,,N,78_grass_eat_rabbit.jpg,N,,,,1,,,,,
,,,,,,,,N,82_egg_draw_mom.jpg,N,,,,1,,,,,
,,,,,,,,Y,76_boy_eat_chocolate.jpg,Y,,,,1,,,,,
,,,,,,,,N,72_girl_push_chair.jpg,Y,,,,0,,,,,
,,,,,,,,N,73_clown_push_tv.jpg,Y,,,,0,,,,,
