typedWord,STScore,itemPrompt,imageFile,mouse_2.clicked_name,typedWord2,videoFile,FSCorrect,matchResponse,imageDrawn,matchCorrAns,CorrRespST,CorrRespMaze,MazeScore,MatchCorrect,MatchScore,STScore,MazeScore,FSScore,ASLCT
 roomates,0,"Who did Missy go to the mall with? Please type your response below. If you are not sure, make your best guess.",ASLCompStim6.jpg,"[""flower"",""hospital""]", busy,FSBerry.mp4,0,N,87_cookie_bite_woman.jpg,N,brother and wife (sister in law),"[""flower"",""store"",""balloon""]",2,1,19,1,22,4,14
 The speaker was talking about how she is deaf and the noise gave others a headache.,0,"The title of this short story is - Making Noise. In 1-2 sentences, please explain why this title was chosen below. If you are not sure, make your best guess.",ASLCompStim3.jpg,"[""bike"",""balloon"",""hospital""]",pizza,FSPizza.mp4,1,Y,71_tree_push_man.jpg,Y,using the restroom makes noise,"[""bike"",""balloon"",""hospital""]",6,1,,,,,
 ASL teacher,1,"What is Jamil's job? Please type your response below. If you are not sure, make your best guess.",ASLCompStim2.jpg,"[""flower"",""purse"",""purse"",""balloon""]",hilly,FSHill.mp4,1,N,91_apple_kick_sheep.jpg,N,ASL instructor,"[""flower"",""dog"",""balloon""]",3,1,,,,,
 no idea,0,"Where was Jamil born? Please type your response below. If you are not sure, make your best guess.",ASLCompStim5.jpg,"[""bike"",""store""]",villa,FSVanilla.mp4,0,Y,79_candy_eat_girl.jpg,Y,Bangladesh,"[""dog"",""store"",""bike""]",2,1,,,,,
 no idea,0,Where was Melissa Born?,ASLCompStim4.jpg,"[""flower"",""hospital"",""purse""]",not sure,FSAndroid.mp4,0,N,40_dad_paint_chair.jpg,N,Australia,"[""purse"",""hospital"",""store""]",3,1,,,,,
 cinnamon,0,What kind of cookie was shown in the video?,ASLCompStim1.jpg,"[""purse"",""store"",""balloon""]",book,FSBooks.mp4,1,Y,74_table_push_teacher.jpg,Y,Date cookie,"[""purse"",""store"",""balloon""]",6,1,,,,,
,,,,,first,FSFeet.mp4,0,Y,77_dog_eat_bone.jpg,Y,,,,1,,,,,
,,,,,algebra,FSAlgebra.mp4,1,N,32_cow_kick_door.jpg,N,,,,1,,,,,
,,,,,not sure,FSIce.mp4,0,N,26_cookie_carry_dad.jpg,N,,,,1,,,,,
,,,,,grape,FSGlass.mp4,0,N,27_egg_carry_boy.jpg,N,,,,1,,,,,
,,,,,,,,Y,29_dad_kick_table.jpg,N,,,,0,,,,,
,,,,,,,,Y,85_boy_draw_tv.jpg,Y,,,,1,,,,,
,,,,,,,,N,30_chair_kick_girl.jpg,N,,,,1,,,,,
,,,,,,,,Y,28_clown_carry_apple.jpg,Y,,,,1,,,,,
,,,,,,,,N,89_mom_carry_orange.jpg,N,,,,1,,,,,
,,,,,,,,N,78_grass_eat_rabbit.jpg,N,,,,1,,,,,
,,,,,,,,Y,82_egg_draw_mom.jpg,Y,,,,1,,,,,
,,,,,,,,Y,76_boy_eat_chocolate.jpg,Y,,,,1,,,,,
,,,,,,,,Y,72_girl_push_chair.jpg,Y,,,,1,,,,,
,,,,,,,,Y,73_clown_push_tv.jpg,Y,,,,1,,,,,
