typedWord,STScore,itemPrompt,imageFile,mouse_2.clicked_name,typedWord2,videoFile,FSCorrect,matchResponse,imageDrawn,matchCorrAns,CorrRespST,CorrRespMaze,MazeScore,MatchCorrect,MatchScore,STScore,MazeScore,FSScore,ASLCT
 her three siblings,0,"Who did Missy go to the mall with? Please type your response below. If you are not sure, make your best guess.",ASLCompStim6.jpg,"[""dog"",""balloon""]", feet,FSFeet.mp4,1,Y,87_cookie_bite_woman.jpg,Y,brother and wife (sister in law),"[""flower"",""store"",""balloon""]",1,1,20,1,29,6,23
 someone at the mall was trying to communicate with these Deaf people by repeating things loudly over and over,0,"The title of this short story is - Making Noise. In 1-2 sentences, please explain why this title was chosen below. If you are not sure, make your best guess.",ASLCompStim4.jpg,"[""purse"",""hospital"",""store""]",books,FSBooks.mp4,1,N,71_tree_push_man.jpg,N,using the restroom makes noise,"[""purse"",""hospital"",""store""]",6,1,,,,,
 he works at the slc,0,"What is Jamil's job? Please type your response below. If you are not sure, make your best guess.",ASLCompStim1.jpg,"[""dog"",""store"",""balloon""]",ice,FSIce.mp4,1,Y,91_apple_kick_sheep.jpg,Y,ASL instructor,"[""purse"",""store"",""balloon""]",4,1,,,,,
 bangladesh,1,"Where was Jamil born? Please type your response below. If you are not sure, make your best guess.",ASLCompStim2.jpg,"[""flower"",""dog"",""balloon""]",hill,FSHill.mp4,1,N,79_candy_eat_girl.jpg,N,Bangladesh,"[""flower"",""dog"",""balloon""]",6,1,,,,,
 south korea,0,Where was Melissa Born?,ASLCompStim5.jpg,"[""dog"",""store"",""bike""]",pizza,FSPizza.mp4,1,N,40_dad_paint_chair.jpg,N,Australia,"[""dog"",""store"",""bike""]",6,1,,,,,
 oatmeal raisin,0,What kind of cookie was shown in the video?,ASLCompStim3.jpg,"[""bike"",""balloon"",""hospital""]",worry,FSBerry.mp4,0,N,74_table_push_teacher.jpg,N,Date cookie,"[""bike"",""balloon"",""hospital""]",6,1,,,,,
,,,,,intended,FSAndroid.mp4,0,N,77_dog_eat_bone.jpg,N,,,,1,,,,,
,,,,,vanilla,FSVanilla.mp4,1,Y,32_cow_kick_door.jpg,Y,,,,1,,,,,
,,,,,alquina,FSAlgebra.mp4,0,N,26_cookie_carry_dad.jpg,N,,,,1,,,,,
,,,,,guess,FSGlass.mp4,0,Y,27_egg_carry_boy.jpg,Y,,,,1,,,,,
,,,,,,,,Y,29_dad_kick_table.jpg,Y,,,,1,,,,,
,,,,,,,,Y,85_boy_draw_tv.jpg,Y,,,,1,,,,,
,,,,,,,,Y,30_chair_kick_girl.jpg,Y,,,,1,,,,,
,,,,,,,,Y,28_clown_carry_apple.jpg,Y,,,,1,,,,,
,,,,,,,,N,89_mom_carry_orange.jpg,N,,,,1,,,,,
,,,,,,,,Y,78_grass_eat_rabbit.jpg,Y,,,,1,,,,,
,,,,,,,,Y,82_egg_draw_mom.jpg,Y,,,,1,,,,,
,,,,,,,,N,76_boy_eat_chocolate.jpg,N,,,,1,,,,,
,,,,,,,,N,72_girl_push_chair.jpg,N,,,,1,,,,,
,,,,,,,,N,73_clown_push_tv.jpg,N,,,,1,,,,,
