typedWord,STScore,itemPrompt,imageFile,mouse_2.clicked_name,typedWord2,videoFile,FSCorrect,matchResponse,imageDrawn,matchCorrAns,CorrRespST,CorrRespMaze,MazeScore,MatchCorrect,MatchScore,STScore,MazeScore,FSScore,ASLCT
 Sister in law,1,"Who did Missy go to the mall with? Please type your response below. If you are not sure, make your best guess.",ASLCompStim6.jpg,"[""flower"",""store"",""balloon""]", Android,FSAndroid.mp4,1,Y,87_cookie_bite_woman.jpg,Y,brother and wife (sister in law),"[""flower"",""store"",""balloon""]",6,1,20,5,34,10,22
 The story was about how deaf people dont know that hearing people can hear them going to the bathroom.  The speaker was shocked at first then decided that the hearing folks could just deal with it.,1,"The title of this short story is - Making Noise. In 1-2 sentences, please explain why this title was chosen below. If you are not sure, make your best guess.",ASLCompStim5.jpg,"[""dog"",""store"",""bike""]",Books,FSBooks.mp4,1,N,71_tree_push_man.jpg,N,using the restroom makes noise,"[""dog"",""store"",""bike""]",6,1,,,,,
 Teaching Asl ,1,"What is Jamil's job? Please type your response below. If you are not sure, make your best guess.",ASLCompStim2.jpg,"[""flower"",""dog"",""balloon""]",Pizza,FSPizza.mp4,1,N,91_apple_kick_sheep.jpg,N,ASL instructor,"[""flower"",""dog"",""balloon""]",6,1,,,,,
 Bangladesh,1,"Where was Jamil born? Please type your response below. If you are not sure, make your best guess.",ASLCompStim1.jpg,"[""dog"",""store"",""balloon""]",Ice,FSIce.mp4,1,Y,79_candy_eat_girl.jpg,Y,Bangladesh,"[""purse"",""store"",""balloon""]",4,1,,,,,
 Australia,1,Where was Melissa Born?,ASLCompStim4.jpg,"[""purse"",""hospital"",""store""]",Feet,FSFeet.mp4,1,N,40_dad_paint_chair.jpg,N,Australia,"[""purse"",""hospital"",""store""]",6,1,,,,,
 The fingerspelling was difficult to read.  It looked like Danish Wheel.  I would have requested a repeat.,0,What kind of cookie was shown in the video?,ASLCompStim3.jpg,"[""bike"",""balloon"",""hospital""]",Hill,FSHill.mp4,1,N,74_table_push_teacher.jpg,N,Date cookie,"[""bike"",""balloon"",""hospital""]",6,1,,,,,
,,,,,Algebra,FSAlgebra.mp4,1,N,77_dog_eat_bone.jpg,N,,,,1,,,,,
,,,,,Vanilla,FSVanilla.mp4,1,N,32_cow_kick_door.jpg,N,,,,1,,,,,
,,,,,Berry,FSBerry.mp4,1,N,26_cookie_carry_dad.jpg,N,,,,1,,,,,
,,,,,glass,FSGlass.mp4,1,Y,27_egg_carry_boy.jpg,Y,,,,1,,,,,
,,,,,,,,N,29_dad_kick_table.jpg,N,,,,1,,,,,
,,,,,,,,Y,85_boy_draw_tv.jpg,Y,,,,1,,,,,
,,,,,,,,Y,30_chair_kick_girl.jpg,Y,,,,1,,,,,
,,,,,,,,Y,28_clown_carry_apple.jpg,Y,,,,1,,,,,
,,,,,,,,Y,89_mom_carry_orange.jpg,Y,,,,1,,,,,
,,,,,,,,Y,78_grass_eat_rabbit.jpg,Y,,,,1,,,,,
,,,,,,,,N,82_egg_draw_mom.jpg,N,,,,1,,,,,
,,,,,,,,Y,76_boy_eat_chocolate.jpg,Y,,,,1,,,,,
,,,,,,,,N,72_girl_push_chair.jpg,N,,,,1,,,,,
,,,,,,,,Y,73_clown_push_tv.jpg,Y,,,,1,,,,,
