typedWord,STScore,itemPrompt,imageFile,mouse_2.clicked_name,typedWord2,videoFile,FSCorrect,matchResponse,imageDrawn,matchCorrAns,CorrRespST,CorrRespMaze,MazeScore,MatchCorrect,MatchScore,STScore,MazeScore,FSScore,ASLCT
 Sister in law and brother,1,"Who did Missy go to the mall with? Please type your response below. If you are not sure, make your best guess.",ASLCompStim5.jpg,"[""dog"",""store"",""flower""]", books,FSBooks.mp4,1,Y,87_cookie_bite_woman.jpg,Y,brother and wife (sister in law),"[""dog"",""store"",""bike""]",4,1,20,6,24,10,25
 She found out from her sister in law that people can hear each other going to the bathroom in the stalls next to you. Like niagra falls is what she referred to and was embarrased. ,1,"The title of this short story is - Making Noise. In 1-2 sentences, please explain why this title was chosen below. If you are not sure, make your best guess.",ASLCompStim1.jpg,"[""dog"",""store"",""balloon""]",glass,FSGlass.mp4,1,N,71_tree_push_man.jpg,N,using the restroom makes noise,"[""purse"",""store"",""balloon""]",4,1,,,,,
 He is an ASL teacher at the Sign Language Center.,1,"What is Jamil's job? Please type your response below. If you are not sure, make your best guess.",ASLCompStim2.jpg,"[""flower"",""store"",""purse"",""balloon"",""purse"",""dog""]",hill,FSHill.mp4,1,N,91_apple_kick_sheep.jpg,N,ASL instructor,"[""flower"",""dog"",""balloon""]",0,1,,,,,
 Bangladesh,1,"Where was Jamil born? Please type your response below. If you are not sure, make your best guess.",ASLCompStim3.jpg,"[""bike"",""balloon"",""hospital""]",ice,FSIce.mp4,1,N,79_candy_eat_girl.jpg,N,Bangladesh,"[""bike"",""balloon"",""hospital""]",6,1,,,,,
 Australia,1,Where was Melissa Born?,ASLCompStim4.jpg,"[""purse"",""hospital"",""store""]",algebra,FSAlgebra.mp4,1,N,40_dad_paint_chair.jpg,N,Australia,"[""purse"",""hospital"",""store""]",6,1,,,,,
 date swirl cookies ,1,What kind of cookie was shown in the video?,ASLCompStim6.jpg,"[""flower"",""PO"",""balloon""]",vanilla,FSVanilla.mp4,1,Y,74_table_push_teacher.jpg,Y,Date cookie,"[""flower"",""store"",""balloon""]",4,1,,,,,
,,,,,android ,FSAndroid.mp4,1,Y,77_dog_eat_bone.jpg,Y,,,,1,,,,,
,,,,,berry,FSBerry.mp4,1,Y,32_cow_kick_door.jpg,Y,,,,1,,,,,
,,,,,pizza,FSPizza.mp4,1,N,26_cookie_carry_dad.jpg,N,,,,1,,,,,
,,,,,feet,FSFeet.mp4,1,Y,27_egg_carry_boy.jpg,Y,,,,1,,,,,
,,,,,,,,Y,29_dad_kick_table.jpg,Y,,,,1,,,,,
,,,,,,,,Y,85_boy_draw_tv.jpg,Y,,,,1,,,,,
,,,,,,,,N,30_chair_kick_girl.jpg,N,,,,1,,,,,
,,,,,,,,N,28_clown_carry_apple.jpg,N,,,,1,,,,,
,,,,,,,,N,89_mom_carry_orange.jpg,N,,,,1,,,,,
,,,,,,,,Y,78_grass_eat_rabbit.jpg,Y,,,,1,,,,,
,,,,,,,,Y,82_egg_draw_mom.jpg,Y,,,,1,,,,,
,,,,,,,,Y,76_boy_eat_chocolate.jpg,Y,,,,1,,,,,
,,,,,,,,N,72_girl_push_chair.jpg,N,,,,1,,,,,
,,,,,,,,N,73_clown_push_tv.jpg,N,,,,1,,,,,
