typedWord,STScore,itemPrompt,imageFile,mouse_2.clicked_name,typedWord2,videoFile,FSCorrect,matchResponse,imageDrawn,matchCorrAns,CorrRespST,CorrRespMaze,MazeScore,MatchCorrect,MatchScore,STScore,MazeScore,FSScore,ASLCT
 Her roommates,0,"Who did Missy go to the mall with? Please type your response below. If you are not sure, make your best guess.",ASLCompStim3.jpg,"[""bike"",""purse"",""hospital""]", books,FSBooks.mp4,1,N,87_cookie_bite_woman.jpg,N,brother and wife (sister in law),"[""bike"",""balloon"",""hospital""]",4,1,15,5,24,6,23
 Title is so because of her roommate did not know that people make noise in the bathroom and that can be heard to other people in different stalls,1,"The title of this short story is - Making Noise. In 1-2 sentences, please explain why this title was chosen below. If you are not sure, make your best guess.",ASLCompStim6.jpg,"[""dog"",""PO"",""balloon""]",missed this,FSVanilla.mp4,0,N,71_tree_push_man.jpg,N,using the restroom makes noise,"[""flower"",""store"",""balloon""]",2,1,,,,,
 ASL teacher,1,"What is Jamil's job? Please type your response below. If you are not sure, make your best guess.",ASLCompStim2.jpg,"[""purse"",""dog"",""balloon""]",ry ,FSBerry.mp4,0,Y,91_apple_kick_sheep.jpg,N,ASL instructor,"[""flower"",""dog"",""balloon""]",4,0,,,,,
 Bangladesh,1,"Where was Jamil born? Please type your response below. If you are not sure, make your best guess.",ASLCompStim5.jpg,"[""dog"",""purse"",""bike""]",algebra,FSAlgebra.mp4,1,N,79_candy_eat_girl.jpg,N,Bangladesh,"[""dog"",""store"",""bike""]",4,1,,,,,
 Australia,1,Where was Melissa Born?,ASLCompStim4.jpg,"[""purse"",""hospital"",""store""]",ice,FSIce.mp4,1,N,40_dad_paint_chair.jpg,N,Australia,"[""purse"",""hospital"",""store""]",6,1,,,,,
 Date swirl,1,What kind of cookie was shown in the video?,ASLCompStim1.jpg,"[""dog"",""store"",""balloon""]",foot ,FSFeet.mp4,1,N,74_table_push_teacher.jpg,Y,Date cookie,"[""purse"",""store"",""balloon""]",4,0,,,,,
,,,,,pizza ,FSPizza.mp4,1,Y,77_dog_eat_bone.jpg,Y,,,,1,,,,,
,,,,,gloss,FSGlass.mp4,0,Y,32_cow_kick_door.jpg,N,,,,0,,,,,
,,,,,hill,FSHill.mp4,1,N,26_cookie_carry_dad.jpg,Y,,,,0,,,,,
,,,,,missed,FSAndroid.mp4,0,Y,27_egg_carry_boy.jpg,N,,,,0,,,,,
,,,,,,,,Y,29_dad_kick_table.jpg,Y,,,,1,,,,,
,,,,,,,,Y,85_boy_draw_tv.jpg,Y,,,,1,,,,,
,,,,,,,,Y,30_chair_kick_girl.jpg,Y,,,,1,,,,,
,,,,,,,,N,28_clown_carry_apple.jpg,N,,,,1,,,,,
,,,,,,,,Y,89_mom_carry_orange.jpg,Y,,,,1,,,,,
,,,,,,,,Y,78_grass_eat_rabbit.jpg,Y,,,,1,,,,,
,,,,,,,,Y,82_egg_draw_mom.jpg,Y,,,,1,,,,,
,,,,,,,,N,76_boy_eat_chocolate.jpg,N,,,,1,,,,,
,,,,,,,,N,72_girl_push_chair.jpg,N,,,,1,,,,,
,,,,,,,,Y,73_clown_push_tv.jpg,Y,,,,1,,,,,
