﻿key_resp_13.keys,key_resp_13.rt,key_resp_16.keys,key_resp_16.rt,key_resp_17.keys,key_resp_17.rt,mouse_5.x,mouse_5.y,mouse_5.leftButton,mouse_5.midButton,mouse_5.rightButton,mouse_5.clicked_name,typedWord,trials_4.thisRepN,trials_4.thisTrialN,trials_4.thisN,trials_4.thisIndex,trials_4.ran,index,videoFile,itemPrompt,participant,session,date,expName,psychopyVersion,OS,frameRate,key_resp_9.keys,key_resp_9.rt,key_resp_18.keys,key_resp_18.rt,resp.x,resp.y,resp.leftButton,resp.midButton,resp.rightButton,resp.clicked_name,MatchLoop.thisRepN,MatchLoop.thisTrialN,MatchLoop.thisN,MatchLoop.thisIndex,MatchLoop.ran,imageDrawn,corrAns,plausibility,match,animacy,mouse_4.x,mouse_4.y,mouse_4.leftButton,mouse_4.midButton,mouse_4.rightButton,mouse_4.clicked_name,key_resp_12.keys,key_resp_12.rt
space,3.7116,space,2.2681,space,0.8398,0.010185199,-0.176851862,1,0,0,Submit1, books,0,0,0,3,1,4,FSBooks.mp4,,T05 ,001,2022-03-21_22h55.12.762,ASLTestBattery2,2021.2.3,Win32,59.97720866,,,,,,,,,,,,,,,,,,,,,,,,,,,,
,,,,,,0.010185199,-0.176851862,1,0,0,Submit1,glass,0,1,1,5,1,6,FSGlass.mp4,,T05 ,001,2022-03-21_22h55.12.762,ASLTestBattery2,2021.2.3,Win32,59.97720866,,,,,,,,,,,,,,,,,,,,,,,,,,,,
,,,,,,0.010185199,-0.176851862,1,0,0,Submit1,hill,0,2,2,6,1,7,FSHill.mp4,,T05 ,001,2022-03-21_22h55.12.762,ASLTestBattery2,2021.2.3,Win32,59.97720866,,,,,,,,,,,,,,,,,,,,,,,,,,,,
,,,,,,0.010185199,-0.176851862,1,0,0,Submit1,ice,0,3,3,7,1,8,FSIce.mp4,,T05 ,001,2022-03-21_22h55.12.762,ASLTestBattery2,2021.2.3,Win32,59.97720866,,,,,,,,,,,,,,,,,,,,,,,,,,,,
,,,,,,0.010185199,-0.176851862,1,0,0,Submit1,algebra,0,4,4,0,1,1,FSAlgebra.mp4,,T05 ,001,2022-03-21_22h55.12.762,ASLTestBattery2,2021.2.3,Win32,59.97720866,,,,,,,,,,,,,,,,,,,,,,,,,,,,
,,,,,,-0.01759258,-0.152777788,1,0,0,Submit1,vanilla,0,5,5,9,1,10,FSVanilla.mp4,,T05 ,001,2022-03-21_22h55.12.762,ASLTestBattery2,2021.2.3,Win32,59.97720866,,,,,,,,,,,,,,,,,,,,,,,,,,,,
,,,,,,-0.01759258,-0.152777788,1,0,0,Submit1,android ,0,6,6,1,1,2,FSAndroid.mp4,,T05 ,001,2022-03-21_22h55.12.762,ASLTestBattery2,2021.2.3,Win32,59.97720866,,,,,,,,,,,,,,,,,,,,,,,,,,,,
,,,,,,-0.01759258,-0.169444454,1,0,0,Submit1,berry,0,7,7,2,1,3,FSBerry.mp4,,T05 ,001,2022-03-21_22h55.12.762,ASLTestBattery2,2021.2.3,Win32,59.97720866,,,,,,,,,,,,,,,,,,,,,,,,,,,,
,,,,,,-0.01759258,-0.169444454,1,0,0,Submit1,pizza,0,8,8,8,1,9,FSPizza.mp4,,T05 ,001,2022-03-21_22h55.12.762,ASLTestBattery2,2021.2.3,Win32,59.97720866,,,,,,,,,,,,,,,,,,,,,,,,,,,,
,,,,,,-0.01759258,-0.169444454,1,0,0,Submit1,feet,0,9,9,4,1,5,FSFeet.mp4,,T05 ,001,2022-03-21_22h55.12.762,ASLTestBattery2,2021.2.3,Win32,59.97720866,,,,,,,,,,,,,,,,,,,,,,,,,,,,
,,,,space,0.8479,,,,,,,,,,,,,9,73ClownPushTV.mp4,,T05 ,001,2022-03-21_22h55.12.762,ASLTestBattery2,2021.2.3,Win32,59.97720866,space,0.4881,space,4.1981,-0.119444433,-0.144444454,1,0,0,Y,0,0,0,8,1,73_clown_push_tv.jpg,Y,canonical,match,inanimate,,,,,,,,
,,,,,,,,,,,,,,,,,,14,79GirlEatCandy.mp4,,T05 ,001,2022-03-21_22h55.12.762,ASLTestBattery2,2021.2.3,Win32,59.97720866,,,,,0.320370388,-0.129629639,1,0,0,N,0,1,1,13,1,79_candy_eat_girl.jpg,N,canonical,mismatch,inanimate,,,,,,,,
,,,,,,,,,,,,,,,,,,11,76ChocolateEatBoy.mp4,,T05 ,001,2022-03-21_22h55.12.762,ASLTestBattery2,2021.2.3,Win32,59.97720866,,,,,0.277777795,-0.125000009,1,0,0,N,0,2,2,10,1,76_boy_eat_chocolate.jpg,N,reversed,mismatch,inanimate,,,,,,,,
,,,,,,,,,,,,,,,,,,7,71ManPushTree.mp4,,T05 ,001,2022-03-21_22h55.12.762,ASLTestBattery2,2021.2.3,Win32,59.97720866,,,,,0.202777794,-0.174074084,1,0,0,N,0,3,3,6,1,71_tree_push_man.jpg,N,canonical,mismatch,inanimate,,,,,,,,
,,,,,,,,,,,,,,,,,,3,28AppleCarryClown.mp4,,T05 ,001,2022-03-21_22h55.12.762,ASLTestBattery2,2021.2.3,Win32,59.97720866,,,,,0.359259278,-0.136111177,1,0,0,N,0,4,4,2,1,28_clown_carry_apple.jpg,N,reversed,mismatch,inanimate,,,,,,,,
,,,,,,,,,,,,,,,,,,10,74TablePushTeacher.mp4,,T05 ,001,2022-03-21_22h55.12.762,ASLTestBattery2,2021.2.3,Win32,59.97720866,,,,,-0.472222216,-0.154629696,1,0,0,Y,0,5,5,9,1,74_table_push_teacher.jpg,Y,reversed,match,inanimate,,,,,,,,
,,,,,,,,,,,,,,,,,,13,78GrassEatRabbit.mp4,,T05 ,001,2022-03-21_22h55.12.762,ASLTestBattery2,2021.2.3,Win32,59.97720866,,,,,-0.162037026,-0.130555565,1,0,0,Y,0,6,6,12,1,78_grass_eat_rabbit.jpg,Y,reversed,match,inanimate,,,,,,,,
,,,,,,,,,,,,,,,,,,1,26CookieCarryDad.mp4,,T05 ,001,2022-03-21_22h55.12.762,ASLTestBattery2,2021.2.3,Win32,59.97720866,,,,,-0.260185176,-0.123148157,1,0,0,Y,0,7,7,0,1,26_cookie_carry_dad.jpg,Y,reversed,match,inanimate,,,,,,,,
,,,,,,,,,,,,,,,,,,8,72ChairPushGirl.mp4,,T05 ,001,2022-03-21_22h55.12.762,ASLTestBattery2,2021.2.3,Win32,59.97720866,,,,,0.235185202,-0.148148158,1,0,0,N,0,8,8,7,1,72_girl_push_chair.jpg,N,reversed,mismatch,inanimate,,,,,,,,
,,,,,,,,,,,,,,,,,,5,30ChairKickGirl.mp4,,T05 ,001,2022-03-21_22h55.12.762,ASLTestBattery2,2021.2.3,Win32,59.97720866,,,,,-0.266666601,-0.177777844,1,0,0,Y,0,9,9,4,1,30_chair_kick_girl.jpg,Y,reversed,match,inanimate,,,,,,,,
,,,,,,,,,,,,,,,,,,4,29DadKickTable.mp4,,T05 ,001,2022-03-21_22h55.12.762,ASLTestBattery2,2021.2.3,Win32,59.97720866,,,,,-0.199074064,-0.11574075,1,0,0,Y,0,10,10,3,1,29_dad_kick_table.jpg,Y,canonical,match,inanimate,,,,,,,,
,,,,,,,,,,,,,,,,,,12,77DogEatBone.mp4,,T05 ,001,2022-03-21_22h55.12.762,ASLTestBattery2,2021.2.3,Win32,59.97720866,,,,,-0.310185177,-0.155555565,1,0,0,Y,0,11,11,11,1,77_dog_eat_bone.jpg,Y,canonical,match,inanimate,,,,,,,,
,,,,,,,,,,,,,,,,,,16,40ChairPaintDad.mp4,,T05 ,001,2022-03-21_22h55.12.762,ASLTestBattery2,2021.2.3,Win32,59.97720866,,,,,0.323148279,-0.127777787,1,0,0,N,0,12,12,15,1,40_dad_paint_chair.jpg,N,reversed,mismatch,inanimate,,,,,,,,
,,,,,,,,,,,,,,,,,,18,87MomBiteCookie.mp4,,T05 ,001,2022-03-21_22h55.12.762,ASLTestBattery2,2021.2.3,Win32,59.97720866,,,,,0.187962979,-0.152777788,1,0,0,N,0,13,13,17,1,87_cookie_bite_woman.jpg,N,canonical,mismatch,inanimate,,,,,,,,
,,,,,,,,,,,,,,,,,,2,27BoyCarryEgg.mp4,,T05 ,001,2022-03-21_22h55.12.762,ASLTestBattery2,2021.2.3,Win32,59.97720866,,,,,0.248148165,-0.161111121,1,0,0,N,0,14,14,1,1,27_egg_carry_boy.jpg,N,canonical,mismatch,inanimate,,,,,,,,
,,,,,,,,,,,,,,,,,,19,89MomCarryOrange.mp4,,T05 ,001,2022-03-21_22h55.12.762,ASLTestBattery2,2021.2.3,Win32,59.97720866,,,,,-0.257407341,-0.133333343,1,0,0,Y,0,15,15,18,1,89_mom_carry_orange.jpg,Y,canonical,match,inanimate,,,,,,,,
,,,,,,,,,,,,,,,,,,17,85BoyDrawTV.mp4,,T05 ,001,2022-03-21_22h55.12.762,ASLTestBattery2,2021.2.3,Win32,59.97720866,,,,,-0.260185176,-0.123148157,1,0,0,Y,0,16,16,16,1,85_boy_draw_tv.jpg,Y,canonical,match,inanimate,,,,,,,,
,,,,,,,,,,,,,,,,,,15,82EggDrawMom.mp4,,T05 ,001,2022-03-21_22h55.12.762,ASLTestBattery2,2021.2.3,Win32,59.97720866,,,,,-0.379629622,-0.175925936,1,0,0,Y,0,17,17,14,1,82_egg_draw_mom.jpg,Y,reversed,match,inanimate,,,,,,,,
,,,,,,,,,,,,,,,,,,20,91SheepKickApple.mp4,,T05 ,001,2022-03-21_22h55.12.762,ASLTestBattery2,2021.2.3,Win32,59.97720866,,,,,0.347222241,-0.112037046,1,0,0,N,0,18,18,19,1,91_apple_kick_sheep.jpg,N,canonical,mismatch,inanimate,,,,,,,,
,,,,,,,,,,,,,,,,,,6,32DoorKickCow.mp4,,T05 ,001,2022-03-21_22h55.12.762,ASLTestBattery2,2021.2.3,Win32,59.97720866,,,,,0.273148165,-0.093518527,1,0,0,N,0,19,19,5,1,32_cow_kick_door.jpg,N,reversed,mismatch,inanimate,,,,,,,,
,,,,,,,,,,,,,,,,,,,,,T05 ,001,2022-03-21_22h55.12.762,ASLTestBattery2,2021.2.3,Win32,59.97720866,,,,,,,,,,,,,,,,,,,,,-0.292592584,-0.125925935,1,0,0,Yes,space,1.739
