﻿key_resp_15.keys,key_resp_15.rt,key_resp_4.keys,key_resp_4.rt,key_resp_17.keys,key_resp_17.rt,key_resp_2.keys,key_resp_2.rt,typedWord,mouse.x,mouse.y,mouse.leftButton,mouse.midButton,mouse.rightButton,mouse.clicked_name,trials.thisRepN,trials.thisTrialN,trials.thisN,trials.thisIndex,trials.ran,index,itemText,videoFile,itemPrompt,participant,session,date,expName,psychopyVersion,OS,frameRate,key_resp.keys,key_resp.rt,key_resp_3.keys,key_resp_3.rt,key_resp_5.keys,key_resp_5.rt,key_resp_7.keys,key_resp_7.rt,mouse_2.x,mouse_2.y,mouse_2.leftButton,mouse_2.midButton,mouse_2.rightButton,mouse_2.time,mouse_2.clicked_name,key_resp_8.keys,key_resp_8.rt,trials_2.thisRepN,trials_2.thisTrialN,trials_2.thisN,trials_2.thisIndex,trials_2.ran,imageFile,corrAns,mouse_4.x,mouse_4.y,mouse_4.leftButton,mouse_4.midButton,mouse_4.rightButton,mouse_4.clicked_name,key_resp_12.keys,key_resp_12.rt
space,26.3078,space,29.3104,space,1.4204,space,5.2012, Sister in law and brother,-0.149999989,-0.147222232,1,0,0,Submit,0,0,0,0,1,1,"The next 2 sections are parts of a story told by Missy Keast. 
After each section you will be asked questions. 
Respond as best as you can. 
Press the space bar to continue.",MakingNoisePart1small.mp4,"Who did Missy go to the mall with? Please type your response below. If you are not sure, make your best guess.",T05 ,001,2022-03-21_22h37.35.942,ASLTestBattery1,2021.2.3,Win32,59.87665409,,,,,,,,,,,,,,,,,,,,,,,,,,,,,,,,
,,,,,,space,1.1946, She found out from her sister in law that people can hear each other going to the bathroom in the stalls next to you. Like niagra falls is what she referred to and was embarrased. ,-0.282407398,-0.139814824,1,0,0,Submit,0,1,1,1,1,2,Press spacebar to continue,MakingNoisePart2small.mp4,"The title of this short story is - Making Noise. In 1-2 sentences, please explain why this title was chosen below. If you are not sure, make your best guess.",T05 ,001,2022-03-21_22h37.35.942,ASLTestBattery1,2021.2.3,Win32,59.87665409,,,,,,,,,,,,,,,,,,,,,,,,,,,,,,,,
,,,,,,space,6.6598, He is an ASL teacher at the Sign Language Center.,-0.391666659,-0.131481547,1,0,0,Submit,0,2,2,2,1,3,"The next few clips are parts of an interview conducted by Joel Barish and Jamil Haque. 
After each section you will be asked questions. 
Respond as best as you can. 
Press the space bar to continue.",DNInterviewBornInNYsmall.mp4,"What is Jamil's job? Please type your response below. If you are not sure, make your best guess.",T05 ,001,2022-03-21_22h37.35.942,ASLTestBattery1,2021.2.3,Win32,59.87665409,,,,,,,,,,,,,,,,,,,,,,,,,,,,,,,,
,,,,,,space,1.443, Bangladesh,-0.3824074,-0.152777788,1,0,0,Submit,0,3,3,3,1,4,Press spacebar to continue,DNInterviewSignForBangladeshsmall.mp4,"Where was Jamil born? Please type your response below. If you are not sure, make your best guess.",T05 ,001,2022-03-21_22h37.35.942,ASLTestBattery1,2021.2.3,Win32,59.87665409,,,,,,,,,,,,,,,,,,,,,,,,,,,,,,,,
,,,,,,space,3.9956, Australia,-0.3824074,-0.152777788,1,0,0,Submit,0,4,4,4,1,5,"The next few clips are parts of an interview conducted by Melissa Keomoungkhoun, Amanda Kline, & Jenny Cooper. 
After each section you will be asked questions.
Respond as best as you can.
Press spacebar to continue.",SweetsAndDrinksPart1.mp4,Where was Melissa Born?,T05 ,001,2022-03-21_22h37.35.942,ASLTestBattery1,2021.2.3,Win32,59.87665409,,,,,,,,,,,,,,,,,,,,,,,,,,,,,,,,
,,,,,,space,2.0915, date swirl cookies ,-0.380555548,-0.150000066,1,0,0,Submit,0,5,5,5,1,6,Press spacebar to continue,SweetsAndDrinksPart2.mp4,What kind of cookie was shown in the video?,T05 ,001,2022-03-21_22h37.35.942,ASLTestBattery1,2021.2.3,Win32,59.87665409,,,,,,,,,,,,,,,,,,,,,,,,,,,,,,,,
,,,,,,,,,,,,,,,,,,,,5,,3PonySnackBikesmall.mp4,,T05 ,001,2022-03-21_22h37.35.942,ASLTestBattery1,2021.2.3,Win32,59.87665409,space,29.6079,space,31.1074,space,1.1869,space,13.369,"[-0.7749999983029233,-0.00833332021203306,0.7472222466021776]","[0.3129629601758939,0.12222221659289466,0.275925922586962]","[1,1,1]","[0,0,0]","[0,0,0]","[3.1404999999999745,10.072299999952293,12.521899999976199]","[""dog"",""store"",""flower""]",space,2.9012,0,0,0,4,1,ASLCompStim5.jpg,,,,,,,,,
,,,,,,,,,,,,,,,,,,,,1,,3PonyCakeBirthdaysmall.mp4,,T05 ,001,2022-03-21_22h37.35.942,ASLTestBattery1,2021.2.3,Win32,59.87665409,,,,,,,space,8.1774,"[-0.7259259234975886,0.08425927376029668,-0.7824074058207097]","[0.2768518485266853,0.1861111064338022,-0.26481482621144364]","[1,1,1]","[0,0,0]","[0,0,0]","[4.514099999904715,5.4643999999761945,7.5483999999762545]","[""dog"",""store"",""balloon""]",space,1.7081,0,1,1,0,1,ASLCompStim1.jpg,,,,,,,,,
,,,,,,,,,,,,,,,,,,,,2,,3BlackBlueBirthdaysmall.mp4,,T05 ,001,2022-03-21_22h37.35.942,ASLTestBattery1,2021.2.3,Win32,59.87665409,,,,,,,space,14.2556,"[0.7620370616377504,0.09629631097669955,-0.25648147205787675,-0.7435185163523312,-0.2768518427317893,-0.8064814731892611]","[0.3129629601758939,0.12870366991394053,-0.066666675110658,-0.212962973586939,0.00462962224803589,0.2462962925158165]","[1,1,1,1,1,1]","[0,0,0,0,0,0]","[0,0,0,0,0,0]","[5.321200000047725,7.736800000071526,9.55830000007154,10.958100000023933,12.458200000047782,13.507800000071597]","[""flower"",""store"",""purse"",""balloon"",""purse"",""dog""]",space,3.4345,0,2,2,1,1,ASLCompStim2.jpg,,,,,,,,,
,,,,,,,,,,,,,,,,,,,,3,,3BaldBirthdayHospitalsmall.mp4,,T05 ,001,2022-03-21_22h37.35.942,ASLTestBattery1,2021.2.3,Win32,59.87665409,,,,,,,space,5.8104,"[0.3240740921486307,-0.7157407381606323,0.577777912660883]","[-0.054629637894255144,-0.20185186231025942,-0.1472222318665849]","[1,1,1]","[0,0,0]","[0,0,0]","[2.4764999999999873,3.893400000095312,5.209200000047645]","[""bike"",""balloon"",""hospital""]",space,1.9908,0,3,3,2,1,ASLCompStim3.jpg,,,,,,,,,
,,,,,,,,,,,,,,,,,,,,4,,3BlondHospitalFoodsmall.mp4,,T05 ,001,2022-03-21_22h37.35.942,ASLTestBattery1,2021.2.3,Win32,59.87665409,,,,,,,space,6.5814,"[-0.29907406528514846,0.4787037240824214,-0.051851839379028035]","[-0.054629637894255144,-0.1453704365011727,0.14999999478459358]","[1,1,1]","[0,0,0]","[0,0,0]","[2.5327000000477256,4.648000000000025,5.747999999999934]","[""purse"",""hospital"",""store""]",space,2.5168,0,4,4,3,1,ASLCompStim4.jpg,,,,,,,,,
,,,,,,,,,,,,,,,,,,,,6,,3BlackFoodBirthdaysmall.mp4,,T05 ,001,2022-03-21_22h37.35.942,ASLTestBattery1,2021.2.3,Win32,59.87665409,,,,,,,space,5.9775,"[0.7851852101308329,-0.04814813562013485,-0.7444444422920545]","[0.32962962709091326,-0.23240741832112824,-0.26481482621144364]","[1,1,1]","[0,0,0]","[0,0,0]","[2.126899999976331,4.026100000023916,5.392799999952331]","[""flower"",""PO"",""balloon""]",space,2.9847,0,5,5,5,1,ASLCompStim6.jpg,,,,,,,,,
,,,,,,,,,,,,,,,,,,,,,,,,T05 ,001,2022-03-21_22h37.35.942,ASLTestBattery1,2021.2.3,Win32,59.87665409,,,,,,,,,,,,,,,,,,,,,,,,,-0.24999999,-0.124074083,1,0,0,Yes,space,1.513
