﻿key_resp_13.keys,key_resp_13.rt,key_resp_16.keys,key_resp_16.rt,key_resp_17.keys,key_resp_17.rt,mouse_5.x,mouse_5.y,mouse_5.leftButton,mouse_5.midButton,mouse_5.rightButton,mouse_5.clicked_name,typedWord,trials_4.thisRepN,trials_4.thisTrialN,trials_4.thisN,trials_4.thisIndex,trials_4.ran,index,videoFile,itemPrompt,participant,session,date,expName,psychopyVersion,OS,frameRate,key_resp_9.keys,key_resp_9.rt,key_resp_18.keys,key_resp_18.rt,resp.x,resp.y,resp.leftButton,resp.midButton,resp.rightButton,resp.clicked_name,MatchLoop.thisRepN,MatchLoop.thisTrialN,MatchLoop.thisN,MatchLoop.thisIndex,MatchLoop.ran,imageDrawn,corrAns,plausibility,match,animacy,mouse_4.x,mouse_4.y,mouse_4.leftButton,mouse_4.midButton,mouse_4.rightButton,mouse_4.clicked_name,key_resp_12.keys,key_resp_12.rt
space,38.8352,space,2.3149,space,1.214,0.116453963,-0.149436358,1,0,0,Submit1, Bread ,0,0,0,3,1,4,FSBooks.mp4,,S02,001,2023-03-17_14h10.03.691,ASLTestBattery2,2021.2.3,MacIntel,60.0024001,,,,,,,,,,,,,,,,,,,,,,,,,,,,
,,,,,,0.115312411,-0.147153253,0,0,0,,Jam,0,1,1,7,1,8,FSIce.mp4,,S02,001,2023-03-17_14h10.03.691,ASLTestBattery2,2021.2.3,MacIntel,60.0024001,,,,,,,,,,,,,,,,,,,,,,,,,,,,
,,,,,,0.115312411,-0.147153253,1,0,0,Submit1,Alana,0,2,2,0,1,1,FSAlgebra.mp4,,S02,001,2023-03-17_14h10.03.691,ASLTestBattery2,2021.2.3,MacIntel,60.0024001,,,,,,,,,,,,,,,,,,,,,,,,,,,,
,,,,,,0.115312411,-0.147153253,1,0,0,Submit1,Pizza,0,3,3,8,1,9,FSPizza.mp4,,S02,001,2023-03-17_14h10.03.691,ASLTestBattery2,2021.2.3,MacIntel,60.0024001,,,,,,,,,,,,,,,,,,,,,,,,,,,,
,,,,,,0.115312411,-0.147153253,1,0,0,Submit1,Bar,0,4,4,2,1,3,FSBerry.mp4,,S02,001,2023-03-17_14h10.03.691,ASLTestBattery2,2021.2.3,MacIntel,60.0024001,,,,,,,,,,,,,,,,,,,,,,,,,,,,
,,,,,,0.115312411,-0.147153253,1,0,0,Submit1,Orange,0,5,5,1,1,2,FSAndroid.mp4,,S02,001,2023-03-17_14h10.03.691,ASLTestBattery2,2021.2.3,MacIntel,60.0024001,,,,,,,,,,,,,,,,,,,,,,,,,,,,
,,,,,,0.115312411,-0.147153253,1,0,0,Submit1,Lass,0,6,6,5,1,6,FSGlass.mp4,,S02,001,2023-03-17_14h10.03.691,ASLTestBattery2,2021.2.3,MacIntel,60.0024001,,,,,,,,,,,,,,,,,,,,,,,,,,,,
,,,,,,0.115312411,-0.147153253,1,0,0,Submit1,Hall,0,7,7,6,1,7,FSHill.mp4,,S02,001,2023-03-17_14h10.03.691,ASLTestBattery2,2021.2.3,MacIntel,60.0024001,,,,,,,,,,,,,,,,,,,,,,,,,,,,
,,,,,,0.115312411,-0.147153253,1,0,0,Submit1,Feet,0,8,8,4,1,5,FSFeet.mp4,,S02,001,2023-03-17_14h10.03.691,ASLTestBattery2,2021.2.3,MacIntel,60.0024001,,,,,,,,,,,,,,,,,,,,,,,,,,,,
,,,,,,0.115312411,-0.147153253,1,0,0,Submit1,Vanel,0,9,9,9,1,10,FSVanilla.mp4,,S02,001,2023-03-17_14h10.03.691,ASLTestBattery2,2021.2.3,MacIntel,60.0024001,,,,,,,,,,,,,,,,,,,,,,,,,,,,
,,,,space,0.882,,,,,,,,,,,,,2,27BoyCarryEgg.mp4,,S02,001,2023-03-17_14h10.03.691,ASLTestBattery2,2021.2.3,MacIntel,60.0024001,space,0.7181,space,6.4982,-0.246498352,-0.121533189,1,0,0,Y,0,0,0,1,1,27_egg_carry_boy.jpg,N,canonical,mismatch,inanimate,,,,,,,,
,,,,,,,,,,,,,,,,,,11,76ChocolateEatBoy.mp4,,S02,001,2023-03-17_14h10.03.691,ASLTestBattery2,2021.2.3,MacIntel,60.0024001,,,,,-0.257828037,-0.122959781,1,0,0,Y,0,1,1,10,1,76_boy_eat_chocolate.jpg,N,reversed,mismatch,inanimate,,,,,,,,
,,,,,,,,,,,,,,,,,,9,73ClownPushTV.mp4,,S02,001,2023-03-17_14h10.03.691,ASLTestBattery2,2021.2.3,MacIntel,60.0024001,,,,,-0.322915064,-0.137298375,1,0,0,Y,0,2,2,8,1,73_clown_push_tv.jpg,Y,canonical,match,inanimate,,,,,,,,
,,,,,,,,,,,,,,,,,,15,82EggDrawMom.mp4,,S02,001,2023-03-17_14h10.03.691,ASLTestBattery2,2021.2.3,MacIntel,60.0024001,,,,,-0.322344288,-0.137869151,1,0,0,Y,0,3,3,14,1,82_egg_draw_mom.jpg,Y,reversed,match,inanimate,,,,,,,,
,,,,,,,,,,,,,,,,,,1,26CookieCarryDad.mp4,,S02,001,2023-03-17_14h10.03.691,ASLTestBattery2,2021.2.3,MacIntel,60.0024001,,,,,0.285289538,-0.137729244,1,0,0,N,0,4,4,0,1,26_cookie_carry_dad.jpg,Y,reversed,match,inanimate,,,,,,,,
,,,,,,,,,,,,,,,,,,8,72ChairPushGirl.mp4,,S02,001,2023-03-17_14h10.03.691,ASLTestBattery2,2021.2.3,MacIntel,60.0024001,,,,,0.327746457,-0.13755234,1,0,0,N,0,5,5,7,1,72_girl_push_chair.jpg,N,reversed,mismatch,inanimate,,,,,,,,
,,,,,,,,,,,,,,,,,,3,28AppleCarryClown.mp4,,S02,001,2023-03-17_14h10.03.691,ASLTestBattery2,2021.2.3,MacIntel,60.0024001,,,,,-0.199250452,-0.110905895,1,0,0,Y,0,6,6,2,1,28_clown_carry_apple.jpg,N,reversed,mismatch,inanimate,,,,,,,,
,,,,,,,,,,,,,,,,,,17,85BoyDrawTV.mp4,,S02,001,2023-03-17_14h10.03.691,ASLTestBattery2,2021.2.3,MacIntel,60.0024001,,,,,-0.277903622,-0.157878928,1,0,0,Y,0,7,7,16,1,85_boy_draw_tv.jpg,Y,canonical,match,inanimate,,,,,,,,
,,,,,,,,,,,,,,,,,,4,29DadKickTable.mp4,,S02,001,2023-03-17_14h10.03.691,ASLTestBattery2,2021.2.3,MacIntel,60.0024001,,,,,-0.277903622,-0.159303778,1,0,0,Y,0,8,8,3,1,29_dad_kick_table.jpg,Y,canonical,match,inanimate,,,,,,,,
,,,,,,,,,,,,,,,,,,7,71ManPushTree.mp4,,S02,001,2023-03-17_14h10.03.691,ASLTestBattery2,2021.2.3,MacIntel,60.0024001,,,,,0.296731818,-0.122054705,1,0,0,N,0,9,9,6,1,71_tree_push_man.jpg,N,canonical,mismatch,inanimate,,,,,,,,
,,,,,,,,,,,,,,,,,,5,30ChairKickGirl.mp4,,S02,001,2023-03-17_14h10.03.691,ASLTestBattery2,2021.2.3,MacIntel,60.0024001,,,,,0.381137517,-0.136137523,1,0,0,N,0,10,10,4,1,30_chair_kick_girl.jpg,Y,reversed,match,inanimate,,,,,,,,
,,,,,,,,,,,,,,,,,,16,40ChairPaintDad.mp4,,S02,001,2023-03-17_14h10.03.691,ASLTestBattery2,2021.2.3,MacIntel,60.0024001,,,,,0.381708293,-0.136137523,1,0,0,N,0,11,11,15,1,40_dad_paint_chair.jpg,N,reversed,mismatch,inanimate,,,,,,,,
,,,,,,,,,,,,,,,,,,20,91SheepKickApple.mp4,,S02,001,2023-03-17_14h10.03.691,ASLTestBattery2,2021.2.3,MacIntel,60.0024001,,,,,-0.107235564,-0.13272471,1,0,0,Y,0,12,12,19,1,91_apple_kick_sheep.jpg,N,canonical,mismatch,inanimate,,,,,,,,
,,,,,,,,,,,,,,,,,,13,78GrassEatRabbit.mp4,,S02,001,2023-03-17_14h10.03.691,ASLTestBattery2,2021.2.3,MacIntel,60.0024001,,,,,-0.188099552,-0.148998104,1,0,0,Y,0,13,13,12,1,78_grass_eat_rabbit.jpg,Y,reversed,match,inanimate,,,,,,,,
,,,,,,,,,,,,,,,,,,12,77DogEatBone.mp4,,S02,001,2023-03-17_14h10.03.691,ASLTestBattery2,2021.2.3,MacIntel,60.0024001,,,,,-0.152461919,-0.136582884,1,0,0,Y,0,14,14,11,1,77_dog_eat_bone.jpg,Y,canonical,match,inanimate,,,,,,,,
,,,,,,,,,,,,,,,,,,6,32DoorKickCow.mp4,,S02,001,2023-03-17_14h10.03.691,ASLTestBattery2,2021.2.3,MacIntel,60.0024001,,,,,-0.238290656,-0.157935016,1,0,0,Y,0,15,15,5,1,32_cow_kick_door.jpg,N,reversed,mismatch,inanimate,,,,,,,,
,,,,,,,,,,,,,,,,,,19,89MomCarryOrange.mp4,,S02,001,2023-03-17_14h10.03.691,ASLTestBattery2,2021.2.3,MacIntel,60.0024001,,,,,-0.242583671,-0.189344363,1,0,0,Y,0,16,16,18,1,89_mom_carry_orange.jpg,Y,canonical,match,inanimate,,,,,,,,
,,,,,,,,,,,,,,,,,,18,87MomBiteCookie.mp4,,S02,001,2023-03-17_14h10.03.691,ASLTestBattery2,2021.2.3,MacIntel,60.0024001,,,,,0.222581419,-0.180488482,1,0,0,N,0,17,17,17,1,87_cookie_bite_woman.jpg,N,canonical,mismatch,inanimate,,,,,,,,
,,,,,,,,,,,,,,,,,,10,74TablePushTeacher.mp4,,S02,001,2023-03-17_14h10.03.691,ASLTestBattery2,2021.2.3,MacIntel,60.0024001,,,,,-0.244525404,-0.188541639,1,0,0,Y,0,18,18,9,1,74_table_push_teacher.jpg,Y,reversed,match,inanimate,,,,,,,,
,,,,,,,,,,,,,,,,,,14,79GirlEatCandy.mp4,,S02,001,2023-03-17_14h10.03.691,ASLTestBattery2,2021.2.3,MacIntel,60.0024001,,,,,0.269045407,-0.134658326,1,0,0,N,0,19,19,13,1,79_candy_eat_girl.jpg,N,canonical,mismatch,inanimate,,,,,,,,
,,,,,,,,,,,,,,,,,,,,,S02,001,2023-03-17_14h10.03.691,ASLTestBattery2,2021.2.3,MacIntel,60.0024001,,,,,,,,,,,,,,,,,,,,,-0.291592324,-0.130764548,1,0,0,Yes,space,2.2132
