﻿key_resp_13.keys,key_resp_13.rt,key_resp_16.keys,key_resp_16.rt,key_resp_17.keys,key_resp_17.rt,mouse_5.x,mouse_5.y,mouse_5.leftButton,mouse_5.midButton,mouse_5.rightButton,typedWord,trials_4.thisRepN,trials_4.thisTrialN,trials_4.thisN,trials_4.thisIndex,trials_4.ran,index,videoFile,itemPrompt,participant,session,date,expName,psychopyVersion,OS,frameRate,mouse_5.clicked_name,key_resp_9.keys,key_resp_9.rt,key_resp_18.keys,key_resp_18.rt,resp.x,resp.y,resp.leftButton,resp.midButton,resp.rightButton,resp.clicked_name,MatchLoop.thisRepN,MatchLoop.thisTrialN,MatchLoop.thisN,MatchLoop.thisIndex,MatchLoop.ran,imageDrawn,corrAns,plausibility,match,animacy,mouse_4.x,mouse_4.y,mouse_4.leftButton,mouse_4.midButton,mouse_4.rightButton,mouse_4.clicked_name,key_resp_12.keys,key_resp_12.rt
space,9.9488,space,3.4632,space,23.6488,-0.090044488,0.083254022,0,0,0, mode,0,0,0,3,1,4,FSBooks.mp4,,S08,001,03-13-2023_12h48.37.844,ASLTestBattery2,2021.2.3,MacIntel,60.0024001,,,,,,,,,,,,,,,,,,,,,,,,,,,,,
,,,,,,-0.072316081,0.041772224,0,0,0,fit,0,1,1,4,1,5,FSFeet.mp4,,S08,001,03-13-2023_12h48.37.844,ASLTestBattery2,2021.2.3,MacIntel,60.0024001,,,,,,,,,,,,,,,,,,,,,,,,,,,,,
,,,,,,-0.053432007,-0.104678413,1,0,0,hill,0,2,2,6,1,7,FSHill.mp4,,S08,001,03-13-2023_12h48.37.844,ASLTestBattery2,2021.2.3,MacIntel,60.0024001,Submit1,,,,,,,,,,,,,,,,,,,,,,,,,,,,
,,,,,,-0.053432007,-0.104678413,0,0,0,ref,0,3,3,7,1,8,FSIce.mp4,,S08,001,03-13-2023_12h48.37.844,ASLTestBattery2,2021.2.3,MacIntel,60.0024001,,,,,,,,,,,,,,,,,,,,,,,,,,,,,
,,,,,,-0.046372409,0.058697035,0,0,0,sly,0,4,4,0,1,1,FSAlgebra.mp4,,S08,001,03-13-2023_12h48.37.844,ASLTestBattery2,2021.2.3,MacIntel,60.0024001,,,,,,,,,,,,,,,,,,,,,,,,,,,,,
,,,,,,-0.046372409,0.058697035,0,0,0,cryptid,0,5,5,1,1,2,FSAndroid.mp4,,S08,001,03-13-2023_12h48.37.844,ASLTestBattery2,2021.2.3,MacIntel,60.0024001,,,,,,,,,,,,,,,,,,,,,,,,,,,,,
,,,,,,-0.046372409,0.058697035,0,0,0,hey,0,6,6,2,1,3,FSBerry.mp4,,S08,001,03-13-2023_12h48.37.844,ASLTestBattery2,2021.2.3,MacIntel,60.0024001,,,,,,,,,,,,,,,,,,,,,,,,,,,,,
,,,,,,-0.046372409,0.058697035,0,0,0,tea,0,7,7,8,1,9,FSPizza.mp4,,S08,001,03-13-2023_12h48.37.844,ASLTestBattery2,2021.2.3,MacIntel,60.0024001,,,,,,,,,,,,,,,,,,,,,,,,,,,,,
,,,,,,-0.046372409,0.058697035,0,0,0,villa,0,8,8,9,1,10,FSVanilla.mp4,,S08,001,03-13-2023_12h48.37.844,ASLTestBattery2,2021.2.3,MacIntel,60.0024001,,,,,,,,,,,,,,,,,,,,,,,,,,,,,
,,,,,,-0.046372409,0.058697035,0,0,0,lass,0,9,9,5,1,6,FSGlass.mp4,,S08,001,03-13-2023_12h48.37.844,ASLTestBattery2,2021.2.3,MacIntel,60.0024001,,,,,,,,,,,,,,,,,,,,,,,,,,,,,
,,,,space,0.8598,,,,,,,,,,,,18,87MomBiteCookie.mp4,,S08,001,03-13-2023_12h48.37.844,ASLTestBattery2,2021.2.3,MacIntel,60.0024001,,space,0.9016,space,11.817,0.256113213,-0.181947021,1,0,0,N,0,0,0,17,1,87_cookie_bite_woman.jpg,N,canonical,mismatch,inanimate,,,,,,,,
,,,,,,,,,,,,,,,,,3,28AppleCarryClown.mp4,,S08,001,03-13-2023_12h48.37.844,ASLTestBattery2,2021.2.3,MacIntel,60.0024001,,,,,,0.277658963,-0.120496555,1,0,0,N,0,1,1,2,1,28_clown_carry_apple.jpg,N,reversed,mismatch,inanimate,,,,,,,,
,,,,,,,,,,,,,,,,,9,73ClownPushTV.mp4,,S08,001,03-13-2023_12h48.37.844,ASLTestBattery2,2021.2.3,MacIntel,60.0024001,,,,,,-0.227245958,-0.106166246,1,0,0,Y,0,2,2,8,1,73_clown_push_tv.jpg,Y,canonical,match,inanimate,,,,,,,,
,,,,,,,,,,,,,,,,,7,71ManPushTree.mp4,,S08,001,03-13-2023_12h48.37.844,ASLTestBattery2,2021.2.3,MacIntel,60.0024001,,,,,,-0.211145223,-0.146337416,1,0,0,Y,0,3,3,6,1,71_tree_push_man.jpg,N,canonical,mismatch,inanimate,,,,,,,,
,,,,,,,,,,,,,,,,,11,76ChocolateEatBoy.mp4,,S08,001,03-13-2023_12h48.37.844,ASLTestBattery2,2021.2.3,MacIntel,60.0024001,,,,,,-0.202028809,-0.164458008,1,0,0,Y,0,4,4,10,1,76_boy_eat_chocolate.jpg,N,reversed,mismatch,inanimate,,,,,,,,
,,,,,,,,,,,,,,,,,20,91SheepKickApple.mp4,,S08,001,03-13-2023_12h48.37.844,ASLTestBattery2,2021.2.3,MacIntel,60.0024001,,,,,,-0.181556871,-0.199596286,1,0,0,Y,0,5,5,19,1,91_apple_kick_sheep.jpg,N,canonical,mismatch,inanimate,,,,,,,,
,,,,,,,,,,,,,,,,,10,74TablePushTeacher.mp4,,S08,001,03-13-2023_12h48.37.844,ASLTestBattery2,2021.2.3,MacIntel,60.0024001,,,,,,-0.192698839,-0.202589044,1,0,0,Y,0,6,6,9,1,74_table_push_teacher.jpg,Y,reversed,match,inanimate,,,,,,,,
,,,,,,,,,,,,,,,,,14,79GirlEatCandy.mp4,,S08,001,03-13-2023_12h48.37.844,ASLTestBattery2,2021.2.3,MacIntel,60.0024001,,,,,,0.261688232,-0.13464525,1,0,0,N,0,7,7,13,1,79_candy_eat_girl.jpg,N,canonical,mismatch,inanimate,,,,,,,,
,,,,,,,,,,,,,,,,,1,26CookieCarryDad.mp4,,S08,001,03-13-2023_12h48.37.844,ASLTestBattery2,2021.2.3,MacIntel,60.0024001,,,,,,0.278718397,-0.141577488,1,0,0,N,0,8,8,0,1,26_cookie_carry_dad.jpg,Y,reversed,match,inanimate,,,,,,,,
,,,,,,,,,,,,,,,,,4,29DadKickTable.mp4,,S08,001,03-13-2023_12h48.37.844,ASLTestBattery2,2021.2.3,MacIntel,60.0024001,,,,,,-0.295092095,-0.136224976,1,0,0,Y,0,9,9,3,1,29_dad_kick_table.jpg,Y,canonical,match,inanimate,,,,,,,,
,,,,,,,,,,,,,,,,,5,30ChairKickGirl.mp4,,S08,001,03-13-2023_12h48.37.844,ASLTestBattery2,2021.2.3,MacIntel,60.0024001,,,,,,-0.282304959,-0.153660685,1,0,0,Y,0,10,10,4,1,30_chair_kick_girl.jpg,Y,reversed,match,inanimate,,,,,,,,
,,,,,,,,,,,,,,,,,16,40ChairPaintDad.mp4,,S08,001,03-13-2023_12h48.37.844,ASLTestBattery2,2021.2.3,MacIntel,60.0024001,,,,,,-0.27172777,-0.208404405,1,0,0,Y,0,11,11,15,1,40_dad_paint_chair.jpg,N,reversed,mismatch,inanimate,,,,,,,,
,,,,,,,,,,,,,,,,,13,78GrassEatRabbit.mp4,,S08,001,03-13-2023_12h48.37.844,ASLTestBattery2,2021.2.3,MacIntel,60.0024001,,,,,,0.266376207,-0.123041585,1,0,0,N,0,12,12,12,1,78_grass_eat_rabbit.jpg,Y,reversed,match,inanimate,,,,,,,,
,,,,,,,,,,,,,,,,,12,77DogEatBone.mp4,,S08,001,03-13-2023_12h48.37.844,ASLTestBattery2,2021.2.3,MacIntel,60.0024001,,,,,,0.189169108,-0.154544542,1,0,0,N,0,13,13,11,1,77_dog_eat_bone.jpg,Y,canonical,match,inanimate,,,,,,,,
,,,,,,,,,,,,,,,,,6,32DoorKickCow.mp4,,S08,001,03-13-2023_12h48.37.844,ASLTestBattery2,2021.2.3,MacIntel,60.0024001,,,,,,-0.271210531,-0.178817342,1,0,0,Y,0,14,14,5,1,32_cow_kick_door.jpg,N,reversed,mismatch,inanimate,,,,,,,,
,,,,,,,,,,,,,,,,,8,72ChairPushGirl.mp4,,S08,001,03-13-2023_12h48.37.844,ASLTestBattery2,2021.2.3,MacIntel,60.0024001,,,,,,0.187130466,-0.196267293,1,0,0,N,0,15,15,7,1,72_girl_push_chair.jpg,N,reversed,mismatch,inanimate,,,,,,,,
,,,,,,,,,,,,,,,,,2,27BoyCarryEgg.mp4,,S08,001,03-13-2023_12h48.37.844,ASLTestBattery2,2021.2.3,MacIntel,60.0024001,,,,,,0.198190647,-0.192217,1,0,0,N,0,16,16,1,1,27_egg_carry_boy.jpg,N,canonical,mismatch,inanimate,,,,,,,,
,,,,,,,,,,,,,,,,,17,85BoyDrawTV.mp4,,S08,001,03-13-2023_12h48.37.844,ASLTestBattery2,2021.2.3,MacIntel,60.0024001,,,,,,-0.268448893,-0.180938043,1,0,0,Y,0,17,17,16,1,85_boy_draw_tv.jpg,Y,canonical,match,inanimate,,,,,,,,
,,,,,,,,,,,,,,,,,19,89MomCarryOrange.mp4,,S08,001,03-13-2023_12h48.37.844,ASLTestBattery2,2021.2.3,MacIntel,60.0024001,,,,,,0.153105062,-0.157011719,1,0,0,N,0,18,18,18,1,89_mom_carry_orange.jpg,Y,canonical,match,inanimate,,,,,,,,
,,,,,,,,,,,,,,,,,15,82EggDrawMom.mp4,,S08,001,03-13-2023_12h48.37.844,ASLTestBattery2,2021.2.3,MacIntel,60.0024001,,,,,,0.182022976,-0.12223131,1,0,0,N,0,19,19,14,1,82_egg_draw_mom.jpg,Y,reversed,match,inanimate,,,,,,,,
,,,,,,,,,,,,,,,,,,,,S08,001,03-13-2023_12h48.37.844,ASLTestBattery2,2021.2.3,MacIntel,60.0024001,,,,,,,,,,,,,,,,,,,,,,0.182022976,-0.12223131,1,0,0,No,space,1.4088
