﻿key_resp_13.keys,key_resp_13.rt,key_resp_16.keys,key_resp_16.rt,key_resp_17.keys,key_resp_17.rt,mouse_5.x,mouse_5.y,mouse_5.leftButton,mouse_5.midButton,mouse_5.rightButton,mouse_5.clicked_name,typedWord,trials_4.thisRepN,trials_4.thisTrialN,trials_4.thisN,trials_4.thisIndex,trials_4.ran,index,videoFile,itemPrompt,participant,session,date,expName,psychopyVersion,OS,frameRate,key_resp_9.keys,key_resp_9.rt,key_resp_18.keys,key_resp_18.rt,resp.x,resp.y,resp.leftButton,resp.midButton,resp.rightButton,resp.clicked_name,MatchLoop.thisRepN,MatchLoop.thisTrialN,MatchLoop.thisN,MatchLoop.thisIndex,MatchLoop.ran,imageDrawn,corrAns,plausibility,match,animacy,mouse_4.x,mouse_4.y,mouse_4.leftButton,mouse_4.midButton,mouse_4.rightButton,mouse_4.clicked_name,key_resp_12.keys,key_resp_12.rt
space,4.3117,space,4.2961,space,0.9976,0.055555556,-0.146666667,1,0,0,Submit1, android,0,0,0,1,1,2,FSAndroid.mp4,,d02,001,2023-04-05_10h41.19.288,ASLTestBattery2,2021.2.3,Win32,59.58055291,,,,,,,,,,,,,,,,,,,,,,,,,,,,
,,,,,,0.055555556,-0.146666667,1,0,0,Submit1,ice,0,1,1,7,1,8,FSIce.mp4,,d02,001,2023-04-05_10h41.19.288,ASLTestBattery2,2021.2.3,Win32,59.58055291,,,,,,,,,,,,,,,,,,,,,,,,,,,,
,,,,,,0.055555556,-0.146666667,1,0,0,Submit1,feet,0,2,2,4,1,5,FSFeet.mp4,,d02,001,2023-04-05_10h41.19.288,ASLTestBattery2,2021.2.3,Win32,59.58055291,,,,,,,,,,,,,,,,,,,,,,,,,,,,
,,,,,,0.055555556,-0.146666667,1,0,0,Submit1,vanilla,0,3,3,9,1,10,FSVanilla.mp4,,d02,001,2023-04-05_10h41.19.288,ASLTestBattery2,2021.2.3,Win32,59.58055291,,,,,,,,,,,,,,,,,,,,,,,,,,,,
,,,,,,0.055555556,-0.146666667,1,0,0,Submit1,pizza,0,4,4,8,1,9,FSPizza.mp4,,d02,001,2023-04-05_10h41.19.288,ASLTestBattery2,2021.2.3,Win32,59.58055291,,,,,,,,,,,,,,,,,,,,,,,,,,,,
,,,,,,0.055555556,-0.146666667,1,0,0,Submit1,alegbra,0,5,5,0,1,1,FSAlgebra.mp4,,d02,001,2023-04-05_10h41.19.288,ASLTestBattery2,2021.2.3,Win32,59.58055291,,,,,,,,,,,,,,,,,,,,,,,,,,,,
,,,,,,0.055555556,-0.146666667,1,0,0,Submit1,berry,0,6,6,2,1,3,FSBerry.mp4,,d02,001,2023-04-05_10h41.19.288,ASLTestBattery2,2021.2.3,Win32,59.58055291,,,,,,,,,,,,,,,,,,,,,,,,,,,,
,,,,,,0.055555556,-0.146666667,1,0,0,Submit1,books,0,7,7,3,1,4,FSBooks.mp4,,d02,001,2023-04-05_10h41.19.288,ASLTestBattery2,2021.2.3,Win32,59.58055291,,,,,,,,,,,,,,,,,,,,,,,,,,,,
,,,,,,0.055555556,-0.146666667,1,0,0,Submit1,glass,0,8,8,5,1,6,FSGlass.mp4,,d02,001,2023-04-05_10h41.19.288,ASLTestBattery2,2021.2.3,Win32,59.58055291,,,,,,,,,,,,,,,,,,,,,,,,,,,,
,,,,,,0.055555556,-0.146666667,1,0,0,Submit1,hill,0,9,9,6,1,7,FSHill.mp4,,d02,001,2023-04-05_10h41.19.288,ASLTestBattery2,2021.2.3,Win32,59.58055291,,,,,,,,,,,,,,,,,,,,,,,,,,,,
,,,,space,0.9189,,,,,,,,,,,,,19,89MomCarryOrange.mp4,,d02,001,2023-04-05_10h41.19.288,ASLTestBattery2,2021.2.3,Win32,59.58055291,space,5.9088,space,2.3542,0.251111111,-0.132222222,1,0,0,N,0,0,0,18,1,89_mom_carry_orange.jpg,Y,canonical,match,inanimate,,,,,,,,
,,,,,,,,,,,,,,,,,,1,26CookieCarryDad.mp4,,d02,001,2023-04-05_10h41.19.288,ASLTestBattery2,2021.2.3,Win32,59.58055291,,,,,-0.251111111,-0.108888889,1,0,0,Y,0,1,1,0,1,26_cookie_carry_dad.jpg,Y,reversed,match,inanimate,,,,,,,,
,,,,,,,,,,,,,,,,,,17,85BoyDrawTV.mp4,,d02,001,2023-04-05_10h41.19.288,ASLTestBattery2,2021.2.3,Win32,59.58055291,,,,,-0.245555556,-0.143333333,1,0,0,Y,0,2,2,16,1,85_boy_draw_tv.jpg,Y,canonical,match,inanimate,,,,,,,,
,,,,,,,,,,,,,,,,,,6,32DoorKickCow.mp4,,d02,001,2023-04-05_10h41.19.288,ASLTestBattery2,2021.2.3,Win32,59.58055291,,,,,0.258888889,-0.142222222,1,0,0,N,0,3,3,5,1,32_cow_kick_door.jpg,N,reversed,mismatch,inanimate,,,,,,,,
,,,,,,,,,,,,,,,,,,20,91SheepKickApple.mp4,,d02,001,2023-04-05_10h41.19.288,ASLTestBattery2,2021.2.3,Win32,59.58055291,,,,,0.327777778,-0.101111111,1,0,0,N,0,4,4,19,1,91_apple_kick_sheep.jpg,N,canonical,mismatch,inanimate,,,,,,,,
,,,,,,,,,,,,,,,,,,15,82EggDrawMom.mp4,,d02,001,2023-04-05_10h41.19.288,ASLTestBattery2,2021.2.3,Win32,59.58055291,,,,,-0.148888889,-0.17,1,0,0,Y,0,5,5,14,1,82_egg_draw_mom.jpg,Y,reversed,match,inanimate,,,,,,,,
,,,,,,,,,,,,,,,,,,3,28AppleCarryClown.mp4,,d02,001,2023-04-05_10h41.19.288,ASLTestBattery2,2021.2.3,Win32,59.58055291,,,,,0.173333333,-0.124444444,1,0,0,N,0,6,6,2,1,28_clown_carry_apple.jpg,N,reversed,mismatch,inanimate,,,,,,,,
,,,,,,,,,,,,,,,,,,11,76ChocolateEatBoy.mp4,,d02,001,2023-04-05_10h41.19.288,ASLTestBattery2,2021.2.3,Win32,59.58055291,,,,,0.173333333,-0.124444444,1,0,0,N,0,7,7,10,1,76_boy_eat_chocolate.jpg,N,reversed,mismatch,inanimate,,,,,,,,
,,,,,,,,,,,,,,,,,,4,29DadKickTable.mp4,,d02,001,2023-04-05_10h41.19.288,ASLTestBattery2,2021.2.3,Win32,59.58055291,,,,,-0.121111111,-0.145555556,1,0,0,Y,0,8,8,3,1,29_dad_kick_table.jpg,Y,canonical,match,inanimate,,,,,,,,
,,,,,,,,,,,,,,,,,,8,72ChairPushGirl.mp4,,d02,001,2023-04-05_10h41.19.288,ASLTestBattery2,2021.2.3,Win32,59.58055291,,,,,0.221111111,-0.152222222,1,0,0,N,0,9,9,7,1,72_girl_push_chair.jpg,N,reversed,mismatch,inanimate,,,,,,,,
,,,,,,,,,,,,,,,,,,12,77DogEatBone.mp4,,d02,001,2023-04-05_10h41.19.288,ASLTestBattery2,2021.2.3,Win32,59.58055291,,,,,-0.086666667,-0.128888889,1,0,0,Y,0,10,10,11,1,77_dog_eat_bone.jpg,Y,canonical,match,inanimate,,,,,,,,
,,,,,,,,,,,,,,,,,,14,79GirlEatCandy.mp4,,d02,001,2023-04-05_10h41.19.288,ASLTestBattery2,2021.2.3,Win32,59.58055291,,,,,0.215555556,-0.155555556,1,0,0,N,0,11,11,13,1,79_candy_eat_girl.jpg,N,canonical,mismatch,inanimate,,,,,,,,
,,,,,,,,,,,,,,,,,,16,40ChairPaintDad.mp4,,d02,001,2023-04-05_10h41.19.288,ASLTestBattery2,2021.2.3,Win32,59.58055291,,,,,0.211111111,-0.15,1,0,0,N,0,12,12,15,1,40_dad_paint_chair.jpg,N,reversed,mismatch,inanimate,,,,,,,,
,,,,,,,,,,,,,,,,,,2,27BoyCarryEgg.mp4,,d02,001,2023-04-05_10h41.19.288,ASLTestBattery2,2021.2.3,Win32,59.58055291,,,,,0.211111111,-0.15,1,0,0,N,0,13,13,1,1,27_egg_carry_boy.jpg,N,canonical,mismatch,inanimate,,,,,,,,
,,,,,,,,,,,,,,,,,,18,87MomBiteCookie.mp4,,d02,001,2023-04-05_10h41.19.288,ASLTestBattery2,2021.2.3,Win32,59.58055291,,,,,0.211111111,-0.15,1,0,0,N,0,14,14,17,1,87_cookie_bite_woman.jpg,N,canonical,mismatch,inanimate,,,,,,,,
,,,,,,,,,,,,,,,,,,7,71ManPushTree.mp4,,d02,001,2023-04-05_10h41.19.288,ASLTestBattery2,2021.2.3,Win32,59.58055291,,,,,0.211111111,-0.15,1,0,0,N,0,15,15,6,1,71_tree_push_man.jpg,N,canonical,mismatch,inanimate,,,,,,,,
,,,,,,,,,,,,,,,,,,10,74TablePushTeacher.mp4,,d02,001,2023-04-05_10h41.19.288,ASLTestBattery2,2021.2.3,Win32,59.58055291,,,,,-0.18,-0.135555556,1,0,0,Y,0,16,16,9,1,74_table_push_teacher.jpg,Y,reversed,match,inanimate,,,,,,,,
,,,,,,,,,,,,,,,,,,5,30ChairKickGirl.mp4,,d02,001,2023-04-05_10h41.19.288,ASLTestBattery2,2021.2.3,Win32,59.58055291,,,,,-0.318888889,-0.158888889,1,0,0,Y,0,17,17,4,1,30_chair_kick_girl.jpg,Y,reversed,match,inanimate,,,,,,,,
,,,,,,,,,,,,,,,,,,13,78GrassEatRabbit.mp4,,d02,001,2023-04-05_10h41.19.288,ASLTestBattery2,2021.2.3,Win32,59.58055291,,,,,-0.247777778,-0.157777778,1,0,0,Y,0,18,18,12,1,78_grass_eat_rabbit.jpg,Y,reversed,match,inanimate,,,,,,,,
,,,,,,,,,,,,,,,,,,9,73ClownPushTV.mp4,,d02,001,2023-04-05_10h41.19.288,ASLTestBattery2,2021.2.3,Win32,59.58055291,,,,,-0.247777778,-0.157777778,1,0,0,Y,0,19,19,8,1,73_clown_push_tv.jpg,Y,canonical,match,inanimate,,,,,,,,
,,,,,,,,,,,,,,,,,,,,,d02,001,2023-04-05_10h41.19.288,ASLTestBattery2,2021.2.3,Win32,59.58055291,,,,,,,,,,,,,,,,,,,,,-0.231111111,-0.152222222,1,0,0,Yes,space,3.6182
