﻿key_resp_15.keys,key_resp_15.rt,key_resp_4.keys,key_resp_4.rt,key_resp_17.keys,key_resp_17.rt,key_resp_2.keys,key_resp_2.rt,typedWord,mouse.x,mouse.y,mouse.leftButton,mouse.midButton,mouse.rightButton,mouse.clicked_name,trials.thisRepN,trials.thisTrialN,trials.thisN,trials.thisIndex,trials.ran,index,itemText,videoFile,itemPrompt,participant,session,date,expName,psychopyVersion,OS,frameRate,key_resp.keys,key_resp.rt,key_resp_3.keys,key_resp_3.rt,key_resp_5.keys,key_resp_5.rt,key_resp_7.keys,key_resp_7.rt,mouse_2.x,mouse_2.y,mouse_2.leftButton,mouse_2.midButton,mouse_2.rightButton,mouse_2.time,mouse_2.clicked_name,key_resp_8.keys,key_resp_8.rt,trials_2.thisRepN,trials_2.thisTrialN,trials_2.thisN,trials_2.thisIndex,trials_2.ran,imageFile,corrAns,mouse_4.x,mouse_4.y,mouse_4.leftButton,mouse_4.midButton,mouse_4.rightButton,mouse_4.clicked_name,key_resp_12.keys,key_resp_12.rt
space,3.573,space,4.7326,space,1.2459,space,10.4295, I have no idea. Maybe a friend,-0.196462674,-0.151931424,1,0,0,Submit,0,0,0,0,1,1,"The next 2 sections are parts of a story told by Missy Keast. 
After each section you will be asked questions. 
Respond as best as you can. 
Press the space bar to continue.",MakingNoisePart1small.mp4,"Who did Missy go to the mall with? Please type your response below. If you are not sure, make your best guess.",H13,001,2022-04-11_17h59.53.313,ASLTestBattery1,2021.2.3,MacIntel,59.84082341,,,,,,,,,,,,,,,,,,,,,,,,,,,,,,,,
,,,,,,space,0.9845, it looked like the signer heard an explosion andwas trying to figureout what it was,-0.354153646,-0.148667535,1,0,0,Submit,0,1,1,1,1,2,Press spacebar to continue,MakingNoisePart2small.mp4,"The title of this short story is - Making Noise. In 1-2 sentences, please explain why this title was chosen below. If you are not sure, make your best guess.",H13,001,2022-04-11_17h59.53.313,ASLTestBattery1,2021.2.3,MacIntel,59.84082341,,,,,,,,,,,,,,,,,,,,,,,,,,,,,,,,
,,,,,,space,3.5921, absolutely no clue,-0.465442708,-0.1915625,1,0,0,Submit,0,2,2,2,1,3,"The next few clips are parts of an interview conducted by Joel Barish and Jamil Haque. 
After each section you will be asked questions. 
Respond as best as you can. 
Press the space bar to continue.",DNInterviewBornInNYsmall.mp4,"What is Jamil's job? Please type your response below. If you are not sure, make your best guess.",H13,001,2022-04-11_17h59.53.313,ASLTestBattery1,2021.2.3,MacIntel,59.84082341,,,,,,,,,,,,,,,,,,,,,,,,,,,,,,,,
,,,,,,space,1.5986, absolutely no clue but maybe inanother country because it looked like he was describing its proximity to somewhere else,-0.465442708,-0.1915625,1,0,0,Submit,0,3,3,3,1,4,Press spacebar to continue,DNInterviewSignForBangladeshsmall.mp4,"Where was Jamil born? Please type your response below. If you are not sure, make your best guess.",H13,001,2022-04-11_17h59.53.313,ASLTestBattery1,2021.2.3,MacIntel,59.84082341,,,,,,,,,,,,,,,,,,,,,,,,,,,,,,,,
,,,,,,space,3.9748, no idea,-0.430256076,-0.187799479,1,0,0,Submit,0,4,4,4,1,5,"The next few clips are parts of an interview conducted by Melissa Keomoungkhoun, Amanda Kline, & Jenny Cooper. 
After each section you will be asked questions.
Respond as best as you can.
Press spacebar to continue.",SweetsAndDrinksPart1.mp4,Where was Melissa Born?,H13,001,2022-04-11_17h59.53.313,ASLTestBattery1,2021.2.3,MacIntel,59.84082341,,,,,,,,,,,,,,,,,,,,,,,,,,,,,,,,
,,,,,,space,0.7561, cinnamon roll,-0.258997396,-0.176063368,1,0,0,Submit,0,5,5,5,1,6,Press spacebar to continue,SweetsAndDrinksPart2.mp4,What kind of cookie was shown in the video?,H13,001,2022-04-11_17h59.53.313,ASLTestBattery1,2021.2.3,MacIntel,59.84082341,,,,,,,,,,,,,,,,,,,,,,,,,,,,,,,,
,,,,,,,,,,,,,,,,,,,,3,,3BaldBirthdayHospitalsmall.mp4,,H13,001,2022-04-11_17h59.53.313,ASLTestBattery1,2021.2.3,MacIntel,59.84082341,space,6.234,space,1.4627,space,0.7874,space,7.1497,[0.3096788194444444],[-0.10085069444444444],[1],[0],[0],[4.194700000047646],"[""bike""]",space,11.3188,0,0,0,2,1,ASLCompStim3.jpg,,,,,,,,,
,,,,,,,,,,,,,,,,,,,,2,,3BlackBlueBirthdaysmall.mp4,,H13,001,2022-04-11_17h59.53.313,ASLTestBattery1,2021.2.3,MacIntel,59.84082341,,,,,,,space,24.676,"[0.30843315972222224,-0.7262022569444444,-0.7231163194444444,0.05046006944444444,0.05046006944444444,-0.004123263888888889]","[-0.10677083333333333,-0.1859809027777778,-0.1859765625,0.16294270833333332,0.1619140625,-0.21745659722222221]","[1,1,1,1,1,1]","[0,0,0,0,0,0]","[0,0,0,0,0,0]","[5.433400000035704,6.905699999988087,10.628400000035754,18.251800000011826,21.931499999999915,23.478900000035765]","[""bike"",""balloon"",""balloon"",""store"",""store"",""PO""]",space,4.6714,0,1,1,1,1,ASLCompStim2.jpg,,,,,,,,,
,,,,,,,,,,,,,,,,,,,,5,,3PonySnackBikesmall.mp4,,H13,001,2022-04-11_17h59.53.313,ASLTestBattery1,2021.2.3,MacIntel,59.84082341,,,,,,,space,14.611,"[-0.6718836805555556,-0.7032161458333334,0.7304166666666667,-0.04951388888888889,-0.03979600694444444,-0.2951258680555556]","[-0.23967881944444444,0.2727907986111111,0.35162326388888887,0.06887152777777777,0.10813802083333333,-0.11719618055555556]","[1,1,1,1,1,1]","[0,0,0,0,0,0]","[0,0,0,0,0,0]","[5.084099999964224,6.203699999987975,7.140599999964138,11.711800000011863,12.543899999976134,13.804499999999962]","[""balloon"",""dog"",""flower"",""store"",""purse""]",space,6.3862,0,2,2,4,1,ASLCompStim5.jpg,,,,,,,,,
,,,,,,,,,,,,,,,,,,,,1,,3PonyCakeBirthdaysmall.mp4,,H13,001,2022-04-11_17h59.53.313,ASLTestBattery1,2021.2.3,MacIntel,59.84082341,,,,,,,space,12.5503,"[0.75,0.75,0.08588975694444445,-0.2679947916666667]","[0.2513020833333333,0.2513020833333333,0.17006076388888888,-0.05936197916666667]","[1,1,1,1]","[0,0,0,0]","[0,0,0,0]","[9.106199999988121,10.167099999964307,11.253500000000031,12.122099999964234]","[""flower"",""flower"",""store"",""purse""]",space,3.2774,0,3,3,0,1,ASLCompStim1.jpg,,,,,,,,,
,,,,,,,,,,,,,,,,,,,,4,,3BlondHospitalFoodsmall.mp4,,H13,001,2022-04-11_17h59.53.313,ASLTestBattery1,2021.2.3,MacIntel,59.84082341,,,,,,,space,4.1732,"[-0.7296440972222222,-0.7460590277777778,-0.10525607638888888]","[0.22010850694444445,-0.27458333333333335,0.11506510416666667]","[1,1,1]","[0,0,0]","[0,0,0]","[1.586999999999989,3.004000000000019,3.7504000000358246]","[""dog"",""balloon"",""store""]",space,2.5778,0,4,4,3,1,ASLCompStim4.jpg,,,,,,,,,
,,,,,,,,,,,,,,,,,,,,6,,3BlackFoodBirthdaysmall.mp4,,H13,001,2022-04-11_17h59.53.313,ASLTestBattery1,2021.2.3,MacIntel,59.84082341,,,,,,,space,16.4322,"[0.548671875,0.7729730902777778,0.31319010416666665]","[-0.1919965277777778,0.2840494791666667,0.016484375]","[1,1,1]","[0,0,0]","[0,0,0]","[5.67999999999995,14.618899999976179,15.3666999999881]","[""hospital"",""flower"",""bike""]",space,2.4165,0,5,5,5,1,ASLCompStim6.jpg,,,,,,,,,
,,,,,,,,,,,,,,,,,,,,,,,,H13,001,2022-04-11_17h59.53.313,ASLTestBattery1,2021.2.3,MacIntel,59.84082341,,,,,,,,,,,,,,,,,,,,,,,,,-0.233428819,-0.141931424,1,0,0,Yes,space,2.6488
