﻿key_resp_13.keys,key_resp_13.rt,key_resp_16.keys,key_resp_16.rt,key_resp_17.keys,key_resp_17.rt,mouse_5.x,mouse_5.y,mouse_5.leftButton,mouse_5.midButton,mouse_5.rightButton,mouse_5.clicked_name,typedWord,trials_4.thisRepN,trials_4.thisTrialN,trials_4.thisN,trials_4.thisIndex,trials_4.ran,index,videoFile,itemPrompt,participant,session,date,expName,psychopyVersion,OS,frameRate,key_resp_9.keys,key_resp_9.rt,key_resp_18.keys,key_resp_18.rt,resp.x,resp.y,resp.leftButton,resp.midButton,resp.rightButton,resp.clicked_name,MatchLoop.thisRepN,MatchLoop.thisTrialN,MatchLoop.thisN,MatchLoop.thisIndex,MatchLoop.ran,imageDrawn,corrAns,plausibility,match,animacy,mouse_4.x,mouse_4.y,mouse_4.leftButton,mouse_4.midButton,mouse_4.rightButton,mouse_4.clicked_name,key_resp_12.keys,key_resp_12.rt
space,3.0944,space,1.1364,space,1.2528,0.030390625,-0.142209201,1,0,0,Submit1, vo ,0,0,0,5,1,6,FSGlass.mp4,,H13,001,2022-04-11_18h15.36.614,ASLTestBattery2,2021.2.3,MacIntel,59.84082341,,,,,,,,,,,,,,,,,,,,,,,,,,,,
,,,,,,0.02344184,-0.158389757,1,0,0,Submit1,ilwa,0,1,1,1,1,2,FSAndroid.mp4,,H13,001,2022-04-11_18h15.36.614,ASLTestBattery2,2021.2.3,MacIntel,59.84082341,,,,,,,,,,,,,,,,,,,,,,,,,,,,
,,,,,,-0.01828559,-0.196792535,1,0,0,Submit1,no idea,0,2,2,0,1,1,FSAlgebra.mp4,,H13,001,2022-04-11_18h15.36.614,ASLTestBattery2,2021.2.3,MacIntel,59.84082341,,,,,,,,,,,,,,,,,,,,,,,,,,,,
,,,,,,-0.035164931,-0.186553819,1,0,0,Submit1,no ideacomma four lettersSLASH,0,3,3,9,1,10,FSVanilla.mp4,,H13,001,2022-04-11_18h15.36.614,ASLTestBattery2,2021.2.3,MacIntel,59.84082341,,,,,,,,,,,,,,,,,,,,,,,,,,,,
,,,,,,-0.028194444,-0.165143229,1,0,0,Submit1,noSLASH,0,4,4,2,1,3,FSBerry.mp4,,H13,001,2022-04-11_18h15.36.614,ASLTestBattery2,2021.2.3,MacIntel,59.84082341,,,,,,,,,,,,,,,,,,,,,,,,,,,,
,,,,,,-0.028194444,-0.165143229,1,0,0,Submit1,something with three letters,0,5,5,3,1,4,FSBooks.mp4,,H13,001,2022-04-11_18h15.36.614,ASLTestBattery2,2021.2.3,MacIntel,59.84082341,,,,,,,,,,,,,,,,,,,,,,,,,,,,
,,,,,,-0.028194444,-0.165143229,1,0,0,Submit1,maybe,0,6,6,7,1,8,FSIce.mp4,,H13,001,2022-04-11_18h15.36.614,ASLTestBattery2,2021.2.3,MacIntel,59.84082341,,,,,,,,,,,,,,,,,,,,,,,,,,,,
,,,,,,-0.028194444,-0.165143229,1,0,0,Submit1,no idea,0,7,7,6,1,7,FSHill.mp4,,H13,001,2022-04-11_18h15.36.614,ASLTestBattery2,2021.2.3,MacIntel,59.84082341,,,,,,,,,,,,,,,,,,,,,,,,,,,,
,,,,,,-0.028194444,-0.165143229,1,0,0,Submit1,no idea,0,8,8,8,1,9,FSPizza.mp4,,H13,001,2022-04-11_18h15.36.614,ASLTestBattery2,2021.2.3,MacIntel,59.84082341,,,,,,,,,,,,,,,,,,,,,,,,,,,,
,,,,,,-0.028194444,-0.165143229,1,0,0,Submit1,something relatedto a measurement of distance,0,9,9,4,1,5,FSFeet.mp4,,H13,001,2022-04-11_18h15.36.614,ASLTestBattery2,2021.2.3,MacIntel,59.84082341,,,,,,,,,,,,,,,,,,,,,,,,,,,,
,,,,space,2.8949,,,,,,,,,,,,,7,71ManPushTree.mp4,,H13,001,2022-04-11_18h15.36.614,ASLTestBattery2,2021.2.3,MacIntel,59.84082341,space,3.225,space,6.151,-0.190594618,-0.149309896,1,0,0,Y,0,0,0,6,1,71_tree_push_man.jpg,N,canonical,mismatch,inanimate,,,,,,,,
,,,,,,,,,,,,,,,,,,9,73ClownPushTV.mp4,,H13,001,2022-04-11_18h15.36.614,ASLTestBattery2,2021.2.3,MacIntel,59.84082341,,,,,-0.282482639,-0.144396701,1,0,0,Y,0,1,1,8,1,73_clown_push_tv.jpg,Y,canonical,match,inanimate,,,,,,,,
,,,,,,,,,,,,,,,,,,17,85BoyDrawTV.mp4,,H13,001,2022-04-11_18h15.36.614,ASLTestBattery2,2021.2.3,MacIntel,59.84082341,,,,,-0.322617188,-0.180342882,1,0,0,Y,0,2,2,16,1,85_boy_draw_tv.jpg,Y,canonical,match,inanimate,,,,,,,,
,,,,,,,,,,,,,,,,,,6,32DoorKickCow.mp4,,H13,001,2022-04-11_18h15.36.614,ASLTestBattery2,2021.2.3,MacIntel,59.84082341,,,,,0.230390625,-0.169197049,1,0,0,N,0,3,3,5,1,32_cow_kick_door.jpg,N,reversed,mismatch,inanimate,,,,,,,,
,,,,,,,,,,,,,,,,,,12,77DogEatBone.mp4,,H13,001,2022-04-11_18h15.36.614,ASLTestBattery2,2021.2.3,MacIntel,59.84082341,,,,,-0.209071181,-0.151697049,1,0,0,Y,0,4,4,11,1,77_dog_eat_bone.jpg,Y,canonical,match,inanimate,,,,,,,,
,,,,,,,,,,,,,,,,,,20,91SheepKickApple.mp4,,H13,001,2022-04-11_18h15.36.614,ASLTestBattery2,2021.2.3,MacIntel,59.84082341,,,,,0.239782986,-0.167560764,1,0,0,N,0,5,5,19,1,91_apple_kick_sheep.jpg,N,canonical,mismatch,inanimate,,,,,,,,
,,,,,,,,,,,,,,,,,,4,29DadKickTable.mp4,,H13,001,2022-04-11_18h15.36.614,ASLTestBattery2,2021.2.3,MacIntel,59.84082341,,,,,0.285724826,-0.131150174,1,0,0,N,0,6,6,3,1,29_dad_kick_table.jpg,Y,canonical,match,inanimate,,,,,,,,
,,,,,,,,,,,,,,,,,,10,74TablePushTeacher.mp4,,H13,001,2022-04-11_18h15.36.614,ASLTestBattery2,2021.2.3,MacIntel,59.84082341,,,,,-0.492756076,-0.169392361,1,0,0,Y,0,7,7,9,1,74_table_push_teacher.jpg,Y,reversed,match,inanimate,,,,,,,,
,,,,,,,,,,,,,,,,,,8,72ChairPushGirl.mp4,,H13,001,2022-04-11_18h15.36.614,ASLTestBattery2,2021.2.3,MacIntel,59.84082341,,,,,-0.309622396,-0.1165625,1,0,0,Y,0,8,8,7,1,72_girl_push_chair.jpg,N,reversed,mismatch,inanimate,,,,,,,,
,,,,,,,,,,,,,,,,,,14,79GirlEatCandy.mp4,,H13,001,2022-04-11_18h15.36.614,ASLTestBattery2,2021.2.3,MacIntel,59.84082341,,,,,-0.354036458,-0.100095486,1,0,0,Y,0,9,9,13,1,79_candy_eat_girl.jpg,N,canonical,mismatch,inanimate,,,,,,,,
,,,,,,,,,,,,,,,,,,19,89MomCarryOrange.mp4,,H13,001,2022-04-11_18h15.36.614,ASLTestBattery2,2021.2.3,MacIntel,59.84082341,,,,,-0.268715278,-0.192369792,1,0,0,Y,0,10,10,18,1,89_mom_carry_orange.jpg,Y,canonical,match,inanimate,,,,,,,,
,,,,,,,,,,,,,,,,,,3,28AppleCarryClown.mp4,,H13,001,2022-04-11_18h15.36.614,ASLTestBattery2,2021.2.3,MacIntel,59.84082341,,,,,-0.27921875,-0.183706597,1,0,0,Y,0,11,11,2,1,28_clown_carry_apple.jpg,N,reversed,mismatch,inanimate,,,,,,,,
,,,,,,,,,,,,,,,,,,18,87MomBiteCookie.mp4,,H13,001,2022-04-11_18h15.36.614,ASLTestBattery2,2021.2.3,MacIntel,59.84082341,,,,,0.359483507,-0.15984375,1,0,0,N,0,12,12,17,1,87_cookie_bite_woman.jpg,N,canonical,mismatch,inanimate,,,,,,,,
,,,,,,,,,,,,,,,,,,15,82EggDrawMom.mp4,,H13,001,2022-04-11_18h15.36.614,ASLTestBattery2,2021.2.3,MacIntel,59.84082341,,,,,-0.390572917,-0.123828125,1,0,0,Y,0,13,13,14,1,82_egg_draw_mom.jpg,Y,reversed,match,inanimate,,,,,,,,
,,,,,,,,,,,,,,,,,,1,26CookieCarryDad.mp4,,H13,001,2022-04-11_18h15.36.614,ASLTestBattery2,2021.2.3,MacIntel,59.84082341,,,,,0.263767361,-0.100868056,1,0,0,N,0,14,14,0,1,26_cookie_carry_dad.jpg,Y,reversed,match,inanimate,,,,,,,,
,,,,,,,,,,,,,,,,,,16,40ChairPaintDad.mp4,,H13,001,2022-04-11_18h15.36.614,ASLTestBattery2,2021.2.3,MacIntel,59.84082341,,,,,-0.413029514,-0.180846354,1,0,0,Y,0,15,15,15,1,40_dad_paint_chair.jpg,N,reversed,mismatch,inanimate,,,,,,,,
,,,,,,,,,,,,,,,,,,13,78GrassEatRabbit.mp4,,H13,001,2022-04-11_18h15.36.614,ASLTestBattery2,2021.2.3,MacIntel,59.84082341,,,,,-0.288142361,-0.204934896,1,0,0,Y,0,16,16,12,1,78_grass_eat_rabbit.jpg,Y,reversed,match,inanimate,,,,,,,,
,,,,,,,,,,,,,,,,,,5,30ChairKickGirl.mp4,,H13,001,2022-04-11_18h15.36.614,ASLTestBattery2,2021.2.3,MacIntel,59.84082341,,,,,0.251605903,-0.195386285,1,0,0,N,0,17,17,4,1,30_chair_kick_girl.jpg,Y,reversed,match,inanimate,,,,,,,,
,,,,,,,,,,,,,,,,,,2,27BoyCarryEgg.mp4,,H13,001,2022-04-11_18h15.36.614,ASLTestBattery2,2021.2.3,MacIntel,59.84082341,,,,,0.092621528,-0.217356771,1,0,0,N,0,18,18,1,1,27_egg_carry_boy.jpg,N,canonical,mismatch,inanimate,,,,,,,,
,,,,,,,,,,,,,,,,,,11,76ChocolateEatBoy.mp4,,H13,001,2022-04-11_18h15.36.614,ASLTestBattery2,2021.2.3,MacIntel,59.84082341,,,,,-0.335789931,-0.197734375,1,0,0,Y,0,19,19,10,1,76_boy_eat_chocolate.jpg,N,reversed,mismatch,inanimate,,,,,,,,
,,,,,,,,,,,,,,,,,,,,,H13,001,2022-04-11_18h15.36.614,ASLTestBattery2,2021.2.3,MacIntel,59.84082341,,,,,,,,,,,,,,,,,,,,,-0.322591146,-0.195651042,1,0,0,Yes,space,1.3315
