﻿key_resp_15.keys,key_resp_15.rt,key_resp_2.keys,key_resp_2.rt,typedWord,mouse.x,mouse.y,mouse.leftButton,mouse.midButton,mouse.rightButton,trials.thisRepN,trials.thisTrialN,trials.thisN,trials.thisIndex,trials.ran,index,itemText,videoFile,itemPrompt,participant,session,date,expName,psychopyVersion,OS,frameRate,mouse.clicked_name,key_resp.keys,key_resp.rt,key_resp_3.keys,key_resp_3.rt,key_resp_5.keys,key_resp_5.rt,key_resp_7.keys,key_resp_7.rt,mouse_2.x,mouse_2.y,mouse_2.leftButton,mouse_2.midButton,mouse_2.rightButton,mouse_2.time,mouse_2.clicked_name,key_resp_8.keys,key_resp_8.rt,trials_2.thisRepN,trials_2.thisTrialN,trials_2.thisN,trials_2.thisIndex,trials_2.ran,imageFile,corrAns,mouse_4.x,mouse_4.y,mouse_4.leftButton,mouse_4.midButton,mouse_4.rightButton,mouse_4.clicked_name,key_resp_12.keys,key_resp_12.rt
space,10.3931,space,5.6108, Sister in law,-0.115740718,-0.021296312,0,0,0,0,0,0,0,1,1,"The next 2 sections are parts of a story told by Missy Keast. 
After each section you will be asked questions. 
Respond as best as you can. 
Press the space bar to continue.",MakingNoisePart1small.mp4,"Who did Missy go to the mall with? Please type your response below. If you are not sure, make your best guess.",C01,001,2022-03-09_14h53.57.861,ASLTestBattery1,2021.2.3,Win32,61.21824304,,,,,,,,,,,,,,,,,,,,,,,,,,,,,,,,,
,,space,0.9949, This short story is entitled Making Noise because the deaf woman telling the story finds out that hearing folks in neighboring stalls can hear her while she relieves herself in the restroom. Her sister in law told her that she could hear her urinating...as loud as Niagra Falls.,-0.010185159,0.015740726,0,0,0,0,1,1,1,1,2,Press spacebar to continue,MakingNoisePart2small.mp4,"The title of this short story is - Making Noise. In 1-2 sentences, please explain why this title was chosen below. If you are not sure, make your best guess.",C01,001,2022-03-09_14h53.57.861,ASLTestBattery1,2021.2.3,Win32,61.21824304,,,,,,,,,,,,,,,,,,,,,,,,,,,,,,,,,
,,space,37.1073, ASL Teacher,-0.244444425,-0.188888909,1,0,0,0,2,2,2,1,3,"The next few clips are parts of an interview conducted by Joel Barish and Jamil Haque. 
After each section you will be asked questions. 
Respond as best as you can. 
Press the space bar to continue.",DNInterviewBornInNYsmall.mp4,"What is Jamil's job? Please type your response below. If you are not sure, make your best guess.",C01,001,2022-03-09_14h53.57.861,ASLTestBattery1,2021.2.3,Win32,61.21824304,Submit,,,,,,,,,,,,,,,,,,,,,,,,,,,,,,,,
,,space,1.7629,Bangladesh,-0.175263423,-0.159456481,1,0,0,0,3,3,3,1,4,Press spacebar to continue,DNInterviewSignForBangladeshsmall.mp4,"Where was Jamil born? Please type your response below. If you are not sure, make your best guess.",C01,001,2022-03-09_14h53.57.861,ASLTestBattery1,2021.2.3,Win32,61.21824304,Submit,,,,,,,,,,,,,,,,,,,,,,,,,,,,,,,,
,,space,866.742, Australia,0.163061601,0.044647762,0,0,0,0,4,4,4,1,5,"The next few clips are parts of an interview conducted by Melissa Keomoungkhoun, Amanda Kline, & Jenny Cooper. 
After each section you will be asked questions.
Respond as best as you can.
Press spacebar to continue.",SweetsAndDrinksPart1.mp4,Where was Melissa Born?,C01,001,2022-03-09_14h53.57.861,ASLTestBattery1,2021.2.3,Win32,61.21824304,,,,,,,,,,,,,,,,,,,,,,,,,,,,,,,,,
,,space,5.1935, Date swirl cookiel,-0.312811958,-0.148363857,1,0,0,0,5,5,5,1,6,Press spacebar to continue,SweetsAndDrinksPart2.mp4,What kind of cookie was shown in the video?,C01,001,2022-03-09_14h53.57.861,ASLTestBattery1,2021.2.3,Win32,61.21824304,Submit,,,,,,,,,,,,,,,,,,,,,,,,,,,,,,,,
,,,,,,,,,,,,,,,2,,3BlackBlueBirthdaysmall.mp4,,C01,001,2022-03-09_14h53.57.861,ASLTestBattery1,2021.2.3,Win32,61.21824304,,space,4056.5877,space,6.2673,space,1.1245,space,20.0046,"[0.6833057892831683,-0.8241819118501342,-0.7476428080715871,0.7210205745776362,0.6766502150415555,0.6766502150415555,0.7897949771489731]","[0.3563505056925233,0.298668879191213,-0.20049918892974664,0.2809206812135788,0.2809206812135788,0.2809206812135788,0.2587354337415362]","[1,0,1,1,1,1,1]","[0,0,0,0,0,0,0]","[0,1,0,0,0,0,0]","[3.7415000000037253,6.574299999992945,7.740200000000186,9.92259999999078,11.99189999999362,12.171999999991385,16.287099999986822]","[""flower"",""dog"",""balloon"",""flower"",""flower"",""flower"",""flower""]",space,3.155,0,0,0,1,1,ASLCompStim2.jpg,,,,,,,,,
,,,,,,,,,,,,,,,1,,3PonyCakeBirthdaysmall.mp4,,C01,001,2022-03-09_14h53.57.861,ASLTestBattery1,2021.2.3,Win32,61.21824304,,,,,,,,space,6.0956,"[-0.7676095307964255,0.06211879236197184,-0.8208541247293278]","[0.24653353070591216,0.17221296860056987,-0.26039935710426176]","[1,1,1]","[0,0,0]","[0,0,0]","[3.55449999999837,4.341499999994994,5.204199999992852]","[""dog"",""store"",""balloon""]",space,1.0667,0,1,1,0,1,ASLCompStim1.jpg,,,,,,,,,
,,,,,,,,,,,,,,,6,,3BlackFoodBirthdaysmall.mp4,,C01,001,2022-03-09_14h53.57.861,ASLTestBattery1,2021.2.3,Win32,61.21824304,,,,,,,,space,4.1396,"[0.7997783385113922,-0.049916775075845826,-0.7831391871008548]","[0.26650025343075057,0.1344980140460962,-0.2437604215002298]","[1,1,1]","[0,0,0]","[0,0,0]","[0.8396999999968102,1.6226999999926193,2.7388999999966472]","[""flower"",""store"",""balloon""]",space,0.9583,0,2,2,5,1,ASLCompStim6.jpg,,,,,,,,,
,,,,,,,,,,,,,,,5,,3PonySnackBikesmall.mp4,,C01,001,2022-03-09_14h53.57.861,ASLTestBattery1,2021.2.3,Win32,61.21824304,,,,,,,,space,8.649,"[-0.7542983823131999,-0.07432047959109045,0.3327787438168899]","[0.31198002767443855,0.1444813754085154,-0.14281754550243575]","[1,1,1]","[0,0,0]","[0,0,0]","[3.0769000000000233,4.04330000000482,6.875800000008894]","[""dog"",""store"",""bike""]",space,2.8269,0,3,3,4,1,ASLCompStim5.jpg,,,,,,,,,
,,,,,,,,,,,,,,,3,,3BaldBirthdayHospitalsmall.mp4,,C01,001,2022-03-09_14h53.57.861,ASLTestBattery1,2021.2.3,Win32,61.21824304,,,,,,,,space,8.9228,"[-0.7565169070604042,-0.7088186249955125,0.509151461219629]","[0.3308374880256748,-0.3125347563675643,-0.20493623842415515]","[1,1,1]","[0,0,0]","[0,0,0]","[6.622500000012224,7.1555999999982305,7.98859999999695]","[""dog"",""balloon"",""hospital""]",space,6.2259,0,4,4,2,1,ASLCompStim3.jpg,,,,,,,,,
,,,,,,,,,,,,,,,4,,3BlondHospitalFoodsmall.mp4,,C01,001,2022-03-09_14h53.57.861,ASLTestBattery1,2021.2.3,Win32,61.21824304,,,,,,,,space,4.0284,"[-0.3327786803443896,0.5468663819221015,-0.029950052351007447,-0.02218521573579252]","[-0.05407655561426515,-0.19495287706173597,0.053521894625141696,0.13338878552449523]","[1,1,1,1]","[0,0,0,0]","[0,0,0,0]","[0.8744999999908032,1.939700000002631,3.0231999999959953,3.622700000007171]","[""purse"",""hospital"",""store""]",space,1.2333,0,5,5,3,1,ASLCompStim4.jpg,,,,,,,,,
,,,,,,,,,,,,,,,,,,,C01,001,2022-03-09_14h53.57.861,ASLTestBattery1,2021.2.3,Win32,61.21824304,,,,,,,,,,,,,,,,,,,,,,,,,,-0.140876222,-0.141708283,1,0,0,Yes,space,1.4057
