﻿key_resp_13.keys,key_resp_13.rt,key_resp_16.keys,key_resp_16.rt,key_resp_17.keys,key_resp_17.rt,mouse_5.x,mouse_5.y,mouse_5.leftButton,mouse_5.midButton,mouse_5.rightButton,typedWord,trials_4.thisRepN,trials_4.thisTrialN,trials_4.thisN,trials_4.thisIndex,trials_4.ran,index,videoFile,itemPrompt,participant,session,date,expName,psychopyVersion,OS,frameRate,key_resp_9.keys,key_resp_9.rt,key_resp_18.keys,key_resp_18.rt,resp.x,resp.y,resp.leftButton,resp.midButton,resp.rightButton,resp.clicked_name,MatchLoop.thisRepN,MatchLoop.thisTrialN,MatchLoop.thisN,MatchLoop.thisIndex,MatchLoop.ran,imageDrawn,corrAns,plausibility,match,animacy,mouse_4.x,mouse_4.y,mouse_4.leftButton,mouse_4.midButton,mouse_4.rightButton,mouse_4.clicked_name,key_resp_12.keys,key_resp_12.rt
space,392.9136,space,3.4318,space,1.1641,0.131481512,-0.193518539,0,0,0, glass,0,0,0,5,1,6,FSGlass.mp4,,C01,001,2022-03-10_10h00.32.353,ASLTestBattery2,2021.2.3,Win32,57.78008898,,,,,,,,,,,,,,,,,,,,,,,,,,,,
,,,,,,0.131481512,-0.193518539,0,0,0,android,0,1,1,1,1,2,FSAndroid.mp4,,C01,001,2022-03-10_10h00.32.353,ASLTestBattery2,2021.2.3,Win32,57.78008898,,,,,,,,,,,,,,,,,,,,,,,,,,,,
,,,,,,0.131481512,-0.193518539,0,0,0,algebra,0,2,2,0,1,1,FSAlgebra.mp4,,C01,001,2022-03-10_10h00.32.353,ASLTestBattery2,2021.2.3,Win32,57.78008898,,,,,,,,,,,,,,,,,,,,,,,,,,,,
,,,,,,0.131481512,-0.193518539,0,0,0,books,0,3,3,3,1,4,FSBooks.mp4,,C01,001,2022-03-10_10h00.32.353,ASLTestBattery2,2021.2.3,Win32,57.78008898,,,,,,,,,,,,,,,,,,,,,,,,,,,,
,,,,,,0.131481512,-0.193518539,0,0,0,pizza,0,4,4,8,1,9,FSPizza.mp4,,C01,001,2022-03-10_10h00.32.353,ASLTestBattery2,2021.2.3,Win32,57.78008898,,,,,,,,,,,,,,,,,,,,,,,,,,,,
,,,,,,0.131481512,-0.193518539,0,0,0,vanilla,0,5,5,9,1,10,FSVanilla.mp4,,C01,001,2022-03-10_10h00.32.353,ASLTestBattery2,2021.2.3,Win32,57.78008898,,,,,,,,,,,,,,,,,,,,,,,,,,,,
,,,,,,0.131481512,-0.193518539,0,0,0,ice,0,6,6,7,1,8,FSIce.mp4,,C01,001,2022-03-10_10h00.32.353,ASLTestBattery2,2021.2.3,Win32,57.78008898,,,,,,,,,,,,,,,,,,,,,,,,,,,,
,,,,,,0.131481512,-0.193518539,0,0,0,berry,0,7,7,2,1,3,FSBerry.mp4,,C01,001,2022-03-10_10h00.32.353,ASLTestBattery2,2021.2.3,Win32,57.78008898,,,,,,,,,,,,,,,,,,,,,,,,,,,,
,,,,,,0.131481512,-0.193518539,0,0,0,hill,0,8,8,6,1,7,FSHill.mp4,,C01,001,2022-03-10_10h00.32.353,ASLTestBattery2,2021.2.3,Win32,57.78008898,,,,,,,,,,,,,,,,,,,,,,,,,,,,
,,,,,,0.131481512,-0.193518539,0,0,0,feet,0,9,9,4,1,5,FSFeet.mp4,,C01,001,2022-03-10_10h00.32.353,ASLTestBattery2,2021.2.3,Win32,57.78008898,,,,,,,,,,,,,,,,,,,,,,,,,,,,
,,,,space,1.234,,,,,,,,,,,,12,77DogEatBone.mp4,,C01,001,2022-03-10_10h00.32.353,ASLTestBattery2,2021.2.3,Win32,57.78008898,space,814.7391,space,5.574,-0.193518498,-0.177777798,1,0,0,Y,0,0,0,11,1,77_dog_eat_bone.jpg,Y,canonical,match,inanimate,,,,,,,,
,,,,,,,,,,,,,,,,,20,91SheepKickApple.mp4,,C01,001,2022-03-10_10h00.32.353,ASLTestBattery2,2021.2.3,Win32,57.78008898,,,,,0.24629633,-0.149074093,1,0,0,N,0,1,1,19,1,91_apple_kick_sheep.jpg,N,canonical,mismatch,inanimate,,,,,,,,
,,,,,,,,,,,,,,,,,4,29DadKickTable.mp4,,C01,001,2022-03-10_10h00.32.353,ASLTestBattery2,2021.2.3,Win32,57.78008898,,,,,-0.228703684,-0.157407427,1,0,0,Y,0,2,2,3,1,29_dad_kick_table.jpg,Y,canonical,match,inanimate,,,,,,,,
,,,,,,,,,,,,,,,,,18,87MomBiteCookie.mp4,,C01,001,2022-03-10_10h00.32.353,ASLTestBattery2,2021.2.3,Win32,57.78008898,,,,,0.298148184,-0.120370389,1,0,0,N,0,3,3,17,1,87_cookie_bite_woman.jpg,N,canonical,mismatch,inanimate,,,,,,,,
,,,,,,,,,,,,,,,,,17,85BoyDrawTV.mp4,,C01,001,2022-03-10_10h00.32.353,ASLTestBattery2,2021.2.3,Win32,57.78008898,,,,,0.237037071,-0.154629649,1,0,0,N,0,4,4,16,1,85_boy_draw_tv.jpg,Y,canonical,match,inanimate,,,,,,,,
,,,,,,,,,,,,,,,,,11,76ChocolateEatBoy.mp4,,C01,001,2022-03-10_10h00.32.353,ASLTestBattery2,2021.2.3,Win32,57.78008898,,,,,0.183333365,-0.190740761,1,0,0,N,0,5,5,10,1,76_boy_eat_chocolate.jpg,N,reversed,mismatch,inanimate,,,,,,,,
,,,,,,,,,,,,,,,,,16,40ChairPaintDad.mp4,,C01,001,2022-03-10_10h00.32.353,ASLTestBattery2,2021.2.3,Win32,57.78008898,,,,,0.16388892,-0.201851873,1,0,0,N,0,6,6,15,1,40_dad_paint_chair.jpg,N,reversed,mismatch,inanimate,,,,,,,,
,,,,,,,,,,,,,,,,,7,71ManPushTree.mp4,,C01,001,2022-03-10_10h00.32.353,ASLTestBattery2,2021.2.3,Win32,57.78008898,,,,,0.176851884,-0.132407426,1,0,0,N,0,7,7,6,1,71_tree_push_man.jpg,N,canonical,mismatch,inanimate,,,,,,,,
,,,,,,,,,,,,,,,,,1,26CookieCarryDad.mp4,,C01,001,2022-03-10_10h00.32.353,ASLTestBattery2,2021.2.3,Win32,57.78008898,,,,,-0.218518499,-0.149074093,1,0,0,Y,0,8,8,0,1,26_cookie_carry_dad.jpg,Y,reversed,match,inanimate,,,,,,,,
,,,,,,,,,,,,,,,,,6,32DoorKickCow.mp4,,C01,001,2022-03-10_10h00.32.353,ASLTestBattery2,2021.2.3,Win32,57.78008898,,,,,0.132407438,-0.152777797,1,0,0,N,0,9,9,5,1,32_cow_kick_door.jpg,N,reversed,mismatch,inanimate,,,,,,,,
,,,,,,,,,,,,,,,,,5,30ChairKickGirl.mp4,,C01,001,2022-03-10_10h00.32.353,ASLTestBattery2,2021.2.3,Win32,57.78008898,,,,,-0.278703686,-0.173148168,0,0,1,Y,0,10,10,4,1,30_chair_kick_girl.jpg,Y,reversed,match,inanimate,,,,,,,,
,,,,,,,,,,,,,,,,,14,79GirlEatCandy.mp4,,C01,001,2022-03-10_10h00.32.353,ASLTestBattery2,2021.2.3,Win32,57.78008898,,,,,0.432407447,-0.120370389,1,0,0,N,0,11,11,13,1,79_candy_eat_girl.jpg,N,canonical,mismatch,inanimate,,,,,,,,
,,,,,,,,,,,,,,,,,13,78GrassEatRabbit.mp4,,C01,001,2022-03-10_10h00.32.353,ASLTestBattery2,2021.2.3,Win32,57.78008898,,,,,-0.279629611,-0.177777798,1,0,0,Y,0,12,12,12,1,78_grass_eat_rabbit.jpg,Y,reversed,match,inanimate,,,,,,,,
,,,,,,,,,,,,,,,,,19,89MomCarryOrange.mp4,,C01,001,2022-03-10_10h00.32.353,ASLTestBattery2,2021.2.3,Win32,57.78008898,,,,,-0.182407386,-0.198148169,1,0,0,Y,0,13,13,18,1,89_mom_carry_orange.jpg,Y,canonical,match,inanimate,,,,,,,,
,,,,,,,,,,,,,,,,,15,82EggDrawMom.mp4,,C01,001,2022-03-10_10h00.32.353,ASLTestBattery2,2021.2.3,Win32,57.78008898,,,,,-0.199999979,-0.21388891,1,0,0,Y,0,14,14,14,1,82_egg_draw_mom.jpg,Y,reversed,match,inanimate,,,,,,,,
,,,,,,,,,,,,,,,,,10,74TablePushTeacher.mp4,,C01,001,2022-03-10_10h00.32.353,ASLTestBattery2,2021.2.3,Win32,57.78008898,,,,,-0.291666649,-0.159259279,1,0,0,Y,0,15,15,9,1,74_table_push_teacher.jpg,Y,reversed,match,inanimate,,,,,,,,
,,,,,,,,,,,,,,,,,8,72ChairPushGirl.mp4,,C01,001,2022-03-10_10h00.32.353,ASLTestBattery2,2021.2.3,Win32,57.78008898,,,,,0.251851886,-0.171296316,1,0,0,N,0,16,16,7,1,72_girl_push_chair.jpg,N,reversed,mismatch,inanimate,,,,,,,,
,,,,,,,,,,,,,,,,,2,27BoyCarryEgg.mp4,,C01,001,2022-03-10_10h00.32.353,ASLTestBattery2,2021.2.3,Win32,57.78008898,,,,,0.240740774,-0.200000021,1,0,0,N,0,17,17,1,1,27_egg_carry_boy.jpg,N,canonical,mismatch,inanimate,,,,,,,,
,,,,,,,,,,,,,,,,,9,73ClownPushTV.mp4,,C01,001,2022-03-10_10h00.32.353,ASLTestBattery2,2021.2.3,Win32,57.78008898,,,,,-0.313888872,-0.135185204,1,0,0,Y,0,18,18,8,1,73_clown_push_tv.jpg,Y,canonical,match,inanimate,,,,,,,,
,,,,,,,,,,,,,,,,,3,28AppleCarryClown.mp4,,C01,001,2022-03-10_10h00.32.353,ASLTestBattery2,2021.2.3,Win32,57.78008898,,,,,0.188888921,-0.173148168,1,0,0,N,0,19,19,2,1,28_clown_carry_apple.jpg,N,reversed,mismatch,inanimate,,,,,,,,
,,,,,,,,,,,,,,,,,,,,C01,001,2022-03-10_10h00.32.353,ASLTestBattery2,2021.2.3,Win32,57.78008898,,,,,,,,,,,,,,,,,,,,,-0.211111091,-0.123148167,1,0,0,Yes,space,2.2701
