﻿key_resp_13.keys,key_resp_13.rt,key_resp_16.keys,key_resp_16.rt,key_resp_17.keys,key_resp_17.rt,mouse_5.x,mouse_5.y,mouse_5.leftButton,mouse_5.midButton,mouse_5.rightButton,mouse_5.clicked_name,typedWord,trials_4.thisRepN,trials_4.thisTrialN,trials_4.thisN,trials_4.thisIndex,trials_4.ran,index,videoFile,itemPrompt,participant,session,date,expName,psychopyVersion,OS,frameRate,key_resp_9.keys,key_resp_9.rt,key_resp_18.keys,key_resp_18.rt,resp.x,resp.y,resp.leftButton,resp.midButton,resp.rightButton,resp.clicked_name,MatchLoop.thisRepN,MatchLoop.thisTrialN,MatchLoop.thisN,MatchLoop.thisIndex,MatchLoop.ran,imageDrawn,corrAns,plausibility,match,animacy,mouse_4.x,mouse_4.y,mouse_4.leftButton,mouse_4.midButton,mouse_4.rightButton,mouse_4.clicked_name,key_resp_12.keys,key_resp_12.rt
space,3.6634,space,1.8491,space,1.2081,0.151473546,-0.167407952,1,0,0,Submit1, titled,0,0,0,1,1,2,FSAndroid.mp4,,S07,001,03-02-2023_16h31.29.067,ASLTestBattery2,2021.2.3,MacIntel,60.0024001,,,,,,,,,,,,,,,,,,,,,,,,,,,,
,,,,,,0.258063892,0.145962252,0,0,0,,riveria,0,1,1,0,1,1,FSAlgebra.mp4,,S07,001,03-02-2023_16h31.29.067,ASLTestBattery2,2021.2.3,MacIntel,60.0024001,,,,,,,,,,,,,,,,,,,,,,,,,,,,
,,,,,,-0.060160118,0.049169761,0,0,0,,reed,0,2,2,4,1,5,FSFeet.mp4,,S07,001,03-02-2023_16h31.29.067,ASLTestBattery2,2021.2.3,MacIntel,60.0024001,,,,,,,,,,,,,,,,,,,,,,,,,,,,
,,,,,,-0.060160118,0.049169761,0,0,0,,ski,0,3,3,7,1,8,FSIce.mp4,,S07,001,03-02-2023_16h31.29.067,ASLTestBattery2,2021.2.3,MacIntel,60.0024001,,,,,,,,,,,,,,,,,,,,,,,,,,,,
,,,,,,0.018951114,0.017642585,0,0,0,,rizz,0,4,4,8,1,9,FSPizza.mp4,,S07,001,03-02-2023_16h31.29.067,ASLTestBattery2,2021.2.3,MacIntel,60.0024001,,,,,,,,,,,,,,,,,,,,,,,,,,,,
,,,,,,0.018951114,0.017642585,0,0,0,,hill,0,5,5,6,1,7,FSHill.mp4,,S07,001,03-02-2023_16h31.29.067,ASLTestBattery2,2021.2.3,MacIntel,60.0024001,,,,,,,,,,,,,,,,,,,,,,,,,,,,
,,,,,,0.018951114,0.017642585,0,0,0,,books,0,6,6,3,1,4,FSBooks.mp4,,S07,001,03-02-2023_16h31.29.067,ASLTestBattery2,2021.2.3,MacIntel,60.0024001,,,,,,,,,,,,,,,,,,,,,,,,,,,,
,,,,,,0.018951114,0.017642585,0,0,0,,landing,0,7,7,5,1,6,FSGlass.mp4,,S07,001,03-02-2023_16h31.29.067,ASLTestBattery2,2021.2.3,MacIntel,60.0024001,,,,,,,,,,,,,,,,,,,,,,,,,,,,
,,,,,,0.013111077,0.046456013,0,0,0,,party,0,8,8,2,1,3,FSBerry.mp4,,S07,001,03-02-2023_16h31.29.067,ASLTestBattery2,2021.2.3,MacIntel,60.0024001,,,,,,,,,,,,,,,,,,,,,,,,,,,,
,,,,,,0.013111077,0.046456013,0,0,0,,village,0,9,9,9,1,10,FSVanilla.mp4,,S07,001,03-02-2023_16h31.29.067,ASLTestBattery2,2021.2.3,MacIntel,60.0024001,,,,,,,,,,,,,,,,,,,,,,,,,,,,
,,,,space,1.3472,,,,,,,,,,,,,3,28AppleCarryClown.mp4,,S07,001,03-02-2023_16h31.29.067,ASLTestBattery2,2021.2.3,MacIntel,60.0024001,space,1.1523,space,3.869,-0.142494328,-0.115440646,1,0,0,Y,0,0,0,2,1,28_clown_carry_apple.jpg,N,reversed,mismatch,inanimate,,,,,,,,
,,,,,,,,,,,,,,,,,,20,91SheepKickApple.mp4,,S07,001,03-02-2023_16h31.29.067,ASLTestBattery2,2021.2.3,MacIntel,60.0024001,,,,,-0.27704079,-0.096908519,1,0,0,Y,0,1,1,19,1,91_apple_kick_sheep.jpg,N,canonical,mismatch,inanimate,,,,,,,,
,,,,,,,,,,,,,,,,,,19,89MomCarryOrange.mp4,,S07,001,03-02-2023_16h31.29.067,ASLTestBattery2,2021.2.3,MacIntel,60.0024001,,,,,0.214012222,-0.131323484,1,0,0,N,0,2,2,18,1,89_mom_carry_orange.jpg,Y,canonical,match,inanimate,,,,,,,,
,,,,,,,,,,,,,,,,,,14,79GirlEatCandy.mp4,,S07,001,03-02-2023_16h31.29.067,ASLTestBattery2,2021.2.3,MacIntel,60.0024001,,,,,0.22986283,-0.142300949,1,0,0,N,0,3,3,13,1,79_candy_eat_girl.jpg,N,canonical,mismatch,inanimate,,,,,,,,
,,,,,,,,,,,,,,,,,,16,40ChairPaintDad.mp4,,S07,001,03-02-2023_16h31.29.067,ASLTestBattery2,2021.2.3,MacIntel,60.0024001,,,,,0.142384746,-0.166009179,1,0,0,N,0,4,4,15,1,40_dad_paint_chair.jpg,N,reversed,mismatch,inanimate,,,,,,,,
,,,,,,,,,,,,,,,,,,2,27BoyCarryEgg.mp4,,S07,001,03-02-2023_16h31.29.067,ASLTestBattery2,2021.2.3,MacIntel,60.0024001,,,,,0.244843234,-0.087104218,1,0,0,N,0,5,5,1,1,27_egg_carry_boy.jpg,N,canonical,mismatch,inanimate,,,,,,,,
,,,,,,,,,,,,,,,,,,8,72ChairPushGirl.mp4,,S07,001,03-02-2023_16h31.29.067,ASLTestBattery2,2021.2.3,MacIntel,60.0024001,,,,,-0.124522999,-0.129583075,1,0,0,Y,0,6,6,7,1,72_girl_push_chair.jpg,N,reversed,mismatch,inanimate,,,,,,,,
,,,,,,,,,,,,,,,,,,15,82EggDrawMom.mp4,,S07,001,03-02-2023_16h31.29.067,ASLTestBattery2,2021.2.3,MacIntel,60.0024001,,,,,-0.125986231,-0.129583075,1,0,0,Y,0,7,7,14,1,82_egg_draw_mom.jpg,Y,reversed,match,inanimate,,,,,,,,
,,,,,,,,,,,,,,,,,,18,87MomBiteCookie.mp4,,S07,001,03-02-2023_16h31.29.067,ASLTestBattery2,2021.2.3,MacIntel,60.0024001,,,,,0.229430951,-0.155702094,1,0,0,N,0,8,8,17,1,87_cookie_bite_woman.jpg,N,canonical,mismatch,inanimate,,,,,,,,
,,,,,,,,,,,,,,,,,,5,30ChairKickGirl.mp4,,S07,001,03-02-2023_16h31.29.067,ASLTestBattery2,2021.2.3,MacIntel,60.0024001,,,,,-0.217712201,-0.116323742,1,0,0,Y,0,9,9,4,1,30_chair_kick_girl.jpg,Y,reversed,match,inanimate,,,,,,,,
,,,,,,,,,,,,,,,,,,17,85BoyDrawTV.mp4,,S07,001,03-02-2023_16h31.29.067,ASLTestBattery2,2021.2.3,MacIntel,60.0024001,,,,,-0.206135262,-0.096154342,1,0,0,Y,0,10,10,16,1,85_boy_draw_tv.jpg,Y,canonical,match,inanimate,,,,,,,,
,,,,,,,,,,,,,,,,,,1,26CookieCarryDad.mp4,,S07,001,03-02-2023_16h31.29.067,ASLTestBattery2,2021.2.3,MacIntel,60.0024001,,,,,-0.183941832,-0.132580446,1,0,0,Y,0,11,11,0,1,26_cookie_carry_dad.jpg,Y,reversed,match,inanimate,,,,,,,,
,,,,,,,,,,,,,,,,,,6,32DoorKickCow.mp4,,S07,001,03-02-2023_16h31.29.067,ASLTestBattery2,2021.2.3,MacIntel,60.0024001,,,,,0.163566161,-0.156843028,1,0,0,N,0,12,12,5,1,32_cow_kick_door.jpg,N,reversed,mismatch,inanimate,,,,,,,,
,,,,,,,,,,,,,,,,,,12,77DogEatBone.mp4,,S07,001,03-02-2023_16h31.29.067,ASLTestBattery2,2021.2.3,MacIntel,60.0024001,,,,,-0.267765058,-0.140876392,1,0,0,Y,0,13,13,11,1,77_dog_eat_bone.jpg,Y,canonical,match,inanimate,,,,,,,,
,,,,,,,,,,,,,,,,,,10,74TablePushTeacher.mp4,,S07,001,03-02-2023_16h31.29.067,ASLTestBattery2,2021.2.3,MacIntel,60.0024001,,,,,-0.293600454,-0.139303579,1,0,0,Y,0,14,14,9,1,74_table_push_teacher.jpg,Y,reversed,match,inanimate,,,,,,,,
,,,,,,,,,,,,,,,,,,4,29DadKickTable.mp4,,S07,001,03-02-2023_16h31.29.067,ASLTestBattery2,2021.2.3,MacIntel,60.0024001,,,,,-0.232473443,-0.149791151,1,0,0,Y,0,15,15,3,1,29_dad_kick_table.jpg,Y,canonical,match,inanimate,,,,,,,,
,,,,,,,,,,,,,,,,,,13,78GrassEatRabbit.mp4,,S07,001,03-02-2023_16h31.29.067,ASLTestBattery2,2021.2.3,MacIntel,60.0024001,,,,,0.277633818,-0.172158622,1,0,0,N,0,16,16,12,1,78_grass_eat_rabbit.jpg,Y,reversed,match,inanimate,,,,,,,,
,,,,,,,,,,,,,,,,,,9,73ClownPushTV.mp4,,S07,001,03-02-2023_16h31.29.067,ASLTestBattery2,2021.2.3,MacIntel,60.0024001,,,,,-0.188595813,-0.126843544,1,0,0,Y,0,17,17,8,1,73_clown_push_tv.jpg,Y,canonical,match,inanimate,,,,,,,,
,,,,,,,,,,,,,,,,,,7,71ManPushTree.mp4,,S07,001,03-02-2023_16h31.29.067,ASLTestBattery2,2021.2.3,MacIntel,60.0024001,,,,,0.106828847,-0.169090347,1,0,0,N,0,18,18,6,1,71_tree_push_man.jpg,N,canonical,mismatch,inanimate,,,,,,,,
,,,,,,,,,,,,,,,,,,11,76ChocolateEatBoy.mp4,,S07,001,03-02-2023_16h31.29.067,ASLTestBattery2,2021.2.3,MacIntel,60.0024001,,,,,0.107267172,-0.169915429,1,0,0,N,0,19,19,10,1,76_boy_eat_chocolate.jpg,N,reversed,mismatch,inanimate,,,,,,,,
,,,,,,,,,,,,,,,,,,,,,S07,001,03-02-2023_16h31.29.067,ASLTestBattery2,2021.2.3,MacIntel,60.0024001,,,,,,,,,,,,,,,,,,,,,0.107267172,-0.169915429,1,0,0,No,space,2.0962
