﻿key_resp_15.keys,key_resp_15.rt,key_resp_4.keys,key_resp_4.rt,key_resp_17.keys,key_resp_17.rt,key_resp_2.keys,key_resp_2.rt,typedWord,mouse.x,mouse.y,mouse.leftButton,mouse.midButton,mouse.rightButton,mouse.clicked_name,trials.thisRepN,trials.thisTrialN,trials.thisN,trials.thisIndex,trials.ran,index,itemText,videoFile,itemPrompt,participant,session,date,expName,psychopyVersion,OS,frameRate,key_resp.keys,key_resp.rt,key_resp_3.keys,key_resp_3.rt,key_resp_5.keys,key_resp_5.rt,key_resp_7.keys,key_resp_7.rt,mouse_2.x,mouse_2.y,mouse_2.leftButton,mouse_2.midButton,mouse_2.rightButton,mouse_2.time,mouse_2.clicked_name,key_resp_8.keys,key_resp_8.rt,trials_2.thisRepN,trials_2.thisTrialN,trials_2.thisN,trials_2.thisIndex,trials_2.ran,imageFile,corrAns,mouse_4.x,mouse_4.y,mouse_4.leftButton,mouse_4.midButton,mouse_4.rightButton,mouse_4.clicked_name,key_resp_12.keys,key_resp_12.rt
space,3.8079,space,1.9234,space,1.6647,space,2.7192, brother and Sister in law Linda,-0.296296268,-0.141666667,1,0,0,Submit,0,0,0,0,1,1,"The next 2 sections are parts of a story told by Missy Keast. 
After each section you will be asked questions. 
Respond as best as you can. 
Press the space bar to continue.",MakingNoisePart1small.mp4,"Who did Missy go to the mall with? Please type your response below. If you are not sure, make your best guess.",D03,001,03-12-2023_18h30.44.728,ASLTestBattery1,2021.2.3,Win32,59.94125757,,,,,,,,,,,,,,,,,,,,,,,,,,,,,,,,
,,,,,,space,5.0491,Misty make noise when she peed like Niargra falls but she didnt know until her sister in law Linda told her that.  She was so embarrased but after that she didnt care because she dont want to be careful when she go to the rest room. ,-0.317592578,-0.164814843,1,0,0,Submit,0,1,1,1,1,2,Press spacebar to continue,MakingNoisePart2small.mp4,"The title of this short story is - Making Noise. In 1-2 sentences, please explain why this title was chosen below. If you are not sure, make your best guess.",D03,001,03-12-2023_18h30.44.728,ASLTestBattery1,2021.2.3,Win32,59.94125757,,,,,,,,,,,,,,,,,,,,,,,,,,,,,,,,
,,,,,,space,7.0993, He is ASL Teacher at Sign language Center in NYC,-0.30370369,-0.154629644,1,0,0,Submit,0,2,2,2,1,3,"The next few clips are parts of an interview conducted by Joel Barish and Jamil Haque. 
After each section you will be asked questions. 
Respond as best as you can. 
Press the space bar to continue.",DNInterviewBornInNYsmall.mp4,"What is Jamil's job? Please type your response below. If you are not sure, make your best guess.",D03,001,03-12-2023_18h30.44.728,ASLTestBattery1,2021.2.3,Win32,59.94125757,,,,,,,,,,,,,,,,,,,,,,,,,,,,,,,,
,,,,,,space,1.5286, Bangladesh India,-0.251851824,-0.15648151,1,0,0,Submit,0,3,3,3,1,4,Press spacebar to continue,DNInterviewSignForBangladeshsmall.mp4,"Where was Jamil born? Please type your response below. If you are not sure, make your best guess.",D03,001,03-12-2023_18h30.44.728,ASLTestBattery1,2021.2.3,Win32,59.94125757,,,,,,,,,,,,,,,,,,,,,,,,,,,,,,,,
,,,,,,space,23.5541, Australia,-0.301851824,-0.15,1,0,0,Submit,0,4,4,4,1,5,"The next few clips are parts of an interview conducted by Melissa Keomoungkhoun, Amanda Kline, & Jenny Cooper. 
After each section you will be asked questions.
Respond as best as you can.
Press spacebar to continue.",SweetsAndDrinksPart1.mp4,Where was Melissa Born?,D03,001,03-12-2023_18h30.44.728,ASLTestBattery1,2021.2.3,Win32,59.94125757,,,,,,,,,,,,,,,,,,,,,,,,,,,,,,,,
,,,,,,space,1.168, Date Swirl,-0.312037023,-0.157407422,1,0,0,Submit,0,5,5,5,1,6,Press spacebar to continue,SweetsAndDrinksPart2.mp4,What kind of cookie was shown in the video?,D03,001,03-12-2023_18h30.44.728,ASLTestBattery1,2021.2.3,Win32,59.94125757,,,,,,,,,,,,,,,,,,,,,,,,,,,,,,,,
,,,,,,,,,,,,,,,,,,,,3,,3BaldBirthdayHospitalsmall.mp4,,D03,001,03-12-2023_18h30.44.728,ASLTestBattery1,2021.2.3,Win32,59.94125757,space,4.824,space,1.5077,space,1.4929,space,9.0353,"[0.3055555555555556,-0.7824074003431533,0.5268519083658855]","[-0.11203706529405381,-0.23148150973849826,-0.18796297709147136]","[1,1,1]","[0,0,0]","[0,0,0]","[4.104300000000649,5.253999999999905,6.833700000001045]","[""bike"",""balloon"",""hospital""]",space,2.9206,0,0,0,2,1,ASLCompStim3.jpg,,,,,,,,,
,,,,,,,,,,,,,,,,,,,,4,,3BlondHospitalFoodsmall.mp4,,D03,001,03-12-2023_18h30.44.728,ASLTestBattery1,2021.2.3,Win32,59.94125757,,,,,,,space,8.2727,"[-0.2962962680392795,0.5481482611762153,-0.020370313856336805,-0.0064814249674479164]","[-0.09629631042480469,-0.1824074215359158,0.1537036895751953,-0.3138888888888889]","[1,1,1,1]","[0,0,0,0]","[0,0,0,0]","[4.132099999999582,5.421200000001136,6.919599999999718,7.56899999999996]","[""purse"",""hospital"",""store"",""PO""]",space,1.8467,0,1,1,3,1,ASLCompStim4.jpg,,,,,,,,,
,,,,,,,,,,,,,,,,,,,,5,,3PonySnackBikesmall.mp4,,D03,001,03-12-2023_18h30.44.728,ASLTestBattery1,2021.2.3,Win32,59.94125757,,,,,,,space,7.037,"[-0.7527777777777778,0.0018519083658854166,0.3046296861436632]","[0.30462962256537546,0.10185182359483506,-0.09814817640516493]","[1,1,1]","[0,0,0]","[0,0,0]","[4.42370000000119,5.399900000000343,6.3382000000012795]","[""dog"",""store"",""bike""]",space,1.2714,0,2,2,4,1,ASLCompStim5.jpg,,,,,,,,,
,,,,,,,,,,,,,,,,,,,,2,,3BlackBlueBirthdaysmall.mp4,,D03,001,03-12-2023_18h30.44.728,ASLTestBattery1,2021.2.3,Win32,59.94125757,,,,,,,space,8.2021,"[0.7546296861436632,-0.775,-0.7564814779493544]","[0.3055555555555556,0.32870370017157663,-0.2074074215359158]","[1,1,1]","[0,0,0]","[0,0,0]","[3.4284999999999854,4.896200000001045,6.212700000001178]","[""flower"",""dog"",""balloon""]",space,1.1902,0,3,3,1,1,ASLCompStim2.jpg,,,,,,,,,
,,,,,,,,,,,,,,,,,,,,1,,3PonyCakeBirthdaysmall.mp4,,D03,001,03-12-2023_18h30.44.728,ASLTestBattery1,2021.2.3,Win32,59.94125757,,,,,,,space,5.997,"[-0.7629629558987088,0.06851857503255208,-0.7416666666666667]","[0.27962962256537544,0.14814813401963975,-0.22037039862738717]","[1,1,1]","[0,0,0]","[0,0,0]","[2.6074000000003252,3.541900000000396,4.859699999999293]","[""dog"",""store"",""balloon""]",space,1.1816,0,4,4,0,1,ASLCompStim1.jpg,,,,,,,,,
,,,,,,,,,,,,,,,,,,,,6,,3BlackFoodBirthdaysmall.mp4,,D03,001,03-12-2023_18h30.44.728,ASLTestBattery1,2021.2.3,Win32,59.94125757,,,,,,,space,53.5439,"[0.8222222222222222,-0.003703647189670139,-0.7907407336764866]","[0.28518517812093097,0.1814814673529731,-0.2009259541829427]","[1,1,1]","[0,0,0]","[0,0,0]","[5.441199999999071,51.479699999999184,52.431499999999915]","[""flower"",""store"",""balloon""]",space,1.1848,0,5,5,5,1,ASLCompStim6.jpg,,,,,,,,,
,,,,,,,,,,,,,,,,,,,,,,,,D03,001,03-12-2023_18h30.44.728,ASLTestBattery1,2021.2.3,Win32,59.94125757,,,,,,,,,,,,,,,,,,,,,,,,,-0.285185157,-0.15648151,1,0,0,Yes,space,3.1509
