﻿key_resp_13.keys,key_resp_13.rt,key_resp_16.keys,key_resp_16.rt,key_resp_17.keys,key_resp_17.rt,mouse_5.x,mouse_5.y,mouse_5.leftButton,mouse_5.midButton,mouse_5.rightButton,mouse_5.clicked_name,typedWord,trials_4.thisRepN,trials_4.thisTrialN,trials_4.thisN,trials_4.thisIndex,trials_4.ran,index,videoFile,itemPrompt,participant,session,date,expName,psychopyVersion,OS,frameRate,key_resp_9.keys,key_resp_9.rt,key_resp_18.keys,key_resp_18.rt,resp.x,resp.y,resp.leftButton,resp.midButton,resp.rightButton,resp.clicked_name,MatchLoop.thisRepN,MatchLoop.thisTrialN,MatchLoop.thisN,MatchLoop.thisIndex,MatchLoop.ran,imageDrawn,corrAns,plausibility,match,animacy,mouse_4.x,mouse_4.y,mouse_4.leftButton,mouse_4.midButton,mouse_4.rightButton,mouse_4.clicked_name,key_resp_12.keys,key_resp_12.rt
space,14.4709,space,13.8226,space,1.5987,0.022222222,-0.172222222,1,0,0,Submit1, algebra,0,0,0,0,1,1,FSAlgebra.mp4,,D03,001,03-12-2023_18h54.59.703,ASLTestBattery2,2021.2.3,Win32,60.28817749,,,,,,,,,,,,,,,,,,,,,,,,,,,,
,,,,,,0.009259288,-0.15,1,0,0,Submit1,pizza,0,1,1,8,1,9,FSPizza.mp4,,D03,001,03-12-2023_18h54.59.703,ASLTestBattery2,2021.2.3,Win32,60.28817749,,,,,,,,,,,,,,,,,,,,,,,,,,,,
,,,,,,-0.021296268,-0.132407422,1,0,0,Submit1,berry,0,2,2,2,1,3,FSBerry.mp4,,D03,001,03-12-2023_18h54.59.703,ASLTestBattery2,2021.2.3,Win32,60.28817749,,,,,,,,,,,,,,,,,,,,,,,,,,,,
,,,,,,-0.014814758,-0.158333333,1,0,0,Submit1,hill,0,3,3,6,1,7,FSHill.mp4,,D03,001,03-12-2023_18h54.59.703,ASLTestBattery2,2021.2.3,Win32,60.28817749,,,,,,,,,,,,,,,,,,,,,,,,,,,,
,,,,,,-0.017592536,-0.153703732,1,0,0,Submit1,3 feet,0,4,4,4,1,5,FSFeet.mp4,,D03,001,03-12-2023_18h54.59.703,ASLTestBattery2,2021.2.3,Win32,60.28817749,,,,,,,,,,,,,,,,,,,,,,,,,,,,
,,,,,,-0.012962935,-0.15648151,1,0,0,Submit1,Vanilla,0,5,5,9,1,10,FSVanilla.mp4,,D03,001,03-12-2023_18h54.59.703,ASLTestBattery2,2021.2.3,Win32,60.28817749,,,,,,,,,,,,,,,,,,,,,,,,,,,,
,,,,,,-0.030555556,-0.158333333,1,0,0,Submit1,Glass,0,6,6,5,1,6,FSGlass.mp4,,D03,001,03-12-2023_18h54.59.703,ASLTestBattery2,2021.2.3,Win32,60.28817749,,,,,,,,,,,,,,,,,,,,,,,,,,,,
,,,,,,0.010185242,-0.133333333,1,0,0,Submit1,books,0,7,7,3,1,4,FSBooks.mp4,,D03,001,03-12-2023_18h54.59.703,ASLTestBattery2,2021.2.3,Win32,60.28817749,,,,,,,,,,,,,,,,,,,,,,,,,,,,
,,,,,,-0.028703647,-0.166666667,1,0,0,Submit1,ice,0,8,8,7,1,8,FSIce.mp4,,D03,001,03-12-2023_18h54.59.703,ASLTestBattery2,2021.2.3,Win32,60.28817749,,,,,,,,,,,,,,,,,,,,,,,,,,,,
,,,,,,0.015740797,-0.161111111,1,0,0,Submit1,andriod,0,9,9,1,1,2,FSAndroid.mp4,,D03,001,03-12-2023_18h54.59.703,ASLTestBattery2,2021.2.3,Win32,60.28817749,,,,,,,,,,,,,,,,,,,,,,,,,,,,
,,,,space,1.5049,,,,,,,,,,,,,1,26CookieCarryDad.mp4,,D03,001,03-12-2023_18h54.59.703,ASLTestBattery2,2021.2.3,Win32,60.28817749,space,3.2408,space,7.6723,-0.190740712,-0.151851866,1,0,0,Y,0,0,0,0,1,26_cookie_carry_dad.jpg,Y,reversed,match,inanimate,,,,,,,,
,,,,,,,,,,,,,,,,,,6,32DoorKickCow.mp4,,D03,001,03-12-2023_18h54.59.703,ASLTestBattery2,2021.2.3,Win32,60.28817749,,,,,0.268518575,-0.135185199,1,0,0,N,0,1,1,5,1,32_cow_kick_door.jpg,N,reversed,mismatch,inanimate,,,,,,,,
,,,,,,,,,,,,,,,,,,16,40ChairPaintDad.mp4,,D03,001,03-12-2023_18h54.59.703,ASLTestBattery2,2021.2.3,Win32,60.28817749,,,,,0.35648151,-0.149074088,1,0,0,N,0,2,2,15,1,40_dad_paint_chair.jpg,N,reversed,mismatch,inanimate,,,,,,,,
,,,,,,,,,,,,,,,,,,12,77DogEatBone.mp4,,D03,001,03-12-2023_18h54.59.703,ASLTestBattery2,2021.2.3,Win32,60.28817749,,,,,-0.219444444,-0.150925954,1,0,0,Y,0,3,3,11,1,77_dog_eat_bone.jpg,Y,canonical,match,inanimate,,,,,,,,
,,,,,,,,,,,,,,,,,,8,72ChairPushGirl.mp4,,D03,001,03-12-2023_18h54.59.703,ASLTestBattery2,2021.2.3,Win32,60.28817749,,,,,0.23148151,-0.125925954,1,0,0,N,0,4,4,7,1,72_girl_push_chair.jpg,N,reversed,mismatch,inanimate,,,,,,,,
,,,,,,,,,,,,,,,,,,17,85BoyDrawTV.mp4,,D03,001,03-12-2023_18h54.59.703,ASLTestBattery2,2021.2.3,Win32,60.28817749,,,,,-0.179629601,-0.12129631,1,0,0,Y,0,5,5,16,1,85_boy_draw_tv.jpg,Y,canonical,match,inanimate,,,,,,,,
,,,,,,,,,,,,,,,,,,4,29DadKickTable.mp4,,D03,001,03-12-2023_18h54.59.703,ASLTestBattery2,2021.2.3,Win32,60.28817749,,,,,-0.251851824,-0.154629644,1,0,0,Y,0,6,6,3,1,29_dad_kick_table.jpg,Y,canonical,match,inanimate,,,,,,,,
,,,,,,,,,,,,,,,,,,15,82EggDrawMom.mp4,,D03,001,03-12-2023_18h54.59.703,ASLTestBattery2,2021.2.3,Win32,60.28817749,,,,,-0.309259245,-0.140740755,1,0,0,Y,0,7,7,14,1,82_egg_draw_mom.jpg,Y,reversed,match,inanimate,,,,,,,,
,,,,,,,,,,,,,,,,,,19,89MomCarryOrange.mp4,,D03,001,03-12-2023_18h54.59.703,ASLTestBattery2,2021.2.3,Win32,60.28817749,,,,,-0.306481467,-0.175,1,0,0,Y,0,8,8,18,1,89_mom_carry_orange.jpg,Y,canonical,match,inanimate,,,,,,,,
,,,,,,,,,,,,,,,,,,3,28AppleCarryClown.mp4,,D03,001,03-12-2023_18h54.59.703,ASLTestBattery2,2021.2.3,Win32,60.28817749,,,,,0.251851908,-0.172222222,1,0,0,N,0,9,9,2,1,28_clown_carry_apple.jpg,N,reversed,mismatch,inanimate,,,,,,,,
,,,,,,,,,,,,,,,,,,13,78GrassEatRabbit.mp4,,D03,001,03-12-2023_18h54.59.703,ASLTestBattery2,2021.2.3,Win32,60.28817749,,,,,-0.211111111,-0.137037065,1,0,0,Y,0,10,10,12,1,78_grass_eat_rabbit.jpg,Y,reversed,match,inanimate,,,,,,,,
,,,,,,,,,,,,,,,,,,5,30ChairKickGirl.mp4,,D03,001,03-12-2023_18h54.59.703,ASLTestBattery2,2021.2.3,Win32,60.28817749,,,,,-0.263888889,-0.137037065,1,0,0,Y,0,11,11,4,1,30_chair_kick_girl.jpg,Y,reversed,match,inanimate,,,,,,,,
,,,,,,,,,,,,,,,,,,9,73ClownPushTV.mp4,,D03,001,03-12-2023_18h54.59.703,ASLTestBattery2,2021.2.3,Win32,60.28817749,,,,,-0.342592578,-0.152777778,1,0,0,Y,0,12,12,8,1,73_clown_push_tv.jpg,Y,canonical,match,inanimate,,,,,,,,
,,,,,,,,,,,,,,,,,,7,71ManPushTree.mp4,,D03,001,03-12-2023_18h54.59.703,ASLTestBattery2,2021.2.3,Win32,60.28817749,,,,,0.297222222,-0.147222222,1,0,0,N,0,13,13,6,1,71_tree_push_man.jpg,N,canonical,mismatch,inanimate,,,,,,,,
,,,,,,,,,,,,,,,,,,14,79GirlEatCandy.mp4,,D03,001,03-12-2023_18h54.59.703,ASLTestBattery2,2021.2.3,Win32,60.28817749,,,,,0.245370399,-0.161111111,1,0,0,N,0,14,14,13,1,79_candy_eat_girl.jpg,N,canonical,mismatch,inanimate,,,,,,,,
,,,,,,,,,,,,,,,,,,2,27BoyCarryEgg.mp4,,D03,001,03-12-2023_18h54.59.703,ASLTestBattery2,2021.2.3,Win32,60.28817749,,,,,0.20648151,-0.147222222,1,0,0,N,0,15,15,1,1,27_egg_carry_boy.jpg,N,canonical,mismatch,inanimate,,,,,,,,
,,,,,,,,,,,,,,,,,,18,87MomBiteCookie.mp4,,D03,001,03-12-2023_18h54.59.703,ASLTestBattery2,2021.2.3,Win32,60.28817749,,,,,0.237963019,-0.151851866,1,0,0,N,0,16,16,17,1,87_cookie_bite_woman.jpg,N,canonical,mismatch,inanimate,,,,,,,,
,,,,,,,,,,,,,,,,,,11,76ChocolateEatBoy.mp4,,D03,001,03-12-2023_18h54.59.703,ASLTestBattery2,2021.2.3,Win32,60.28817749,,,,,0.237963019,-0.151851866,1,0,0,N,0,17,17,10,1,76_boy_eat_chocolate.jpg,N,reversed,mismatch,inanimate,,,,,,,,
,,,,,,,,,,,,,,,,,,20,91SheepKickApple.mp4,,D03,001,03-12-2023_18h54.59.703,ASLTestBattery2,2021.2.3,Win32,60.28817749,,,,,0.237963019,-0.151851866,1,0,0,N,0,18,18,19,1,91_apple_kick_sheep.jpg,N,canonical,mismatch,inanimate,,,,,,,,
,,,,,,,,,,,,,,,,,,10,74TablePushTeacher.mp4,,D03,001,03-12-2023_18h54.59.703,ASLTestBattery2,2021.2.3,Win32,60.28817749,,,,,-0.215740712,-0.110185199,1,0,0,Y,0,19,19,9,1,74_table_push_teacher.jpg,Y,reversed,match,inanimate,,,,,,,,
,,,,,,,,,,,,,,,,,,,,,D03,001,03-12-2023_18h54.59.703,ASLTestBattery2,2021.2.3,Win32,60.28817749,,,,,,,,,,,,,,,,,,,,,-0.215740712,-0.136111111,1,0,0,Yes,space,2.5139
