﻿key_resp_15.keys,key_resp_15.rt,key_resp_4.keys,key_resp_4.rt,key_resp_17.keys,key_resp_17.rt,key_resp_2.keys,key_resp_2.rt,typedWord,mouse.x,mouse.y,mouse.leftButton,mouse.midButton,mouse.rightButton,mouse.clicked_name,trials.thisRepN,trials.thisTrialN,trials.thisN,trials.thisIndex,trials.ran,index,itemText,videoFile,itemPrompt,participant,session,date,expName,psychopyVersion,OS,frameRate,key_resp.keys,key_resp.rt,key_resp_3.keys,key_resp_3.rt,key_resp_5.keys,key_resp_5.rt,key_resp_7.keys,key_resp_7.rt,mouse_2.x,mouse_2.y,mouse_2.leftButton,mouse_2.midButton,mouse_2.rightButton,mouse_2.time,mouse_2.clicked_name,key_resp_8.keys,key_resp_8.rt,trials_2.thisRepN,trials_2.thisTrialN,trials_2.thisN,trials_2.thisIndex,trials_2.ran,imageFile,corrAns,mouse_4.x,mouse_4.y,mouse_4.leftButton,mouse_4.midButton,mouse_4.rightButton,mouse_4.clicked_name,key_resp_12.keys,key_resp_12.rt
space,2.6234,space,21.6137,space,1.4767,space,1.9647, her sister in law,-0.220052083,-0.122395833,1,0,0,Submit,0,0,0,0,1,1,"The next 2 sections are parts of a story told by Missy Keast. 
After each section you will be asked questions. 
Respond as best as you can. 
Press the space bar to continue.",MakingNoisePart1small.mp4,"Who did Missy go to the mall with? Please type your response below. If you are not sure, make your best guess.",C17,001,2022-04-01_15h35.38.067,ASLTestBattery1,2021.2.3,Win32,59.9268892,,,,,,,,,,,,,,,,,,,,,,,,,,,,,,,,
,,,,,,space,1.4884, She did not know that when you use the toilet that other people can hear. she was embarassed and was careful to try to pee quieter til she realized who cares,-0.256510417,-0.145833333,1,0,0,Submit,0,1,1,1,1,2,Press spacebar to continue,MakingNoisePart2small.mp4,"The title of this short story is - Making Noise. In 1-2 sentences, please explain why this title was chosen below. If you are not sure, make your best guess.",C17,001,2022-04-01_15h35.38.067,ASLTestBattery1,2021.2.3,Win32,59.9268892,,,,,,,,,,,,,,,,,,,,,,,,,,,,,,,,
,,,,,,space,2.9751, teaching assl at the sign language center,-0.20703125,-0.139322917,1,0,0,Submit,0,2,2,2,1,3,"The next few clips are parts of an interview conducted by Joel Barish and Jamil Haque. 
After each section you will be asked questions. 
Respond as best as you can. 
Press the space bar to continue.",DNInterviewBornInNYsmall.mp4,"What is Jamil's job? Please type your response below. If you are not sure, make your best guess.",C17,001,2022-04-01_15h35.38.067,ASLTestBattery1,2021.2.3,Win32,59.9268892,,,,,,,,,,,,,,,,,,,,,,,,,,,,,,,,
,,,,,,space,0.9761,bangladesh,-0.204427083,-0.15234375,1,0,0,Submit,0,3,3,3,1,4,Press spacebar to continue,DNInterviewSignForBangladeshsmall.mp4,"Where was Jamil born? Please type your response below. If you are not sure, make your best guess.",C17,001,2022-04-01_15h35.38.067,ASLTestBattery1,2021.2.3,Win32,59.9268892,,,,,,,,,,,,,,,,,,,,,,,,,,,,,,,,
,,,,,,space,3.8599,dont know that sign,-0.2890625,-0.1484375,1,0,0,Submit,0,4,4,4,1,5,"The next few clips are parts of an interview conducted by Melissa Keomoungkhoun, Amanda Kline, & Jenny Cooper. 
After each section you will be asked questions.
Respond as best as you can.
Press spacebar to continue.",SweetsAndDrinksPart1.mp4,Where was Melissa Born?,C17,001,2022-04-01_15h35.38.067,ASLTestBattery1,2021.2.3,Win32,59.9268892,,,,,,,,,,,,,,,,,,,,,,,,,,,,,,,,
,,,,,,space,4.522, date swirl,-0.272135417,-0.12890625,1,0,0,Submit,0,5,5,5,1,6,Press spacebar to continue,SweetsAndDrinksPart2.mp4,What kind of cookie was shown in the video?,C17,001,2022-04-01_15h35.38.067,ASLTestBattery1,2021.2.3,Win32,59.9268892,,,,,,,,,,,,,,,,,,,,,,,,,,,,,,,,
,,,,,,,,,,,,,,,,,,,,6,,3BlackFoodBirthdaysmall.mp4,,C17,001,2022-04-01_15h35.38.067,ASLTestBattery1,2021.2.3,Win32,59.9268892,space,6.5636,space,1.8806,space,2.7717,space,6.491,"[-0.265625,-0.07421875,-0.7200520833333334]","[-0.0703125,0.18880208333333334,-0.2265625]","[1,1,1]","[0,0,0]","[0,0,0]","[2.1272999999523563,3.2167999999522863,5.121899999976222]","[""purse"",""store"",""balloon""]",space,5.6311,0,0,0,5,1,ASLCompStim6.jpg,,,,,,,,,
,,,,,,,,,,,,,,,,,,,,1,,3PonyCakeBirthdaysmall.mp4,,C17,001,2022-04-01_15h35.38.067,ASLTestBattery1,2021.2.3,Win32,59.9268892,,,,,,,space,6.6401,"[-0.7994791666666666,-0.0703125,-0.7552083333333334,-0.265625]","[0.296875,0.1875,-0.17838541666666666,-0.16927083333333334]","[1,1,1,1]","[0,0,0,0]","[0,0,0,0]","[2.8928000000714746,4.116899999976113,5.2029999999999745,6.522899999976175]","[""dog"",""store"",""balloon"",""purse""]",space,4.3205,0,1,1,0,1,ASLCompStim1.jpg,,,,,,,,,
,,,,,,,,,,,,,,,,,,,,3,,3BaldBirthdayHospitalsmall.mp4,,C17,001,2022-04-01_15h35.38.067,ASLTestBattery1,2021.2.3,Win32,59.9268892,,,,,,,space,7.8993,"[0.30859375,-0.71484375,0.5182291666666666]","[-0.041666666666666664,-0.2578125,-0.22135416666666666]","[1,1,1]","[0,0,0]","[0,0,0]","[3.2322999999523745,5.098899999976197,6.670699999928502]","[""bike"",""balloon"",""hospital""]",space,2.0931,0,2,2,2,1,ASLCompStim3.jpg,,,,,,,,,
,,,,,,,,,,,,,,,,,,,,5,,3PonySnackBikesmall.mp4,,C17,001,2022-04-01_15h35.38.067,ASLTestBattery1,2021.2.3,Win32,59.9268892,,,,,,,space,6.1216,"[-0.8489583333333334,-0.032552083333333336,0.2760416666666667]","[0.3268229166666667,0.19010416666666666,0.005208333333333333]","[1,1,1]","[0,0,0]","[0,0,0]","[2.4883999999761954,3.85089999997615,4.986399999976243]","[""dog"",""store"",""bike""]",space,2.5363,0,3,3,4,1,ASLCompStim5.jpg,,,,,,,,,
,,,,,,,,,,,,,,,,,,,,2,,3BlackBlueBirthdaysmall.mp4,,C17,001,2022-04-01_15h35.38.067,ASLTestBattery1,2021.2.3,Win32,59.9268892,,,,,,,space,6.0514,"[0.8125,-0.78515625,-0.7473958333333334]","[0.2955729166666667,0.3307291666666667,-0.23697916666666666]","[1,1,1]","[0,0,0]","[0,0,0]","[1.5239000000952956,3.3377000000476755,4.819999999999936]","[""flower"",""dog"",""balloon""]",space,2.0875,0,4,4,1,1,ASLCompStim2.jpg,,,,,,,,,
,,,,,,,,,,,,,,,,,,,,4,,3BlondHospitalFoodsmall.mp4,,C17,001,2022-04-01_15h35.38.067,ASLTestBattery1,2021.2.3,Win32,59.9268892,,,,,,,space,7.0389,"[-0.2669270833333333,0.5520833333333334,0.029947916666666668]","[-0.059895833333333336,-0.13671875,0.14583333333333334]","[1,1,1]","[0,0,0]","[0,0,0]","[1.6732000000475864,4.595299999952317,5.530100000023822]","[""purse"",""hospital"",""store""]",space,2.1045,0,5,5,3,1,ASLCompStim4.jpg,,,,,,,,,
,,,,,,,,,,,,,,,,,,,,,,,,C17,001,2022-04-01_15h35.38.067,ASLTestBattery1,2021.2.3,Win32,59.9268892,,,,,,,,,,,,,,,,,,,,,,,,,-0.321614583,-0.171875,1,0,0,Yes,space,1.9759
