﻿key_resp_15.keys,key_resp_15.rt,key_resp_4.keys,key_resp_4.rt,key_resp_17.keys,key_resp_17.rt,key_resp_2.keys,key_resp_2.rt,typedWord,mouse.x,mouse.y,mouse.leftButton,mouse.midButton,mouse.rightButton,mouse.clicked_name,trials.thisRepN,trials.thisTrialN,trials.thisN,trials.thisIndex,trials.ran,index,itemText,videoFile,itemPrompt,participant,session,date,expName,psychopyVersion,OS,frameRate,key_resp.keys,key_resp.rt,key_resp_3.keys,key_resp_3.rt,key_resp_5.keys,key_resp_5.rt,key_resp_7.keys,key_resp_7.rt,mouse_2.x,mouse_2.y,mouse_2.leftButton,mouse_2.midButton,mouse_2.rightButton,mouse_2.time,mouse_2.clicked_name,key_resp_8.keys,key_resp_8.rt,trials_2.thisRepN,trials_2.thisTrialN,trials_2.thisN,trials_2.thisIndex,trials_2.ran,imageFile,corrAns,mouse_4.x,mouse_4.y,mouse_4.leftButton,mouse_4.midButton,mouse_4.rightButton,mouse_4.clicked_name,key_resp_12.keys,key_resp_12.rt
space,6.7277,space,25.9388,space,2.0857,space,144.5764, Her brother and sister in law,-0.203125,-0.173177083,1,0,0,Submit,0,0,0,0,1,1,"The next 2 sections are parts of a story told by Missy Keast. 
After each section you will be asked questions. 
Respond as best as you can. 
Press the space bar to continue.",MakingNoisePart1small.mp4,"Who did Missy go to the mall with? Please type your response below. If you are not sure, make your best guess.",C17,001,2022-03-26_21h00.19.332,ASLTestBattery1,2021.2.3,Win32,59.95563283,,,,,,,,,,,,,,,,,,,,,,,,,,,,,,,,
,,,,,,space,1.5519, She never knew that when you use the bathroom that the urine makes noise going into the water. After being careful for many years to make less noise she finally realized that iit doesnapostrophet matter what other people think,-0.1484375,-0.134114583,1,0,0,Submit,0,1,1,1,1,2,Press spacebar to continue,MakingNoisePart2small.mp4,"The title of this short story is - Making Noise. In 1-2 sentences, please explain why this title was chosen below. If you are not sure, make your best guess.",C17,001,2022-03-26_21h00.19.332,ASLTestBattery1,2021.2.3,Win32,59.95563283,,,,,,,,,,,,,,,,,,,,,,,,,,,,,,,,
,,,,,,space,54.2107, He works as asl teacher,-0.212239583,-0.114583333,1,0,0,Submit,0,2,2,2,1,3,"The next few clips are parts of an interview conducted by Joel Barish and Jamil Haque. 
After each section you will be asked questions. 
Respond as best as you can. 
Press the space bar to continue.",DNInterviewBornInNYsmall.mp4,"What is Jamil's job? Please type your response below. If you are not sure, make your best guess.",C17,001,2022-03-26_21h00.19.332,ASLTestBattery1,2021.2.3,Win32,59.95563283,,,,,,,,,,,,,,,,,,,,,,,,,,,,,,,,
,,,,,,space,1.5563, Bangladesh,-0.265625,-0.138020833,1,0,0,Submit,0,3,3,3,1,4,Press spacebar to continue,DNInterviewSignForBangladeshsmall.mp4,"Where was Jamil born? Please type your response below. If you are not sure, make your best guess.",C17,001,2022-03-26_21h00.19.332,ASLTestBattery1,2021.2.3,Win32,59.95563283,,,,,,,,,,,,,,,,,,,,,,,,,,,,,,,,
,,,,,,space,5.9212, I dont know that sign,-0.140625,-0.141927083,1,0,0,Submit,0,4,4,4,1,5,"The next few clips are parts of an interview conducted by Melissa Keomoungkhoun, Amanda Kline, & Jenny Cooper. 
After each section you will be asked questions.
Respond as best as you can.
Press spacebar to continue.",SweetsAndDrinksPart1.mp4,Where was Melissa Born?,C17,001,2022-03-26_21h00.19.332,ASLTestBattery1,2021.2.3,Win32,59.95563283,,,,,,,,,,,,,,,,,,,,,,,,,,,,,,,,
,,,,,,space,1.4262, date swirl,-0.22265625,-0.143229167,1,0,0,Submit,0,5,5,5,1,6,Press spacebar to continue,SweetsAndDrinksPart2.mp4,What kind of cookie was shown in the video?,C17,001,2022-03-26_21h00.19.332,ASLTestBattery1,2021.2.3,Win32,59.95563283,,,,,,,,,,,,,,,,,,,,,,,,,,,,,,,,
,,,,,,,,,,,,,,,,,,,,3,,3BaldBirthdayHospitalsmall.mp4,,C17,001,2022-03-26_21h00.19.332,ASLTestBattery1,2021.2.3,Win32,59.95563283,space,8.4148,space,5.2573,space,1.533,space,12.275,"[0.2981770833333333,-0.765625,0.5221354166666666]","[-0.07552083333333333,-0.20572916666666666,-0.16015625]","[1,1,1]","[0,0,0]","[0,0,0]","[6.500899999976127,8.235099999964177,9.867999999999938]","[""bike"",""balloon"",""hospital""]",space,9.6822,0,0,0,2,1,ASLCompStim3.jpg,,,,,,,,,
,,,,,,,,,,,,,,,,,,,,6,,3BlackFoodBirthdaysmall.mp4,,C17,001,2022-03-26_21h00.19.332,ASLTestBattery1,2021.2.3,Win32,59.95563283,,,,,,,space,39.3207,"[0.78515625,0,0.53515625,-0.7604166666666666]","[0.2942708333333333,0.13671875,0.08984375,0.2734375]","[1,1,1,1]","[0,0,0,0]","[0,0,0,0]","[12.383399999976291,22.291699999988168,32.26859999996441,37.19119999998816]","[""flower"",""store"",""dog""]",space,5.727,0,1,1,5,1,ASLCompStim6.jpg,,,,,,,,,
,,,,,,,,,,,,,,,,,,,,5,,3PonySnackBikesmall.mp4,,C17,001,2022-03-26_21h00.19.332,ASLTestBattery1,2021.2.3,Win32,59.95563283,,,,,,,space,5.594,"[-0.7565104166666666,0.041666666666666664,0.3033854166666667]","[0.25,0.15234375,-0.10026041666666667]","[1,1,1]","[0,0,0]","[0,0,0]","[1.8708999999762455,3.682899999976371,4.806199999988166]","[""dog"",""store"",""bike""]",space,1.7713,0,2,2,4,1,ASLCompStim5.jpg,,,,,,,,,
,,,,,,,,,,,,,,,,,,,,2,,3BlackBlueBirthdaysmall.mp4,,C17,001,2022-03-26_21h00.19.332,ASLTestBattery1,2021.2.3,Win32,59.95563283,,,,,,,space,7.7935,"[0.81640625,-0.7109375,-0.2877604166666667]","[0.29296875,0.32421875,-0.05078125]","[1,1,1]","[0,0,0]","[0,0,0]","[2.8877000000477437,4.763400000035745,6.430100000023913]","[""flower"",""dog"",""purse""]",space,5.44,0,3,3,1,1,ASLCompStim2.jpg,,,,,,,,,
,,,,,,,,,,,,,,,,,,,,4,,3BlondHospitalFoodsmall.mp4,,C17,001,2022-03-26_21h00.19.332,ASLTestBattery1,2021.2.3,Win32,59.95563283,,,,,,,space,7.324,"[-0.2747395833333333,0.5221354166666666,0.029947916666666668]","[-0.07421875,-0.18359375,0.15234375]","[1,1,1]","[0,0,0]","[0,0,0]","[3.2124999999998636,5.080499999999802,5.998099999964097]","[""purse"",""hospital"",""store""]",space,2.2667,0,4,4,3,1,ASLCompStim4.jpg,,,,,,,,,
,,,,,,,,,,,,,,,,,,,,1,,3PonyCakeBirthdaysmall.mp4,,C17,001,2022-03-26_21h00.19.332,ASLTestBattery1,2021.2.3,Win32,59.95563283,,,,,,,space,5.5677,"[-0.2942708333333333,0.03125,-0.72265625]","[-0.06380208333333333,0.11588541666666667,-0.22005208333333334]","[1,1,1]","[0,0,0]","[0,0,0]","[2.974599999964312,3.7339999999999236,4.792399999976169]","[""purse"",""store"",""balloon""]",space,6.7233,0,5,5,0,1,ASLCompStim1.jpg,,,,,,,,,
,,,,,,,,,,,,,,,,,,,,,,,,C17,001,2022-03-26_21h00.19.332,ASLTestBattery1,2021.2.3,Win32,59.95563283,,,,,,,,,,,,,,,,,,,,,,,,,-0.21484375,-0.157552083,1,0,0,Yes,space,2.2437
