﻿key_resp_13.keys,key_resp_13.rt,key_resp_16.keys,key_resp_16.rt,key_resp_17.keys,key_resp_17.rt,mouse_5.x,mouse_5.y,mouse_5.leftButton,mouse_5.midButton,mouse_5.rightButton,mouse_5.clicked_name,typedWord,trials_4.thisRepN,trials_4.thisTrialN,trials_4.thisN,trials_4.thisIndex,trials_4.ran,index,videoFile,itemPrompt,participant,session,date,expName,psychopyVersion,OS,frameRate,key_resp_9.keys,key_resp_9.rt,key_resp_18.keys,key_resp_18.rt,resp.x,resp.y,resp.leftButton,resp.midButton,resp.rightButton,resp.clicked_name,MatchLoop.thisRepN,MatchLoop.thisTrialN,MatchLoop.thisN,MatchLoop.thisIndex,MatchLoop.ran,imageDrawn,corrAns,plausibility,match,animacy,mouse_4.x,mouse_4.y,mouse_4.leftButton,mouse_4.midButton,mouse_4.rightButton,mouse_4.clicked_name,key_resp_12.keys,key_resp_12.rt
space,3.5942,space,1.1065,space,1.0406,0.071614583,-0.1171875,1,0,0,Submit1, berry,0,0,0,2,1,3,FSBerry.mp4,,C17,001,2022-04-06_23h41.52.883,ASLTestBattery2,2021.2.3,Win32,59.94125757,,,,,,,,,,,,,,,,,,,,,,,,,,,,
,,,,,,0.0703125,-0.12890625,1,0,0,Submit1, vanilla,0,1,1,9,1,10,FSVanilla.mp4,,C17,001,2022-04-06_23h41.52.883,ASLTestBattery2,2021.2.3,Win32,59.94125757,,,,,,,,,,,,,,,,,,,,,,,,,,,,
,,,,,,0.069010417,-0.130208333,1,0,0,Submit1,pizza,0,2,2,8,1,9,FSPizza.mp4,,C17,001,2022-04-06_23h41.52.883,ASLTestBattery2,2021.2.3,Win32,59.94125757,,,,,,,,,,,,,,,,,,,,,,,,,,,,
,,,,,,0.0625,-0.134114583,1,0,0,Submit1,books,0,3,3,3,1,4,FSBooks.mp4,,C17,001,2022-04-06_23h41.52.883,ASLTestBattery2,2021.2.3,Win32,59.94125757,,,,,,,,,,,,,,,,,,,,,,,,,,,,
,,,,,,0.0625,-0.134114583,1,0,0,Submit1,hill,0,4,4,6,1,7,FSHill.mp4,,C17,001,2022-04-06_23h41.52.883,ASLTestBattery2,2021.2.3,Win32,59.94125757,,,,,,,,,,,,,,,,,,,,,,,,,,,,
,,,,,,0.059895833,-0.135416667,1,0,0,Submit1,glass,0,5,5,5,1,6,FSGlass.mp4,,C17,001,2022-04-06_23h41.52.883,ASLTestBattery2,2021.2.3,Win32,59.94125757,,,,,,,,,,,,,,,,,,,,,,,,,,,,
,,,,,,0.061197917,-0.13671875,1,0,0,Submit1,algebra,0,6,6,0,1,1,FSAlgebra.mp4,,C17,001,2022-04-06_23h41.52.883,ASLTestBattery2,2021.2.3,Win32,59.94125757,,,,,,,,,,,,,,,,,,,,,,,,,,,,
,,,,,,0.061197917,-0.13671875,1,0,0,Submit1,ice,0,7,7,7,1,8,FSIce.mp4,,C17,001,2022-04-06_23h41.52.883,ASLTestBattery2,2021.2.3,Win32,59.94125757,,,,,,,,,,,,,,,,,,,,,,,,,,,,
,,,,,,0.061197917,-0.13671875,1,0,0,Submit1,feet,0,8,8,4,1,5,FSFeet.mp4,,C17,001,2022-04-06_23h41.52.883,ASLTestBattery2,2021.2.3,Win32,59.94125757,,,,,,,,,,,,,,,,,,,,,,,,,,,,
,,,,,,0.059895833,-0.13671875,1,0,0,Submit1,apricot,0,9,9,1,1,2,FSAndroid.mp4,,C17,001,2022-04-06_23h41.52.883,ASLTestBattery2,2021.2.3,Win32,59.94125757,,,,,,,,,,,,,,,,,,,,,,,,,,,,
,,,,space,1.4591,,,,,,,,,,,,,3,28AppleCarryClown.mp4,,C17,001,2022-04-06_23h41.52.883,ASLTestBattery2,2021.2.3,Win32,59.94125757,space,1.2346,space,3.5306,-0.233072917,-0.138020833,1,0,0,Y,0,0,0,2,1,28_clown_carry_apple.jpg,N,reversed,mismatch,inanimate,,,,,,,,
,,,,,,,,,,,,,,,,,,19,89MomCarryOrange.mp4,,C17,001,2022-04-06_23h41.52.883,ASLTestBattery2,2021.2.3,Win32,59.94125757,,,,,0.126302083,-0.174479167,1,0,0,N,0,1,1,18,1,89_mom_carry_orange.jpg,Y,canonical,match,inanimate,,,,,,,,
,,,,,,,,,,,,,,,,,,15,82EggDrawMom.mp4,,C17,001,2022-04-06_23h41.52.883,ASLTestBattery2,2021.2.3,Win32,59.94125757,,,,,-0.192708333,-0.12890625,1,0,0,Y,0,2,2,14,1,82_egg_draw_mom.jpg,Y,reversed,match,inanimate,,,,,,,,
,,,,,,,,,,,,,,,,,,4,29DadKickTable.mp4,,C17,001,2022-04-06_23h41.52.883,ASLTestBattery2,2021.2.3,Win32,59.94125757,,,,,-0.25390625,-0.147135417,1,0,0,Y,0,3,3,3,1,29_dad_kick_table.jpg,Y,canonical,match,inanimate,,,,,,,,
,,,,,,,,,,,,,,,,,,9,73ClownPushTV.mp4,,C17,001,2022-04-06_23h41.52.883,ASLTestBattery2,2021.2.3,Win32,59.94125757,,,,,-0.251302083,-0.147135417,1,0,0,Y,0,4,4,8,1,73_clown_push_tv.jpg,Y,canonical,match,inanimate,,,,,,,,
,,,,,,,,,,,,,,,,,,20,91SheepKickApple.mp4,,C17,001,2022-04-06_23h41.52.883,ASLTestBattery2,2021.2.3,Win32,59.94125757,,,,,0.29296875,-0.149739583,1,0,0,N,0,5,5,19,1,91_apple_kick_sheep.jpg,N,canonical,mismatch,inanimate,,,,,,,,
,,,,,,,,,,,,,,,,,,5,30ChairKickGirl.mp4,,C17,001,2022-04-06_23h41.52.883,ASLTestBattery2,2021.2.3,Win32,59.94125757,,,,,-0.313802083,-0.14453125,1,0,0,Y,0,6,6,4,1,30_chair_kick_girl.jpg,Y,reversed,match,inanimate,,,,,,,,
,,,,,,,,,,,,,,,,,,17,85BoyDrawTV.mp4,,C17,001,2022-04-06_23h41.52.883,ASLTestBattery2,2021.2.3,Win32,59.94125757,,,,,-0.313802083,-0.143229167,1,0,0,Y,0,7,7,16,1,85_boy_draw_tv.jpg,Y,canonical,match,inanimate,,,,,,,,
,,,,,,,,,,,,,,,,,,8,72ChairPushGirl.mp4,,C17,001,2022-04-06_23h41.52.883,ASLTestBattery2,2021.2.3,Win32,59.94125757,,,,,0.15625,-0.154947917,1,0,0,N,0,8,8,7,1,72_girl_push_chair.jpg,N,reversed,mismatch,inanimate,,,,,,,,
,,,,,,,,,,,,,,,,,,6,32DoorKickCow.mp4,,C17,001,2022-04-06_23h41.52.883,ASLTestBattery2,2021.2.3,Win32,59.94125757,,,,,0.276041667,-0.141927083,1,0,0,N,0,9,9,5,1,32_cow_kick_door.jpg,N,reversed,mismatch,inanimate,,,,,,,,
,,,,,,,,,,,,,,,,,,18,87MomBiteCookie.mp4,,C17,001,2022-04-06_23h41.52.883,ASLTestBattery2,2021.2.3,Win32,59.94125757,,,,,0.294270833,-0.15625,1,0,0,N,0,10,10,17,1,87_cookie_bite_woman.jpg,N,canonical,mismatch,inanimate,,,,,,,,
,,,,,,,,,,,,,,,,,,7,71ManPushTree.mp4,,C17,001,2022-04-06_23h41.52.883,ASLTestBattery2,2021.2.3,Win32,59.94125757,,,,,0.2734375,-0.147135417,1,0,0,N,0,11,11,6,1,71_tree_push_man.jpg,N,canonical,mismatch,inanimate,,,,,,,,
,,,,,,,,,,,,,,,,,,14,79GirlEatCandy.mp4,,C17,001,2022-04-06_23h41.52.883,ASLTestBattery2,2021.2.3,Win32,59.94125757,,,,,0.2734375,-0.147135417,1,0,0,N,0,12,12,13,1,79_candy_eat_girl.jpg,N,canonical,mismatch,inanimate,,,,,,,,
,,,,,,,,,,,,,,,,,,16,40ChairPaintDad.mp4,,C17,001,2022-04-06_23h41.52.883,ASLTestBattery2,2021.2.3,Win32,59.94125757,,,,,0.279947917,-0.145833333,1,0,0,N,0,13,13,15,1,40_dad_paint_chair.jpg,N,reversed,mismatch,inanimate,,,,,,,,
,,,,,,,,,,,,,,,,,,11,76ChocolateEatBoy.mp4,,C17,001,2022-04-06_23h41.52.883,ASLTestBattery2,2021.2.3,Win32,59.94125757,,,,,0.278645833,-0.141927083,1,0,0,N,0,14,14,10,1,76_boy_eat_chocolate.jpg,N,reversed,mismatch,inanimate,,,,,,,,
,,,,,,,,,,,,,,,,,,12,77DogEatBone.mp4,,C17,001,2022-04-06_23h41.52.883,ASLTestBattery2,2021.2.3,Win32,59.94125757,,,,,-0.27734375,-0.1484375,1,0,0,Y,0,15,15,11,1,77_dog_eat_bone.jpg,Y,canonical,match,inanimate,,,,,,,,
,,,,,,,,,,,,,,,,,,2,27BoyCarryEgg.mp4,,C17,001,2022-04-06_23h41.52.883,ASLTestBattery2,2021.2.3,Win32,59.94125757,,,,,0.229166667,-0.130208333,1,0,0,N,0,16,16,1,1,27_egg_carry_boy.jpg,N,canonical,mismatch,inanimate,,,,,,,,
,,,,,,,,,,,,,,,,,,13,78GrassEatRabbit.mp4,,C17,001,2022-04-06_23h41.52.883,ASLTestBattery2,2021.2.3,Win32,59.94125757,,,,,-0.3203125,-0.147135417,1,0,0,Y,0,17,17,12,1,78_grass_eat_rabbit.jpg,Y,reversed,match,inanimate,,,,,,,,
,,,,,,,,,,,,,,,,,,1,26CookieCarryDad.mp4,,C17,001,2022-04-06_23h41.52.883,ASLTestBattery2,2021.2.3,Win32,59.94125757,,,,,-0.270833333,-0.173177083,1,0,0,Y,0,18,18,0,1,26_cookie_carry_dad.jpg,Y,reversed,match,inanimate,,,,,,,,
,,,,,,,,,,,,,,,,,,10,74TablePushTeacher.mp4,,C17,001,2022-04-06_23h41.52.883,ASLTestBattery2,2021.2.3,Win32,59.94125757,,,,,-0.287760417,-0.147135417,1,0,0,Y,0,19,19,9,1,74_table_push_teacher.jpg,Y,reversed,match,inanimate,,,,,,,,
,,,,,,,,,,,,,,,,,,,,,C17,001,2022-04-06_23h41.52.883,ASLTestBattery2,2021.2.3,Win32,59.94125757,,,,,,,,,,,,,,,,,,,,,-0.299479167,-0.149739583,1,0,0,Yes,space,2.6098
