﻿key_resp_13.keys,key_resp_13.rt,key_resp_16.keys,key_resp_16.rt,key_resp_17.keys,key_resp_17.rt,mouse_5.x,mouse_5.y,mouse_5.leftButton,mouse_5.midButton,mouse_5.rightButton,mouse_5.clicked_name,typedWord,trials_4.thisRepN,trials_4.thisTrialN,trials_4.thisN,trials_4.thisIndex,trials_4.ran,index,videoFile,itemPrompt,participant,session,date,expName,psychopyVersion,OS,frameRate,key_resp_9.keys,key_resp_9.rt,key_resp_18.keys,key_resp_18.rt,resp.x,resp.y,resp.leftButton,resp.midButton,resp.rightButton,resp.clicked_name,MatchLoop.thisRepN,MatchLoop.thisTrialN,MatchLoop.thisN,MatchLoop.thisIndex,MatchLoop.ran,imageDrawn,corrAns,plausibility,match,animacy,mouse_4.x,mouse_4.y,mouse_4.leftButton,mouse_4.midButton,mouse_4.rightButton,mouse_4.clicked_name,key_resp_12.keys,key_resp_12.rt
space,3.2512,space,0.562,space,1.1414,0.234795193,-0.178901774,1,0,0,Submit1, snl,0,0,0,6,1,7,FSHill.mp4,,H03,001,2022-05-11_12h46.33.137,ASLTestBattery2,2021.2.3,MacIntel,59.99880002,,,,,,,,,,,,,,,,,,,,,,,,,,,,
,,,,,,0.075139499,-0.171866523,1,0,0,Submit1,boy,0,1,1,2,1,3,FSBerry.mp4,,H03,001,2022-05-11_12h46.33.137,ASLTestBattery2,2021.2.3,MacIntel,59.99880002,,,,,,,,,,,,,,,,,,,,,,,,,,,,
,,,,,,0.075139499,-0.171866523,0,0,0,,toes,0,2,2,3,1,4,FSBooks.mp4,,H03,001,2022-05-11_12h46.33.137,ASLTestBattery2,2021.2.3,MacIntel,59.99880002,,,,,,,,,,,,,,,,,,,,,,,,,,,,
,,,,,,0.075139499,-0.171866523,0,0,0,,toss,0,3,3,5,1,6,FSGlass.mp4,,H03,001,2022-05-11_12h46.33.137,ASLTestBattery2,2021.2.3,MacIntel,59.99880002,,,,,,,,,,,,,,,,,,,,,,,,,,,,
,,,,,,0.008331502,0.021033054,0,0,0,,car,0,4,4,8,1,9,FSPizza.mp4,,H03,001,2022-05-11_12h46.33.137,ASLTestBattery2,2021.2.3,MacIntel,59.99880002,,,,,,,,,,,,,,,,,,,,,,,,,,,,
,,,,,,0.008331502,0.021033054,0,0,0,,word,0,5,5,1,1,2,FSAndroid.mp4,,H03,001,2022-05-11_12h46.33.137,ASLTestBattery2,2021.2.3,MacIntel,59.99880002,,,,,,,,,,,,,,,,,,,,,,,,,,,,
,,,,,,0.008331502,0.021033054,0,0,0,,laura,0,6,6,0,1,1,FSAlgebra.mp4,,H03,001,2022-05-11_12h46.33.137,ASLTestBattery2,2021.2.3,MacIntel,59.99880002,,,,,,,,,,,,,,,,,,,,,,,,,,,,
,,,,,,0.008331502,0.021033054,0,0,0,,ik,0,7,7,7,1,8,FSIce.mp4,,H03,001,2022-05-11_12h46.33.137,ASLTestBattery2,2021.2.3,MacIntel,59.99880002,,,,,,,,,,,,,,,,,,,,,,,,,,,,
,,,,,,0.008331502,0.021033054,0,0,0,,first,0,8,8,4,1,5,FSFeet.mp4,,H03,001,2022-05-11_12h46.33.137,ASLTestBattery2,2021.2.3,MacIntel,59.99880002,,,,,,,,,,,,,,,,,,,,,,,,,,,,
,,,,,,0.008331502,0.021033054,0,0,0,,really,0,9,9,9,1,10,FSVanilla.mp4,,H03,001,2022-05-11_12h46.33.137,ASLTestBattery2,2021.2.3,MacIntel,59.99880002,,,,,,,,,,,,,,,,,,,,,,,,,,,,
,,,,space,3.2934,,,,,,,,,,,,,20,91SheepKickApple.mp4,,H03,001,2022-05-11_12h46.33.137,ASLTestBattery2,2021.2.3,MacIntel,59.99880002,space,1.9675,space,1.1328,0.410247531,-0.127774862,1,0,0,N,0,0,0,19,1,91_apple_kick_sheep.jpg,N,canonical,mismatch,inanimate,,,,,,,,
,,,,,,,,,,,,,,,,,,14,79GirlEatCandy.mp4,,H03,001,2022-05-11_12h46.33.137,ASLTestBattery2,2021.2.3,MacIntel,59.99880002,,,,,-0.204401855,-0.108870171,1,0,0,Y,0,1,1,13,1,79_candy_eat_girl.jpg,N,canonical,mismatch,inanimate,,,,,,,,
,,,,,,,,,,,,,,,,,,9,73ClownPushTV.mp4,,H03,001,2022-05-11_12h46.33.137,ASLTestBattery2,2021.2.3,MacIntel,59.99880002,,,,,-0.161707425,-0.187749702,1,0,0,Y,0,2,2,8,1,73_clown_push_tv.jpg,Y,canonical,match,inanimate,,,,,,,,
,,,,,,,,,,,,,,,,,,3,28AppleCarryClown.mp4,,H03,001,2022-05-11_12h46.33.137,ASLTestBattery2,2021.2.3,MacIntel,59.99880002,,,,,-0.343323534,-0.179395074,1,0,0,Y,0,3,3,2,1,28_clown_carry_apple.jpg,N,reversed,mismatch,inanimate,,,,,,,,
,,,,,,,,,,,,,,,,,,18,87MomBiteCookie.mp4,,H03,001,2022-05-11_12h46.33.137,ASLTestBattery2,2021.2.3,MacIntel,59.99880002,,,,,0.112173326,-0.145462714,1,0,0,N,0,4,4,17,1,87_cookie_bite_woman.jpg,N,canonical,mismatch,inanimate,,,,,,,,
,,,,,,,,,,,,,,,,,,11,76ChocolateEatBoy.mp4,,H03,001,2022-05-11_12h46.33.137,ASLTestBattery2,2021.2.3,MacIntel,59.99880002,,,,,0.172214423,-0.196306288,1,0,0,N,0,5,5,10,1,76_boy_eat_chocolate.jpg,N,reversed,mismatch,inanimate,,,,,,,,
,,,,,,,,,,,,,,,,,,12,77DogEatBone.mp4,,H03,001,2022-05-11_12h46.33.137,ASLTestBattery2,2021.2.3,MacIntel,59.99880002,,,,,-0.255119934,-0.155133735,1,0,0,Y,0,6,6,11,1,77_dog_eat_bone.jpg,Y,canonical,match,inanimate,,,,,,,,
,,,,,,,,,,,,,,,,,,2,27BoyCarryEgg.mp4,,H03,001,2022-05-11_12h46.33.137,ASLTestBattery2,2021.2.3,MacIntel,59.99880002,,,,,0.052183974,-0.161417101,1,0,0,N,0,7,7,1,1,27_egg_carry_boy.jpg,N,canonical,mismatch,inanimate,,,,,,,,
,,,,,,,,,,,,,,,,,,8,72ChairPushGirl.mp4,,H03,001,2022-05-11_12h46.33.137,ASLTestBattery2,2021.2.3,MacIntel,59.99880002,,,,,-0.235533142,-0.134197388,1,0,0,Y,0,8,8,7,1,72_girl_push_chair.jpg,N,reversed,mismatch,inanimate,,,,,,,,
,,,,,,,,,,,,,,,,,,10,74TablePushTeacher.mp4,,H03,001,2022-05-11_12h46.33.137,ASLTestBattery2,2021.2.3,MacIntel,59.99880002,,,,,-0.13191664,-0.155198568,1,0,0,Y,0,9,9,9,1,74_table_push_teacher.jpg,Y,reversed,match,inanimate,,,,,,,,
,,,,,,,,,,,,,,,,,,7,71ManPushTree.mp4,,H03,001,2022-05-11_12h46.33.137,ASLTestBattery2,2021.2.3,MacIntel,59.99880002,,,,,0.130700548,-0.166411608,1,0,0,N,0,10,10,6,1,71_tree_push_man.jpg,N,canonical,mismatch,inanimate,,,,,,,,
,,,,,,,,,,,,,,,,,,19,89MomCarryOrange.mp4,,H03,001,2022-05-11_12h46.33.137,ASLTestBattery2,2021.2.3,MacIntel,59.99880002,,,,,0.140424737,-0.149231364,1,0,0,N,0,11,11,18,1,89_mom_carry_orange.jpg,Y,canonical,match,inanimate,,,,,,,,
,,,,,,,,,,,,,,,,,,13,78GrassEatRabbit.mp4,,H03,001,2022-05-11_12h46.33.137,ASLTestBattery2,2021.2.3,MacIntel,59.99880002,,,,,-0.25563975,-0.119225193,1,0,0,Y,0,12,12,12,1,78_grass_eat_rabbit.jpg,Y,reversed,match,inanimate,,,,,,,,
,,,,,,,,,,,,,,,,,,17,85BoyDrawTV.mp4,,H03,001,2022-05-11_12h46.33.137,ASLTestBattery2,2021.2.3,MacIntel,59.99880002,,,,,-0.092169529,-0.180619575,1,0,0,Y,0,13,13,16,1,85_boy_draw_tv.jpg,Y,canonical,match,inanimate,,,,,,,,
,,,,,,,,,,,,,,,,,,16,40ChairPaintDad.mp4,,H03,001,2022-05-11_12h46.33.137,ASLTestBattery2,2021.2.3,MacIntel,59.99880002,,,,,-0.138386976,-0.138779975,1,0,0,Y,0,14,14,15,1,40_dad_paint_chair.jpg,N,reversed,mismatch,inanimate,,,,,,,,
,,,,,,,,,,,,,,,,,,4,29DadKickTable.mp4,,H03,001,2022-05-11_12h46.33.137,ASLTestBattery2,2021.2.3,MacIntel,59.99880002,,,,,0.088841281,-0.141025119,1,0,0,N,0,15,15,3,1,29_dad_kick_table.jpg,Y,canonical,match,inanimate,,,,,,,,
,,,,,,,,,,,,,,,,,,6,32DoorKickCow.mp4,,H03,001,2022-05-11_12h46.33.137,ASLTestBattery2,2021.2.3,MacIntel,59.99880002,,,,,-0.221246541,-0.176974691,1,0,0,Y,0,16,16,5,1,32_cow_kick_door.jpg,N,reversed,mismatch,inanimate,,,,,,,,
,,,,,,,,,,,,,,,,,,5,30ChairKickGirl.mp4,,H03,001,2022-05-11_12h46.33.137,ASLTestBattery2,2021.2.3,MacIntel,59.99880002,,,,,-0.126225993,-0.210430501,1,0,0,Y,0,17,17,4,1,30_chair_kick_girl.jpg,Y,reversed,match,inanimate,,,,,,,,
,,,,,,,,,,,,,,,,,,1,26CookieCarryDad.mp4,,H03,001,2022-05-11_12h46.33.137,ASLTestBattery2,2021.2.3,MacIntel,59.99880002,,,,,-0.277870856,-0.133676419,1,0,0,Y,0,18,18,0,1,26_cookie_carry_dad.jpg,Y,reversed,match,inanimate,,,,,,,,
,,,,,,,,,,,,,,,,,,15,82EggDrawMom.mp4,,H03,001,2022-05-11_12h46.33.137,ASLTestBattery2,2021.2.3,MacIntel,59.99880002,,,,,-0.176616753,-0.130610012,1,0,0,Y,0,19,19,14,1,82_egg_draw_mom.jpg,Y,reversed,match,inanimate,,,,,,,,
,,,,,,,,,,,,,,,,,,,,,H03,001,2022-05-11_12h46.33.137,ASLTestBattery2,2021.2.3,MacIntel,59.99880002,,,,,,,,,,,,,,,,,,,,,-0.191113078,-0.158677165,1,0,0,Yes,space,2.0453
