﻿key_resp_13.keys,key_resp_13.rt,key_resp_16.keys,key_resp_16.rt,key_resp_17.keys,key_resp_17.rt,mouse_5.x,mouse_5.y,mouse_5.leftButton,mouse_5.midButton,mouse_5.rightButton,mouse_5.clicked_name,typedWord,trials_4.thisRepN,trials_4.thisTrialN,trials_4.thisN,trials_4.thisIndex,trials_4.ran,index,videoFile,itemPrompt,participant,session,date,expName,psychopyVersion,OS,frameRate,key_resp_9.keys,key_resp_9.rt,key_resp_18.keys,key_resp_18.rt,resp.x,resp.y,resp.leftButton,resp.midButton,resp.rightButton,resp.clicked_name,MatchLoop.thisRepN,MatchLoop.thisTrialN,MatchLoop.thisN,MatchLoop.thisIndex,MatchLoop.ran,imageDrawn,corrAns,plausibility,match,animacy,mouse_4.x,mouse_4.y,mouse_4.leftButton,mouse_4.midButton,mouse_4.rightButton,mouse_4.clicked_name,key_resp_12.keys,key_resp_12.rt
space,3.2708,space,1.9475,space,0.6602,-0.040740741,-0.147222222,1,0,0,Submit1, why,0,0,0,8,1,9,FSPizza.mp4,,H09,001,2022-04-28_21h58.24.405,ASLTestBattery2,2021.2.3,Win32,119.8035222,,,,,,,,,,,,,,,,,,,,,,,,,,,,
,,,,,,-0.032407407,-0.15,1,0,0,Submit1,,0,1,1,5,1,6,FSGlass.mp4,,H09,001,2022-04-28_21h58.24.405,ASLTestBattery2,2021.2.3,Win32,119.8035222,,,,,,,,,,,,,,,,,,,,,,,,,,,,
,,,,,,-0.032407407,-0.15,1,0,0,Submit1,,0,2,2,4,1,5,FSFeet.mp4,,H09,001,2022-04-28_21h58.24.405,ASLTestBattery2,2021.2.3,Win32,119.8035222,,,,,,,,,,,,,,,,,,,,,,,,,,,,
,,,,,,-0.033333333,-0.163888889,1,0,0,Submit1,,0,3,3,0,1,1,FSAlgebra.mp4,,H09,001,2022-04-28_21h58.24.405,ASLTestBattery2,2021.2.3,Win32,119.8035222,,,,,,,,,,,,,,,,,,,,,,,,,,,,
,,,,,,-0.031481481,-0.172222222,1,0,0,Submit1,,0,4,4,7,1,8,FSIce.mp4,,H09,001,2022-04-28_21h58.24.405,ASLTestBattery2,2021.2.3,Win32,119.8035222,,,,,,,,,,,,,,,,,,,,,,,,,,,,
,,,,,,-0.033333333,-0.178703704,1,0,0,Submit1,viola,0,5,5,9,1,10,FSVanilla.mp4,,H09,001,2022-04-28_21h58.24.405,ASLTestBattery2,2021.2.3,Win32,119.8035222,,,,,,,,,,,,,,,,,,,,,,,,,,,,
,,,,,,0.008333333,-0.177777778,1,0,0,Submit1,vowel,0,6,6,1,1,2,FSAndroid.mp4,,H09,001,2022-04-28_21h58.24.405,ASLTestBattery2,2021.2.3,Win32,119.8035222,,,,,,,,,,,,,,,,,,,,,,,,,,,,
,,,,,,0.008333333,-0.177777778,1,0,0,Submit1,,0,7,7,3,1,4,FSBooks.mp4,,H09,001,2022-04-28_21h58.24.405,ASLTestBattery2,2021.2.3,Win32,119.8035222,,,,,,,,,,,,,,,,,,,,,,,,,,,,
,,,,,,0.014814815,-0.175,1,0,0,Submit1,cool,0,8,8,6,1,7,FSHill.mp4,,H09,001,2022-04-28_21h58.24.405,ASLTestBattery2,2021.2.3,Win32,119.8035222,,,,,,,,,,,,,,,,,,,,,,,,,,,,
,,,,,,0.022222222,-0.177777778,1,0,0,Submit1,key,0,9,9,2,1,3,FSBerry.mp4,,H09,001,2022-04-28_21h58.24.405,ASLTestBattery2,2021.2.3,Win32,119.8035222,,,,,,,,,,,,,,,,,,,,,,,,,,,,
,,,,space,0.7873,,,,,,,,,,,,,15,82EggDrawMom.mp4,,H09,001,2022-04-28_21h58.24.405,ASLTestBattery2,2021.2.3,Win32,119.8035222,space,0.2006,space,1.4385,0.055555556,-0.163888889,1,0,0,N,0,0,0,14,1,82_egg_draw_mom.jpg,Y,reversed,match,inanimate,,,,,,,,
,,,,,,,,,,,,,,,,,,5,30ChairKickGirl.mp4,,H09,001,2022-04-28_21h58.24.405,ASLTestBattery2,2021.2.3,Win32,119.8035222,,,,,0.061111111,-0.160185185,1,0,0,N,0,1,1,4,1,30_chair_kick_girl.jpg,Y,reversed,match,inanimate,,,,,,,,
,,,,,,,,,,,,,,,,,,2,27BoyCarryEgg.mp4,,H09,001,2022-04-28_21h58.24.405,ASLTestBattery2,2021.2.3,Win32,119.8035222,,,,,-0.082407407,-0.193518519,1,0,0,Y,0,2,2,1,1,27_egg_carry_boy.jpg,N,canonical,mismatch,inanimate,,,,,,,,
,,,,,,,,,,,,,,,,,,20,91SheepKickApple.mp4,,H09,001,2022-04-28_21h58.24.405,ASLTestBattery2,2021.2.3,Win32,119.8035222,,,,,0.172222222,-0.168518519,1,0,0,N,0,3,3,19,1,91_apple_kick_sheep.jpg,N,canonical,mismatch,inanimate,,,,,,,,
,,,,,,,,,,,,,,,,,,7,71ManPushTree.mp4,,H09,001,2022-04-28_21h58.24.405,ASLTestBattery2,2021.2.3,Win32,119.8035222,,,,,-0.117592593,-0.171296296,1,0,0,Y,0,4,4,6,1,71_tree_push_man.jpg,N,canonical,mismatch,inanimate,,,,,,,,
,,,,,,,,,,,,,,,,,,11,76ChocolateEatBoy.mp4,,H09,001,2022-04-28_21h58.24.405,ASLTestBattery2,2021.2.3,Win32,119.8035222,,,,,-0.125925926,-0.152777778,1,0,0,Y,0,5,5,10,1,76_boy_eat_chocolate.jpg,N,reversed,mismatch,inanimate,,,,,,,,
,,,,,,,,,,,,,,,,,,6,32DoorKickCow.mp4,,H09,001,2022-04-28_21h58.24.405,ASLTestBattery2,2021.2.3,Win32,119.8035222,,,,,-0.124074074,-0.163888889,1,0,0,Y,0,6,6,5,1,32_cow_kick_door.jpg,N,reversed,mismatch,inanimate,,,,,,,,
,,,,,,,,,,,,,,,,,,14,79GirlEatCandy.mp4,,H09,001,2022-04-28_21h58.24.405,ASLTestBattery2,2021.2.3,Win32,119.8035222,,,,,-0.090740741,-0.172222222,1,0,0,Y,0,7,7,13,1,79_candy_eat_girl.jpg,N,canonical,mismatch,inanimate,,,,,,,,
,,,,,,,,,,,,,,,,,,1,26CookieCarryDad.mp4,,H09,001,2022-04-28_21h58.24.405,ASLTestBattery2,2021.2.3,Win32,119.8035222,,,,,-0.118518519,-0.165740741,1,0,0,Y,0,8,8,0,1,26_cookie_carry_dad.jpg,Y,reversed,match,inanimate,,,,,,,,
,,,,,,,,,,,,,,,,,,3,28AppleCarryClown.mp4,,H09,001,2022-04-28_21h58.24.405,ASLTestBattery2,2021.2.3,Win32,119.8035222,,,,,-0.100925926,-0.15,1,0,0,Y,0,9,9,2,1,28_clown_carry_apple.jpg,N,reversed,mismatch,inanimate,,,,,,,,
,,,,,,,,,,,,,,,,,,17,85BoyDrawTV.mp4,,H09,001,2022-04-28_21h58.24.405,ASLTestBattery2,2021.2.3,Win32,119.8035222,,,,,0.115740741,-0.169444444,1,0,0,N,0,10,10,16,1,85_boy_draw_tv.jpg,Y,canonical,match,inanimate,,,,,,,,
,,,,,,,,,,,,,,,,,,9,73ClownPushTV.mp4,,H09,001,2022-04-28_21h58.24.405,ASLTestBattery2,2021.2.3,Win32,119.8035222,,,,,-0.092592593,-0.17037037,1,0,0,Y,0,11,11,8,1,73_clown_push_tv.jpg,Y,canonical,match,inanimate,,,,,,,,
,,,,,,,,,,,,,,,,,,4,29DadKickTable.mp4,,H09,001,2022-04-28_21h58.24.405,ASLTestBattery2,2021.2.3,Win32,119.8035222,,,,,0.122222222,-0.173148148,1,0,0,N,0,12,12,3,1,29_dad_kick_table.jpg,Y,canonical,match,inanimate,,,,,,,,
,,,,,,,,,,,,,,,,,,18,87MomBiteCookie.mp4,,H09,001,2022-04-28_21h58.24.405,ASLTestBattery2,2021.2.3,Win32,119.8035222,,,,,-0.067592593,-0.175925926,1,0,0,Y,0,13,13,17,1,87_cookie_bite_woman.jpg,N,canonical,mismatch,inanimate,,,,,,,,
,,,,,,,,,,,,,,,,,,16,40ChairPaintDad.mp4,,H09,001,2022-04-28_21h58.24.405,ASLTestBattery2,2021.2.3,Win32,119.8035222,,,,,-0.09537037,-0.184259259,1,0,0,Y,0,14,14,15,1,40_dad_paint_chair.jpg,N,reversed,mismatch,inanimate,,,,,,,,
,,,,,,,,,,,,,,,,,,10,74TablePushTeacher.mp4,,H09,001,2022-04-28_21h58.24.405,ASLTestBattery2,2021.2.3,Win32,119.8035222,,,,,-0.102777778,-0.187037037,1,0,0,Y,0,15,15,9,1,74_table_push_teacher.jpg,Y,reversed,match,inanimate,,,,,,,,
,,,,,,,,,,,,,,,,,,13,78GrassEatRabbit.mp4,,H09,001,2022-04-28_21h58.24.405,ASLTestBattery2,2021.2.3,Win32,119.8035222,,,,,-0.102777778,-0.186111111,1,0,0,Y,0,16,16,12,1,78_grass_eat_rabbit.jpg,Y,reversed,match,inanimate,,,,,,,,
,,,,,,,,,,,,,,,,,,12,77DogEatBone.mp4,,H09,001,2022-04-28_21h58.24.405,ASLTestBattery2,2021.2.3,Win32,119.8035222,,,,,-0.102777778,-0.186111111,1,0,0,Y,0,17,17,11,1,77_dog_eat_bone.jpg,Y,canonical,match,inanimate,,,,,,,,
,,,,,,,,,,,,,,,,,,19,89MomCarryOrange.mp4,,H09,001,2022-04-28_21h58.24.405,ASLTestBattery2,2021.2.3,Win32,119.8035222,,,,,-0.1,-0.178703704,1,0,0,Y,0,18,18,18,1,89_mom_carry_orange.jpg,Y,canonical,match,inanimate,,,,,,,,
,,,,,,,,,,,,,,,,,,8,72ChairPushGirl.mp4,,H09,001,2022-04-28_21h58.24.405,ASLTestBattery2,2021.2.3,Win32,119.8035222,,,,,-0.1,-0.178703704,1,0,0,Y,0,19,19,7,1,72_girl_push_chair.jpg,N,reversed,mismatch,inanimate,,,,,,,,
,,,,,,,,,,,,,,,,,,,,,H09,001,2022-04-28_21h58.24.405,ASLTestBattery2,2021.2.3,Win32,119.8035222,,,,,,,,,,,,,,,,,,,,,-0.1,-0.178703704,1,0,0,Yes,space,2.6508
